Customer ID,Age,Gender,Item Purchased,Category,Purchase Amount (USD),Location,Size,Color,Season,Review Rating,Subscription Status,Shipping Type,Discount Applied,Promo Code Used,Previous Purchases,Payment Method,Frequency of Purchases
1,55.0,M,Shirt,Clothing,4031,Pune,L,Gray,Winter,3.1,Yes,Express,Yes,Yes,14,Cash,Fortnightly
2,19.0,Female,Kurta,Clothing,4945,varanasi,L,Maroon,Winter,3.1,Yes,Express,Yes,Yes,2,Cash,Fortnightly
3,50.0,Female,Saree,Clothing,5460, Surat ,S,Maroon,Spring,3.1,Yes,Free Shipping,Yes,Yes,23,Net Banking,Weekly
4,21.0,Male,Shoes,Footwear,6894,CHANDIGARH,M,Maroon,Spring,3.5,Yes,Next Day Air,Yes,Yes,49,GOOGLE PAY,Weekly
5,45.0,Male,Jeans,Clothing,3874, Ahmedabad ,M,Turquoise,Spring,2.7,Yes,Free Shipping,Yes,Yes,31,Debit Card,Annually
6,46.0,Male,Shoes,Footwear,1506,Pune  ,M,White,Summer,2.9,Yes,Standard,Yes,Yes,14,Credit Card,Weekly
7,63.0,Male,Trousers,Clothing,6520,AGRA,M,Gray,Fall,3.2,Yes,Free Shipping,Yes,Yes,49,Net Banking,Quarterly
8,27.0,M,Lehenga,Clothing,2521,Chandigarh  ,L,Charcoal,Winter,3.2,Yes,Free Shipping,Yes,Yes,19,Credit Card,Weekly
9,26.0,Female,Coat,Outerwear,7344,Chandigarh,L,Silver,Summer,2.6,Yes,Express,Yes,Yes,8,Cash,Annually
10,57.0,Male,Backpack,Accessories,2345,HYDERABAD,M,Pink,Spring,4.8,Yes,2-Day Shipping,Yes,Yes,4,Google Pay,Quarterly
11,53.0,Male,Mojaris,Footwear,2501,Ahmedabad,L,Purple,Fall,4.1,Yes,Store Pickup,Yes,Yes,26,Cash,Bi-Weekly
12,30.0,Female,Lehenga,Clothing,5010, Bengaluru ,S,Olive,Winter,4.9,Yes,Store Pickup,Yes,Yes,10,cash,Fortnightly
13,61.0,Male,Coat,Outerwear,5382,Mumbai,M,Gold,Winter,4.5,Yes,Express,Yes,Yes,37,PAYTM,Fortnightly
14,65.0,F,Jeans,Clothing,4023,bhopal,M,Violet,Spring,4.7,Yes,Express,Yes,Yes,31,PAYTM,Weekly
15,64.0,Male,Coat,Outerwear,4113,kolkata,L,Teal,Winter,4.7,Yes,Free Shipping,Yes,Yes,34,Google Pay,Weekly
16,64.0,Male,Kurti,Clothing,5946,,M,Teal,Winter,2.8,Yes,Store Pickup,Yes,Yes,8,google pay,Monthly
17,25.0,Female,Watch,Accessories,2885,DELHI,S,Gray,Spring,4.1,Yes,Next Day Air,Yes,Yes,44,Paytm,Bi-Weekly
18,53.0,Female,Jeans,Clothing,2932,bhopal,XL,Lavender,Winter,4.7,Yes,2-Day Shipping,Yes,Yes,36,PAYTM,Quarterly
19,,male,Jeans,Clothing,3473,Bhopal,S,Black,Summer,4.6,Yes,Free Shipping,Yes,Yes,17,Paytm,Weekly
20,66.0,Female,Jeans,Clothing,6904,Nagpur,M,Green,Summer,3.3,Yes,Standard,Yes,Yes,46,Paytm,Bi-Weekly
21,21.0,Female,Jacket,Clothing,3839,Lucknow,M,Black,Winter,2.8,Yes,Express,Yes,Yes,50,Debit Card,Every 3 Months
22,31.0,M,T-Shirt,Clothing,4777,Indore,M,Charcoal,Winter,4.1,Yes,Store Pickup,Yes,Yes,22,DEBIT CARD,Quarterly
23,56.0,Male,Shirt,Clothing,2597,SURAT,M,Peach,Summer,3.2,Yes,Store Pickup,Yes,Yes,32, Cash ,Annually
24,31.0,Other,Jeans,Clothing,6467,surat,XL,White,Winter,4.4,Yes,Express,Yes,Yes,40,PhonePe,Weekly
25,18.0,Male,Jacket,Outerwear,1847, Agra ,M,Green,Fall,2.9,Yes,Store Pickup,Yes,Yes,16,Cash,Weekly
26,18.0,Female,Ethnic Top,Clothing,2047,bhopal,M,Silver,Summer,3.6,Yes,Express,Yes,Yes,14,Google Pay,Annually
27,38.0,Female,Handbag,Accessories,1661,Varanasi  ,M,Red,Spring,3.6,Yes,Next Day Air,Yes,Yes,13,UPI,Annually
28,56.0,F,T-Shirt,Clothing,4092,Bengaluru  ,L,Cyan,Summer,5.0,Yes,Next Day Air,Yes,Yes,7,Phone Pay,Every 3 Months
29,54.0,Male,Handbag,Accessories,7170, Chennai ,M,Gray,Fall,4.4,Yes,Free Shipping,Yes,Yes,41,UPI,Every 3 Months
30,31.0,Male,Lehenga,Clothing,3723, Agra ,S,Black,Fall,4.1,Yes,Store Pickup,Yes,Yes,14,UPI,Weekly
31,57.0,Female,Backpack,Accessories,2508,Pune,L,Black,Winter,4.7,Yes,Standard,Yes,Yes,16,Credit Card,Monthly
32,33.0,Male,T-Shirt,Clothing,5787,Jaipur,L,Brown,Winter,4.7,Yes,Store Pickup,Yes,Yes,45, Net Banking ,Monthly
33,36.0,M,Jacket,Outerwear,5048, Pune ,M,Silver,Summer,,Yes,Free Shipping,Yes,Yes,37,Google Pay,Annually
34,54.0,Male,Shirt,Clothing,2874,Vadodara,L,Green,Summer,3.3,Yes,Store Pickup,Yes,Yes,45,Debit Card,Quarterly
35,36.0,Male,Ethnic Top,Clothing,6993,Hyderabad,L,Violet,Spring,4.6,Yes,2-Day Shipping,Yes,Yes,38,PhonePe,Quarterly
36,54.0,Female,Lehenga,Clothing,2620, Kochi ,M,Cyan,Summer,4.0,Yes,2-Day Shipping,Yes,Yes,48,CASH,Bi-Weekly
37,35.0,Male,Trousers,Clothing,5311, Vadodara ,M,Maroon,Winter,4.6,Yes,Free Shipping,Yes,Yes,44, Google Pay ,Fortnightly
38,35.0,Female,T-Shirt,Clothing,3277,Jaipur  ,S,Cyan,Summer,2.8,Yes,Store Pickup,Yes,Yes,10,Paytm,Weekly
39,29.0,Male,T-Shirt,Clothing,2789,Mumbai,M,Red,Winter,,Yes,2-Day Shipping,Yes,Yes,44,GOOGLE PAY,Every 3 Months
40,70.0,Female,Saree,Clothing,4491,Varanasi,S,Turquoise,Summer,4.2,Yes,Express,Yes,Yes,18,upi,Monthly
41,69.0,M,Scarf,Accessories,5659,SURAT,L,Beige,Winter,4.6,Yes,Next Day Air,Yes,Yes,31,Debit Card,Quarterly
42,67.0,Female,Wallet,Accessories,3096, Pune ,M,Orange,Spring,4.5,Yes,Standard,Yes,Yes,40, Paytm ,Annually
43,20.0,F,Coat,Outerwear,7506,Bhopal,M,Beige,Spring,4.1,Yes,Free Shipping,Yes,Yes,15,Google Pay,Annually
44,25.0,Male,Belt,Accessories,5243,Ahmedabad  ,L,Lavender,Fall,3.7,Yes,Store Pickup,Yes,Yes,19,Google Pay,Fortnightly
45,39.0,F,Wallet,Accessories,3968,surat,S,Silver,Summer,4.6,Yes,Free Shipping,Yes,Yes,45,Debit Card,Weekly
46,50.0,Male,Jeans,Clothing,1754,Bengaluru,XL,Indigo,Fall,2.9,Yes,2-Day Shipping,Yes,Yes,25, UPI ,Annually
47,57.0,female,Saree,Clothing,3176,Kochi,L,White,Summer,2.9,Yes,Store Pickup,Yes,Yes,45,Cash,Quarterly
48,55.0,F,Wallet,Accessories,4086,Nagpur,M,Charcoal,Winter,4.5,Yes,Free Shipping,Yes,Yes,36,Paytm,Weekly
49,,Female,Shirt,Clothing,4012,Hyderabad,M,Orange,Summer,2.7,Yes,Store Pickup,Yes,Yes,38,UPI,Monthly
50,68.0,Other,Kurti,Clothing,2060,Vadodara,S,Indigo,Spring,,Yes,Next Day Air,Yes,Yes,34, Debit Card ,Bi-Weekly
51,49.0,Male,Kurti,Clothing,2086, Ahmedabad ,M,Red,Spring,,Yes,Store Pickup,Yes,Yes,39,GOOGLE PAY,Bi-Weekly
52,59.0,Male,Trousers,Clothing,4438,Hyderabad,XL,Gray,Winter,4.7,Yes,2-Day Shipping,Yes,Yes,7,Cash,Quarterly
53,42.0,M,Shirt,Clothing,1314,mumbai,M,Green,Summer,2.6,Yes,Free Shipping,Yes,Yes,26,Phone Pay,Weekly
54,29.0,Male,T-Shirt,Clothing,1865,Kolkata,S,Peach,Winter,3.9,Yes,Next Day Air,Yes,Yes,35,PhonePe,Weekly
55,47.0,Female,Coat,Outerwear,7146,,M,Brown,Summer,4.2,Yes,Next Day Air,Yes,Yes,35,Credit Card,Bi-Weekly
56,40.0,Male,Jacket,Outerwear,1972,Hyderabad,M,Lavender,Winter,3.0,Yes,2-Day Shipping,Yes,Yes,49,Net Banking,Annually
57,41.0,Female,Handbag,Accessories,5326,vadodara,XL,Brown,Summer,4.7,Yes,Store Pickup,Yes,Yes,46,Phone Pay,Weekly
58,21.0,Male,Coat,Outerwear,4727,BHOPAL,M,White,Summer,4.4,Yes,Store Pickup,Yes,Yes,17,Debit Card,Fortnightly
59,69.0,Male,Lehenga,Clothing,3877,mumbai,M,Charcoal,Summer,4.2,Yes,Free Shipping,Yes,Yes,29,Net Banking,Monthly
60,63.0,female,Wallet,Accessories,5789,LUCKNOW,L,Yellow,Spring,4.6,Yes,Standard,Yes,Yes,4, Debit Card ,Weekly
61,50.0,Male,Jeans,Clothing,2591,Hyderabad,L,Brown,Summer,4.0,Yes,Express,Yes,Yes,17,Debit Card,Weekly
62,55.0,Female,Backpack,Accessories,5250,Kochi,M,Orange,Winter,4.7,Yes,Store Pickup,Yes,Yes,21,Paytm,Every 3 Months
63,30.0,Male,Sneakers,Footwear,1512,Indore  ,S,Magenta,Spring,3.8,Yes,Free Shipping,Yes,Yes,31,Credit Card,Fortnightly
64,33.0,Female,Handbag,Accessories,6043,surat,L,Lavender,Winter,2.7,Yes,2-Day Shipping,Yes,Yes,43,Paytm,Weekly
65,65.0,Male,Shoes,Footwear,6253,AHMEDABAD,S,Green,Fall,4.8,Yes,Standard,Yes,Yes,18,Cash,Fortnightly
66,65.0,M,Wallet,Accessories,2753,KOCHI,M,Purple,Spring,4.8,Yes,2-Day Shipping,Yes,Yes,44, Net Banking ,Every 3 Months
67,,Female,Kurta,Clothing,7059,ahmedabad,S,Magenta,Winter,4.7,Yes,2-Day Shipping,Yes,Yes,3,phonepe,Every 3 Months
68,45.0,Female,Coat,Outerwear,2568,Indore,L,Gray,Winter,4.4,Yes,Store Pickup,Yes,Yes,49,Cash,Monthly
69,57.0,M,Watch,Accessories,3480,patna,L,Silver,Summer,3.9,Yes,Next Day Air,Yes,Yes,21,net banking,Every 3 Months
70,48.0,male,Shawl,Accessories,5290, Vadodara ,S,Cyan,Summer,4.4,Yes,Express,Yes,Yes,5,Net Banking,Weekly
71,22.0,M,Handbag,Accessories,2044,SURAT,M,Magenta,Fall,,Yes,Express,Yes,Yes,32,phonepe,Every 3 Months
1764,37.0,Male,Shawl,Accessories,7154,Chennai,M,Lavender,Winter,3.9,No,Store Pickup,No,No,28,Debit Card,Annually
73,18.0,Female,Shirt,Clothing,1953,Jaipur  ,M,Olive,Winter,2.9,Yes,Store Pickup,Yes,Yes,21,paytm,Every 3 Months
74,48.0,F,Trousers,Clothing,6227,Surat,M,Teal,Spring,2.7,Yes,Free Shipping,Yes,Yes,43,UPI,Bi-Weekly
75,49.0,M,Cap,Accessories,4524,patna,L,Violet,Spring,4.5,Yes,Express,Yes,Yes,3,Cash,Monthly
76,64.0,Male,Sunglasses,Accessories,6504,DELHI,M,Blue,Summer,2.7,Yes,Free Shipping,Yes,Yes,21,GOOGLE PAY,Annually
77,50.0,Female,Watch,Accessories,3078, Pune ,S,Teal,Summer,4.2,Yes,Free Shipping,Yes,Yes,32,Paytm,Monthly
78,22.0,Male,Jeans,Clothing,4050,jaipur,L,Gold,Summer,3.3,Yes,Next Day Air,Yes,Yes,36,Net Banking,Fortnightly
79,50.0,Female,Kurta,Clothing,6959,delhi,M,Maroon,Spring,4.7,Yes,Free Shipping,Yes,Yes,50,Debit Card,Fortnightly
80,38.0,Male,Jacket,Outerwear,7030,Bhopal,M,Olive,Winter,2.6,Yes,2-Day Shipping,Yes,Yes,43,Credit Card,Every 3 Months
81,19.0,female,Mojaris,Footwear,5334,Ahmedabad,XL,Blue,Summer,,Yes,Store Pickup,Yes,Yes,24,Cash,Every 3 Months
82,67.0,Male,Shoes,Footwear,7057,Chandigarh,L,Maroon,Summer,,Yes,Express,Yes,Yes,36,Paytm,Every 3 Months
83,19.0,Female,T-Shirt,Clothing,2004, Agra ,S,Olive,Spring,4.0,Yes,2-Day Shipping,Yes,Yes,21,Credit Card,Every 3 Months
84,36.0,Male,Saree,Clothing,3065, Nagpur ,M,Turquoise,Summer,4.1,Yes,Standard,Yes,Yes,34, Cash ,Weekly
85,52.0,Male,Coat,Outerwear,2209,Ahmedabad  ,S,Peach,Spring,4.4,Yes,Standard,Yes,Yes,42,Credit Card,Every 3 Months
86,53.0,Female,Shawl,Accessories,7177,Bengaluru,M,Charcoal,Winter,4.5,Yes,Next Day Air,Yes,Yes,2,Cash,Bi-Weekly
87,24.0,Male,Ethnic Top,Clothing,3169,Bengaluru,L,Pink,Spring,3.7,Yes,2-Day Shipping,Yes,Yes,47,PhonePe,Bi-Weekly
88,52.0,Male,,Footwear,3930,delhi,M,Green,Fall,3.7,Yes,2-Day Shipping,Yes,Yes,44,upi,Fortnightly
89,33.0,Male,Kurta,Clothing,3482,Chennai  ,M,Orange,Fall,3.5,Yes,Free Shipping,Yes,Yes,35,Cash,Monthly
90,47.0,Male,Jacket,Outerwear,6061, Lucknow ,XL,Pink,Fall,3.6,Yes,Next Day Air,Yes,Yes,15,Net Banking,Quarterly
91,25.0,Female,Watch,Accessories,3518,Pune,L,Violet,Summer,2.9,Yes,Express,Yes,Yes,29,Paytm,Monthly
92,44.0,female,Sunglasses,Accessories,7291,Jaipur,S,Green,Winter,4.6,Yes,Standard,Yes,Yes,18,upi,Every 3 Months
93,61.0,male,Jacket,Outerwear,6566,Pune  ,M,Olive,Winter,4.4,Yes,2-Day Shipping,Yes,Yes,13,CREDIT CARD,Every 3 Months
94,37.0,Female,Saree,Clothing,4748,JAIPUR,M,Purple,Fall,4.5,Yes,Standard,Yes,Yes,46,PhonePe,Weekly
95,58.0,male,T-Shirt,Clothing,5712,Ahmedabad,S,Silver,Spring,4.6,Yes,Free Shipping,Yes,Yes,28,Cash,Weekly
96,37.0,Female,Mojaris,Footwear,7607,BHOPAL,L,Pink,Fall,3.8,Yes,Free Shipping,Yes,Yes,48,UPI,Monthly
97,32.0,Other,Handbag,Accessories,5375, Mumbai ,S,Gold,Spring,,Yes,Express,Yes,Yes,43,Google Pay,Every 3 Months
98,21.0,Female,Slippers,Footwear,6755,DELHI,M,Teal,Winter,4.8,Yes,Store Pickup,Yes,Yes,37,credit card,Annually
99,20.0,Male,Jacket,Clothing,5156,Indore,XL,Teal,Spring,2.6,Yes,Next Day Air,Yes,Yes,20,Google Pay,Annually
100,26.0,Male,Ethnic Top,Clothing,3123,chennai,XL,Indigo,Summer,3.7,Yes,Express,Yes,Yes,33,Debit Card,Quarterly
101,62.0,male,Cap,Accessories,7388, Bengaluru ,M,Maroon,Fall,2.7,Yes,Express,Yes,Yes,31, UPI ,Fortnightly
102,27.0,Male,Coat,Outerwear,6567,Bhopal,XL,White,Spring,4.6,Yes,Express,Yes,Yes,50, UPI ,Bi-Weekly
103,51.0,Female,Lehenga,Clothing,5055,ahmedabad,L,Violet,Winter,4.8,Yes,Next Day Air,Yes,Yes,35,UPI,Quarterly
104,54.0,Male,Boots,Footwear,6836,Bengaluru  ,L,Red,Winter,4.0,Yes,Next Day Air,Yes,Yes,22,DEBIT CARD,Bi-Weekly
105,55.0,F,Sunglasses,Accessories,1980, Delhi ,L,Pink,Spring,4.4,Yes,2-Day Shipping,Yes,Yes,1,Net Banking,Monthly
106,69.0,M,Wallet,Accessories,7091,BENGALURU,M,Charcoal,Fall,3.6,Yes,Next Day Air,Yes,Yes,4,Paytm,Annually
107,64.0,Female,Jacket,Outerwear,2703,Chennai,L,White,Summer,3.7,Yes,Standard,Yes,Yes,31,Credit Card,Monthly
108,28.0,female,Sneakers,Footwear,4933,SURAT,L,Olive,Winter,3.1,Yes,Next Day Air,Yes,Yes,46, Credit Card ,Fortnightly
109,70.0,Female,Lehenga,Clothing,6041,Kochi  ,L,Purple,Spring,3.4,Yes,Next Day Air,Yes,Yes,32,CASH,Bi-Weekly
110,58.0,Female,Saree,Clothing,6342,Bengaluru,M,Violet,Spring,2.6,Yes,Next Day Air,Yes,Yes,43,Cash,Fortnightly
111,56.0,Other,Handbag,Accessories,2049,Delhi,M,Black,Summer,4.0,Yes,Standard,Yes,Yes,26,Cash,Fortnightly
112,26.0,Male,Watch,Accessories,5642,Chennai,L,Purple,Summer,5.0,Yes,Free Shipping,Yes,Yes,9, Credit Card ,Annually
113,37.0,female,Wallet,Accessories,4896,kochi,M,Red,Spring,4.3,Yes,Free Shipping,Yes,Yes,28, Paytm ,Bi-Weekly
114,44.0,Male,Cap,Accessories,4010,PUNE,L,Maroon,Winter,3.1,Yes,Next Day Air,Yes,Yes,20,Net Banking,Quarterly
115,70.0,Male,Coat,Outerwear,6940,Jaipur,S,Blue,Summer,3.7,Yes,Store Pickup,Yes,Yes,9,UPI,Weekly
116,53.0,Male,Kurti,Clothing,7127,Surat  ,M,Gray,Spring,3.8,Yes,Standard,Yes,Yes,48,UPI,Every 3 Months
117,55.0,Female,Sandals,Footwear,6306,Surat,S,Blue,Spring,3.4,Yes,Free Shipping,Yes,Yes,12,Debit Card,Annually
118,50.0,Male,Boots,Footwear,2261,Lucknow,L,Yellow,Summer,4.6,Yes,Express,Yes,Yes,29,Google Pay,Fortnightly
119,50.0,Male,Saree,Clothing,3537,Patna,L,Orange,Fall,4.8,Yes,2-Day Shipping,Yes,Yes,27,Paytm,Bi-Weekly
120,38.0,Male,Coat,Outerwear,5826,Agra  ,M,Orange,Fall,4.3,Yes,Express,Yes,Yes,44,PHONEPE,Annually
121,64.0,Female,Cap,Accessories,6341, Pune ,L,Red,Summer,4.0,Yes,Express,Yes,Yes,32,Paytm,Annually
122,19.0,Male,Shirt,Clothing,5289,Nagpur,M,Olive,Winter,4.2,Yes,Standard,Yes,Yes,11,Debit Card,Fortnightly
123,40.0,Other,Belt,Accessories,2871,Varanasi  ,L,Brown,Spring,4.8,Yes,2-Day Shipping,Yes,Yes,44,Net Banking,Fortnightly
124,57.0,M,,Clothing,6800,hyderabad,L,Brown,Fall,3.1,Yes,Free Shipping,Yes,Yes,46,Google Pay,Weekly
125,44.0,Female,Lehenga,Clothing,6279,Chennai,M,Gray,Spring,3.1,Yes,Next Day Air,Yes,Yes,50,Google Pay,Annually
126,49.0,Female,Lehenga,Clothing,4208,Pune,M,Indigo,Winter,3.6,Yes,Next Day Air,Yes,Yes,45,Cash,Every 3 Months
127,43.0,Female,Ethnic Top,Clothing,2787,Patna  ,L,Pink,Spring,3.9,Yes,Store Pickup,Yes,Yes,48,Cash,Every 3 Months
128,24.0,Female,Lehenga,Clothing,6560,SURAT,M,Gray,Winter,4.8,Yes,Next Day Air,Yes,Yes,26,google pay,Weekly
129,20.0,M,Scarf,Accessories,2433, Chandigarh ,M,Gold,Spring,4.7,Yes,Standard,Yes,Yes,21,UPI,Fortnightly
130,24.0,female,Kurta,Clothing,5059,Hyderabad,XL,Olive,Summer,4.2,Yes,2-Day Shipping,Yes,Yes,49,PhonePe,Bi-Weekly
131,44.0,male,Handbag,Accessories,3037,Patna,L,Violet,Fall,3.7,Yes,Next Day Air,Yes,Yes,13,GOOGLE PAY,Fortnightly
132,28.0,Male,Saree,Clothing,2339,pune,L,Indigo,Summer,3.9,Yes,Standard,Yes,Yes,46,Credit Card,Weekly
133,30.0,Male,Backpack,Accessories,4414,AGRA,M,Orange,Fall,4.7,Yes,2-Day Shipping,Yes,Yes,42,UPI,Weekly
134,52.0,Female,T-Shirt,Clothing,4961,Mumbai,M,Violet,Winter,2.5,Yes,Next Day Air,Yes,Yes,25,Net Banking,Annually
135,43.0,female,Shawl,Accessories,7176, Lucknow ,L,Gray,Fall,4.9,Yes,Store Pickup,Yes,Yes,25,NET BANKING,Monthly
136,43.0,Male,Shoes,Footwear,6267,Patna  ,M,Purple,Fall,4.1,Yes,Express,Yes,Yes,12,PhonePe,Quarterly
137,39.0,Female,Jacket,Clothing,6518,Kolkata,M,White,Winter,3.3,Yes,Free Shipping,Yes,Yes,4, Credit Card ,Quarterly
138,68.0,Male,Boots,Footwear,3210,BHOPAL,M,Turquoise,Spring,4.7,Yes,Free Shipping,Yes,Yes,38,PhonePe,Weekly
139,68.0,Male,Jeans,Clothing,2105,Bhopal,M,Maroon,Winter,4.4,Yes,Store Pickup,Yes,Yes,42,DEBIT CARD,Weekly
140,49.0,Male,Coat,Outerwear,7215,VARANASI,M,White,Fall,3.8,Yes,Store Pickup,Yes,Yes,30,phonepe,Annually
141,63.0,Female,Jeans,Clothing,2176, Chandigarh ,L,Yellow,Fall,3.9,Yes,2-Day Shipping,Yes,Yes,50,Credit Card,Weekly
142,56.0,female,Shawl,Accessories,3569,Pune,M,Turquoise,Fall,4.9,Yes,Free Shipping,Yes,Yes,45,Paytm,Weekly
143,37.0,male,Jacket,Outerwear,4500, Delhi ,L,Violet,Fall,3.1,Yes,Free Shipping,Yes,Yes,33, PhonePe ,Fortnightly
144,30.0,F,Coat,Outerwear,3579,Delhi,M,Beige,Fall,2.7,Yes,Store Pickup,Yes,Yes,25,paytm,Quarterly
145,19.0,Male,Loafers,Footwear,3314,Varanasi,M,Silver,Fall,3.2,Yes,Express,Yes,Yes,25,PhonePe,Monthly
146,24.0,Female,Cap,Accessories,7301, Patna ,M,Teal,Fall,4.5,Yes,Standard,Yes,Yes,44,DEBIT CARD,Quarterly
147,52.0,female,Kurti,Clothing,2212,jaipur,S,Black,Fall,4.0,Yes,Standard,Yes,Yes,21,Credit Card,Fortnightly
148,63.0,Male,Boots,Footwear,4870, Bengaluru ,M,Purple,Summer,3.5,Yes,2-Day Shipping,Yes,Yes,31,PhonePe,Fortnightly
149,37.0,Female,Backpack,Accessories,6925, Pune ,M,Gray,Fall,2.6,Yes,Store Pickup,Yes,Yes,47, Google Pay ,Annually
150,38.0,Female,Kurta,Clothing,5595,KOLKATA,M,White,Summer,,Yes,Free Shipping,Yes,Yes,14,Debit Card,Monthly
151,35.0,Male,Mojaris,Footwear,7261, Ahmedabad ,L,Cyan,Fall,4.9,Yes,Standard,Yes,Yes,17,Google Pay,Every 3 Months
152,28.0,Female,Scarf,Accessories,3689,Jaipur  ,L,Turquoise,Fall,4.5,Yes,Next Day Air,Yes,Yes,3,Net Banking,Annually
153,30.0,Male,,Clothing,6527,Chennai,S,Brown,Summer,4.3,Yes,Express,Yes,Yes,42,Net Banking,Annually
154,69.0,Male,T-Shirt,Clothing,4212,Delhi,M,Maroon,Winter,3.2,Yes,Standard,Yes,Yes,22,Debit Card,Annually
155,41.0,Male,Kurti,Clothing,7232,Agra,M,Charcoal,Fall,3.6,Yes,Next Day Air,Yes,Yes,21,Debit Card,Quarterly
156,63.0,Male,Saree,Clothing,5799,,S,Olive,Spring,4.3,Yes,Free Shipping,Yes,Yes,21,Cash,Quarterly
157,35.0,F,Jeans,Clothing,1972,bhopal,M,Lavender,Fall,4.0,Yes,Standard,Yes,Yes,40,PHONEPE,Annually
158,36.0,Female,Wallet,Accessories,5017,Surat,S,Yellow,Fall,3.0,Yes,Next Day Air,Yes,Yes,1,CREDIT CARD,Fortnightly
159,25.0,Female,Trousers,Clothing,5466,Jaipur  ,XL,Teal,Fall,4.1,Yes,Standard,Yes,Yes,50,CASH,Monthly
160,58.0,,Cap,Accessories,1903,VARANASI,M,Charcoal,Fall,3.8,Yes,Store Pickup,Yes,Yes,39, Credit Card ,Every 3 Months
161,27.0,Male,Shawl,Accessories,1602,Nagpur,M,Orange,Summer,4.6,Yes,Free Shipping,Yes,Yes,34,UPI,Monthly
162,65.0,Male,Wallet,Accessories,3621,Nagpur,M,Olive,Fall,3.0,Yes,Express,Yes,Yes,29,Credit Card,Fortnightly
163,54.0,Male,Handbag,Accessories,5456,Varanasi  ,M,Turquoise,Summer,3.0,Yes,Store Pickup,Yes,Yes,31,paytm,Bi-Weekly
164,54.0,F,Shirt,Clothing,5206,BHOPAL,M,Purple,Summer,3.4,Yes,Standard,Yes,Yes,8,Phone Pay,Weekly
165,59.0,Female,Belt,Accessories,4945,Pune,S,Purple,Spring,2.6,Yes,Free Shipping,Yes,Yes,5,Google Pay,Fortnightly
166,42.0,M,Shawl,Accessories,4689,Mumbai,S,Yellow,Winter,2.8,Yes,Store Pickup,Yes,Yes,7, Credit Card ,Monthly
167,46.0,F,Boots,Footwear,2368,Bengaluru,XL,Indigo,Fall,4.0,Yes,Store Pickup,Yes,Yes,30,google pay,Monthly
168,33.0,Female,Belt,Accessories,1897,Nagpur,M,Green,Fall,4.0,Yes,Express,Yes,Yes,14,upi,Every 3 Months
169,34.0,M,Sneakers,Footwear,6156,Chennai,M,Magenta,Summer,3.0,Yes,Express,Yes,Yes,5,phonepe,Fortnightly
170,27.0,Female,Jacket,Outerwear,2403,Nagpur  ,S,Gold,Summer,3.3,Yes,Standard,Yes,Yes,3,Credit Card,Every 3 Months
171,52.0,Male,Ethnic Top,Clothing,1700,NAGPUR,M,Maroon,Fall,2.6,Yes,Store Pickup,Yes,Yes,46,Cash,Bi-Weekly
172,29.0,Male,Shirt,Clothing,2634,Nagpur,M,Blue,Summer,3.6,Yes,Store Pickup,Yes,Yes,4,google pay,Weekly
173,54.0,M,Cap,Accessories,4916,Mumbai,M,Violet,Summer,3.9,Yes,Next Day Air,Yes,Yes,42,Cash,Bi-Weekly
174,25.0,Male,Handbag,Accessories,3374,Mumbai,M,Turquoise,Fall,3.4,Yes,Standard,Yes,Yes,30, Debit Card ,Annually
175,41.0,Male,Loafers,Footwear,2497,chennai,L,Brown,Winter,3.5,Yes,Express,Yes,Yes,37,Cash,Annually
176,53.0,Male,Coat,Outerwear,6372,delhi,L,Violet,Fall,2.8,Yes,Next Day Air,Yes,Yes,2,Credit Card,Annually
177,53.0,Male,Handbag,Accessories,6183,Delhi,L,Black,Spring,2.7,Yes,Next Day Air,Yes,Yes,30,UPI,Quarterly
178,21.0,Other,Lehenga,Clothing,3133,Agra,L,Magenta,Fall,3.7,Yes,Next Day Air,Yes,Yes,47, Cash ,Monthly
179,61.0,Female,Lehenga,Clothing,3211,Mumbai,L,Lavender,Fall,4.3,Yes,2-Day Shipping,Yes,Yes,21,debit card,Quarterly
180,64.0,Female,Loafers,Footwear,2322,Bhopal,M,Violet,Fall,4.9,Yes,Store Pickup,Yes,Yes,9,Google Pay,Fortnightly
181,51.0,M,Sneakers,Footwear,5952,Kolkata,L,Green,Fall,3.3,Yes,Store Pickup,Yes,Yes,12,Google Pay,Fortnightly
182,32.0,Male,Kurta,Clothing,4722,Hyderabad,M,Beige,Summer,4.7,Yes,Next Day Air,Yes,Yes,4,PhonePe,Weekly
183,38.0,Male,Backpack,Accessories,7185,Chandigarh,XL,Purple,Summer,2.8,Yes,Store Pickup,Yes,Yes,10,cash,Annually
184,58.0,Other,Jacket,Clothing,2318,Nagpur,XL,Beige,Spring,3.6,Yes,2-Day Shipping,Yes,Yes,26,Cash,Weekly
185,32.0,Female,Shoes,Footwear,2527,Kolkata,L,Cyan,Spring,3.0,Yes,Express,Yes,Yes,40,PhonePe,Fortnightly
186,46.0,F,Ethnic Top,Clothing,2212,chennai,XL,Silver,Summer,4.5,Yes,Store Pickup,Yes,Yes,34,Google Pay,Fortnightly
187,39.0,Female,Wallet,Accessories,4298,Varanasi  ,S,Lavender,Summer,2.9,Yes,Standard,Yes,Yes,31, Debit Card ,Annually
188,19.0,Female,Mojaris,Footwear,6925,Mumbai,S,Purple,Spring,3.3,Yes,Store Pickup,Yes,Yes,1,Net Banking,Bi-Weekly
189,50.0,Male,Kurti,Clothing,3825,kolkata,M,Pink,Spring,3.1,Yes,Express,Yes,Yes,5,cash,Bi-Weekly
190,36.0,Male,Trousers,Clothing,6224,chandigarh,M,Maroon,Fall,4.4,Yes,Next Day Air,Yes,Yes,4,Net Banking,Weekly
191,65.0,F,Coat,Outerwear,5198, Indore ,XL,Beige,Fall,3.0,Yes,Free Shipping,Yes,Yes,48,Phone Pay,Quarterly
192,64.0,male,Scarf,Accessories,5718,indore,M,Gray,Fall,3.9,Yes,Free Shipping,Yes,Yes,29,Net Banking,Every 3 Months
193,46.0,male,Slippers,Footwear,2096,delhi,L,Turquoise,Summer,2.9,Yes,Express,Yes,Yes,12,Google Pay,Bi-Weekly
194,36.0,Male,Shawl,Accessories,7510, Jaipur ,S,Silver,Fall,3.0,Yes,Standard,Yes,Yes,29,Debit Card,Annually
195,51.0,Male,Handbag,Accessories,7129,Kolkata,M,Olive,Spring,3.1,Yes,Express,Yes,Yes,15,Paytm,Quarterly
196,51.0,Male,Jacket,Outerwear,1700,Indore  ,M,Magenta,Fall,4.3,Yes,Free Shipping,Yes,Yes,34,credit card,Monthly
197,38.0,F,Sandals,Footwear,6572,bengaluru,M,Lavender,Summer,3.9,Yes,Next Day Air,Yes,Yes,41,Cash,Fortnightly
198,59.0,Female,Watch,Accessories,5805,VARANASI,M,Black,Fall,3.2,Yes,2-Day Shipping,Yes,Yes,41,Paytm,Monthly
199,57.0,Male,Handbag,Accessories,3412,Hyderabad,M,Turquoise,Winter,4.8,Yes,Standard,Yes,Yes,39,PAYTM,Fortnightly
200,54.0,Male,Sunglasses,Accessories,5650, Agra ,XL,Green,Summer,3.8,Yes,Express,Yes,Yes,32,Credit Card,Weekly
201,25.0,Female,,Clothing,4456,Bengaluru,S,Teal,Summer,3.3,Yes,Next Day Air,Yes,Yes,29,google pay,Monthly
202,69.0,male,,Clothing,1805,Agra,S,Beige,Fall,4.3,Yes,Free Shipping,Yes,Yes,15,Net Banking,Annually
203,57.0,M,Shawl,Accessories,2922,Varanasi,L,Magenta,Spring,2.7,Yes,Express,Yes,Yes,33,Google Pay,Annually
204,70.0,Male,Belt,Accessories,2717,pune,S,Yellow,Fall,3.2,Yes,Next Day Air,Yes,Yes,18,PhonePe,Weekly
205,24.0,Male,Boots,Footwear,7343,Varanasi,M,Yellow,Fall,4.0,Yes,Store Pickup,Yes,Yes,35,UPI,Bi-Weekly
206,67.0,F,Saree,Clothing,4660,jaipur,M,Silver,Winter,3.0,Yes,Standard,Yes,Yes,25,GOOGLE PAY,Weekly
207,24.0,Other,Kurta,Clothing,4047,Delhi,L,Silver,Summer,4.2,Yes,Free Shipping,Yes,Yes,6,Net Banking,Fortnightly
208,62.0,Male,Watch,Accessories,6973,Ahmedabad,M,Silver,Summer,2.9,Yes,Express,Yes,Yes,17, Credit Card ,Bi-Weekly
209,57.0,,Kurta,Clothing,2845, Pune ,M,Gold,Spring,4.1,Yes,Store Pickup,Yes,Yes,17,UPI,Monthly
210,55.0,male,Boots,Footwear,7404,vadodara,S,Olive,Winter,3.2,Yes,Store Pickup,Yes,Yes,44,Credit Card,Every 3 Months
211,45.0,Male,Jacket,Outerwear,1772,ahmedabad,L,Teal,Fall,3.0,Yes,2-Day Shipping,Yes,Yes,6,Credit Card,Fortnightly
212,69.0,Female,Kurti,Clothing,6810,Delhi,L,Maroon,Fall,4.2,Yes,2-Day Shipping,Yes,Yes,45,credit card,Fortnightly
213,67.0,Female,Backpack,Accessories,6357,chandigarh,L,Blue,Fall,4.2,Yes,Express,Yes,Yes,7,Cash,Annually
214,30.0,Male,Scarf,Accessories,6863,Vadodara,L,Peach,Fall,4.4,Yes,Store Pickup,Yes,Yes,11,Cash,Every 3 Months
215,24.0,F,Jacket,Outerwear,3747,lucknow,L,Blue,Summer,4.2,Yes,Next Day Air,Yes,Yes,41,UPI,Every 3 Months
216,62.0,Female,Cap,Accessories,4881,Bengaluru,S,Orange,Spring,2.8,Yes,2-Day Shipping,Yes,Yes,24,paytm,Bi-Weekly
217,43.0,Female,Saree,Clothing,4574,Pune,L,Yellow,Spring,3.7,Yes,Free Shipping,Yes,Yes,21,Net Banking,Weekly
218,35.0,Male,Wallet,Accessories,3498,Indore,M,Purple,Winter,3.5,Yes,Next Day Air,Yes,Yes,24,cash,Annually
219,28.0,Male,,Clothing,3201,Indore,S,Magenta,Spring,2.9,Yes,Store Pickup,Yes,Yes,8,Debit Card,Quarterly
220,32.0,Female,Backpack,Accessories,6488,varanasi,M,Cyan,Spring,3.0,Yes,Free Shipping,Yes,Yes,12,Credit Card,Fortnightly
221,39.0,Male,Loafers,Footwear,4220,NAGPUR,S,Indigo,Spring,3.7,Yes,Express,Yes,Yes,48,net banking,Fortnightly
222,28.0,Female,Shawl,Accessories,5081,Mumbai,XL,Magenta,Summer,,Yes,Store Pickup,Yes,Yes,6,cash,Quarterly
223,47.0,female,Belt,Accessories,7106, Delhi ,XL,Gray,Spring,,Yes,2-Day Shipping,Yes,Yes,14,PhonePe,Fortnightly
224,20.0,female,Kurta,Clothing,3063, Indore ,M,Turquoise,Spring,4.8,Yes,Free Shipping,Yes,Yes,34,GPay,Annually
225,63.0,Male,Saree,Clothing,6264,BHOPAL,S,Beige,Summer,2.9,Yes,Free Shipping,Yes,Yes,12,debit card,Every 3 Months
226,25.0,Female,Jacket,Outerwear,1808,chennai,M,Olive,Spring,3.2,Yes,Next Day Air,Yes,Yes,11,Net Banking,Annually
227,29.0,Male,Shoes,Footwear,5736,CHENNAI,L,Violet,Spring,3.3,Yes,Free Shipping,Yes,Yes,5,Google Pay,Monthly
228,50.0,Female,Trousers,Clothing,6745,Jaipur,M,Turquoise,Winter,4.2,Yes,Standard,Yes,Yes,25,Google Pay,Fortnightly
229,18.0,Male,Lehenga,Clothing,6021,jaipur,M,White,Spring,2.9,Yes,Store Pickup,Yes,Yes,11,UPI,Annually
230,70.0,Male,Boots,Footwear,2064,Bengaluru,S,Silver,Spring,4.6,Yes,Next Day Air,Yes,Yes,27,phonepe,Every 3 Months
231,66.0,Female,Cap,Accessories,6706,AGRA,L,Olive,Fall,4.1,Yes,Standard,Yes,Yes,43,PhonePe,Annually
232,28.0,Male,Jeans,Clothing,2020,Indore,M,Blue,Spring,3.1,Yes,2-Day Shipping,Yes,Yes,18,Debit Card,Every 3 Months
233,54.0,Male,Backpack,Accessories,1832, Indore ,L,Purple,Winter,4.2,Yes,Express,Yes,Yes,32,PhonePe,Bi-Weekly
234,19.0,Female,Kurta,Clothing,6062,Bengaluru,XL,Yellow,Fall,4.5,Yes,Next Day Air,Yes,Yes,27,PhonePe,Every 3 Months
235,20.0,Male,Watch,Accessories,2838,Varanasi,S,Silver,Summer,3.7,Yes,Next Day Air,Yes,Yes,24,Net Banking,Weekly
236,43.0,Female,Wallet,Accessories,6813, Delhi ,M,Cyan,Winter,3.7,Yes,Free Shipping,Yes,Yes,31,phonepe,Quarterly
237,38.0,Male,Coat,Outerwear,4955,Varanasi,L,Green,Winter,3.4,Yes,Next Day Air,Yes,Yes,39,Debit Card,Fortnightly
238,50.0,Other,Trousers,Clothing,6908,Chandigarh,M,Beige,Summer,3.0,Yes,Store Pickup,Yes,Yes,36,Paytm,Fortnightly
239,64.0,female,Jacket,Clothing,2487,Nagpur,M,Peach,Fall,4.2,Yes,Free Shipping,Yes,Yes,5,PhonePe,Annually
240,49.0,Male,Jeans,Clothing,3726,Ahmedabad,L,Yellow,Summer,2.9,Yes,Express,Yes,Yes,47,Cash,Bi-Weekly
241,47.0,Male,Saree,Clothing,3508,hyderabad,XL,Turquoise,Winter,3.5,Yes,Free Shipping,Yes,Yes,29,Net Banking,Fortnightly
242,36.0,Female,Shirt,Clothing,6576,Kolkata,M,Peach,Winter,4.1,Yes,Free Shipping,Yes,Yes,43,Net Banking,Bi-Weekly
243,55.0,Other,Coat,Outerwear,6343,AHMEDABAD,L,Gray,Summer,4.3,Yes,Store Pickup,Yes,Yes,40, PhonePe ,Every 3 Months
244,25.0,Male,Backpack,Accessories,7638,VARANASI,M,Olive,Winter,2.8,Yes,2-Day Shipping,Yes,Yes,4,UPI,Monthly
245,53.0,Female,Sunglasses,Accessories,3235,Bengaluru,S,Indigo,Spring,4.9,Yes,2-Day Shipping,Yes,Yes,39,UPI,Weekly
246,49.0,Male,Loafers,Footwear,4035, Indore ,L,Charcoal,Summer,3.3,Yes,Next Day Air,Yes,Yes,45,Cash,Fortnightly
247,35.0,Other,Wallet,Accessories,6624,Bengaluru,XL,Beige,Spring,3.2,Yes,Express,Yes,Yes,20,PhonePe,Bi-Weekly
248,29.0,Female,Lehenga,Clothing,4972,Vadodara,XL,Brown,Spring,4.4,Yes,Standard,Yes,Yes,14,Paytm,Weekly
249,47.0,Male,Scarf,Accessories,7498,Kochi,M,Blue,Winter,4.8,Yes,Express,Yes,Yes,33,Net Banking,Weekly
250,53.0,Other,Backpack,Accessories,3535,Vadodara,S,Teal,Fall,4.2,Yes,Standard,Yes,Yes,18,PhonePe,Annually
251,33.0,Male,Saree,Clothing,1961,mumbai,L,Black,Fall,4.0,Yes,Express,Yes,Yes,9,Cash,Weekly
252,21.0,Female,Sunglasses,Accessories,3804,BENGALURU,XL,Gold,Winter,2.5,Yes,Standard,Yes,Yes,34,PhonePe,Annually
253,32.0,Female,Shirt,Clothing,3124, Indore ,M,Violet,Summer,3.9,Yes,Free Shipping,Yes,Yes,33,PhonePe,Fortnightly
254,52.0,Female,Slippers,Footwear,5505,JAIPUR,L,Cyan,Winter,4.9,Yes,2-Day Shipping,Yes,Yes,15,Credit Card,Bi-Weekly
255,67.0,Male,Watch,Accessories,2972,HYDERABAD,M,White,Winter,3.5,Yes,Store Pickup,Yes,Yes,4,Paytm,Bi-Weekly
256,43.0,Male,Backpack,Accessories,1347, Delhi ,M,Charcoal,Spring,4.2,Yes,Free Shipping,Yes,Yes,25,GPay,Annually
257,58.0,Male,Watch,Accessories,2158,Hyderabad,XL,Violet,Spring,4.7,Yes,Express,Yes,Yes,20,cash,Every 3 Months
258,20.0,Other,Handbag,Accessories,4070,Delhi,M,Red,Summer,4.5,Yes,Express,Yes,Yes,5,PhonePe,Quarterly
259,61.0,female,Belt,Accessories,5355, Kochi ,S,Lavender,Spring,2.8,Yes,Express,Yes,Yes,16,Cash,Quarterly
260,32.0,Male,Kurti,Clothing,4112,Indore,M,Gold,Fall,2.9,Yes,Standard,Yes,Yes,13,,Annually
261,38.0,M,Backpack,Accessories,4243,varanasi,S,Red,Winter,3.2,Yes,2-Day Shipping,Yes,Yes,11,paytm,Every 3 Months
262,21.0,Male,T-Shirt,Clothing,5930,AHMEDABAD,L,Magenta,Winter,4.9,Yes,Standard,Yes,Yes,21,NET BANKING,Annually
263,37.0,Female,Shirt,Clothing,3082,Pune,M,Teal,Summer,,Yes,Next Day Air,Yes,Yes,6,Cash,Annually
264,27.0,Female,Kurti,Clothing,3452,Bengaluru,M,Purple,Summer,4.3,Yes,Store Pickup,Yes,Yes,29,PhonePe,Monthly
265,36.0,Female,Kurta,Clothing,5974,Nagpur,S,Charcoal,Fall,3.9,Yes,Store Pickup,Yes,Yes,15,NET BANKING,Annually
266,32.0,Female,Wallet,Accessories,4537,DELHI,M,Gray,Spring,3.2,Yes,2-Day Shipping,Yes,Yes,17,Google Pay,Bi-Weekly
267,51.0,Male,Sunglasses,Accessories,5697,Indore,L,White,Summer,3.1,Yes,Express,Yes,Yes,32, Cash ,Weekly
268,64.0,male,Kurti,Clothing,4093,Bhopal,M,Olive,Spring,3.9,Yes,2-Day Shipping,Yes,Yes,42,Debit Card,Annually
269,68.0,M,Mojaris,Footwear,3276,Agra,M,Charcoal,Spring,2.6,Yes,Store Pickup,Yes,Yes,21,Google Pay,Monthly
270,68.0,Female,Jeans,Clothing,3146,Kochi,M,Charcoal,Winter,,Yes,Next Day Air,Yes,Yes,9,Paytm,Bi-Weekly
271,33.0,F,Kurta,Clothing,3948,Kolkata,XL,Orange,Fall,4.6,Yes,Free Shipping,Yes,Yes,16,Phone Pay,Annually
272,65.0,Male,Shawl,Accessories,5053,Kolkata,XL,Yellow,Summer,4.6,Yes,Express,Yes,Yes,42, Credit Card ,Fortnightly
273,48.0,Female,Belt,Accessories,1859,Patna,M,Beige,Summer,4.4,Yes,2-Day Shipping,Yes,Yes,37,Paytm,Bi-Weekly
274,69.0,Female,Coat,Outerwear,2287,Agra,S,Silver,Spring,4.2,Yes,Express,Yes,Yes,32,net banking,Quarterly
275,59.0,female,Shawl,Accessories,2594,Ahmedabad,M,Indigo,Spring,3.0,Yes,Express,Yes,Yes,28,Credit Card,Bi-Weekly
276,48.0,Female,Handbag,Accessories,6554, Mumbai ,XL,Lavender,Winter,4.0,Yes,Express,Yes,Yes,13,PhonePe,Weekly
277,25.0,F,Lehenga,Clothing,2414,Delhi,XL,Turquoise,Fall,3.5,Yes,Express,Yes,Yes,11,Google Pay,Fortnightly
278,29.0,Male,Lehenga,Clothing,2064, Surat ,M,Green,Winter,3.0,Yes,Store Pickup,Yes,Yes,36,Debit Card,Bi-Weekly
279,57.0,female,Trousers,Clothing,7266,delhi,M,Orange,Spring,3.7,Yes,Express,Yes,Yes,23,debit card,Annually
280,23.0,Female,Mojaris,Footwear,5322,Chennai,L,Turquoise,Summer,4.0,Yes,Standard,Yes,Yes,37,Cash,Monthly
281,45.0,male,Loafers,Footwear,5254,Indore,S,Cyan,Fall,4.2,Yes,2-Day Shipping,Yes,Yes,21,Net Banking,Bi-Weekly
282,38.0,F,Shawl,Accessories,4595,Agra,XL,Charcoal,Spring,2.5,Yes,Standard,Yes,Yes,22,PAYTM,Bi-Weekly
283,21.0,Female,Jeans,Clothing,6922, Hyderabad ,M,Teal,Summer,3.0,Yes,2-Day Shipping,Yes,Yes,9,Paytm,Monthly
284,32.0,male,Kurti,Clothing,2283,Bengaluru  ,S,Maroon,Fall,3.2,Yes,Next Day Air,Yes,Yes,16,Net Banking,Annually
285,63.0,Female,Saree,Clothing,3434,nagpur,M,Red,Summer,3.5,Yes,Standard,Yes,Yes,4,Paytm,Quarterly
286,29.0,male,Sunglasses,Accessories,2837,Nagpur,XL,Yellow,Summer,4.8,Yes,Express,Yes,Yes,3,UPI,Bi-Weekly
287,27.0,Female,Scarf,Accessories,3670,Bhopal,L,Gray,Summer,2.6,Yes,Store Pickup,Yes,Yes,6,Debit Card,Annually
288,56.0,Female,Watch,Accessories,2848,Kochi,L,Blue,Spring,3.4,Yes,2-Day Shipping,Yes,Yes,18,Debit Card,Fortnightly
289,30.0,Other,Lehenga,Clothing,4492,Kolkata,M,Lavender,Winter,3.7,Yes,2-Day Shipping,Yes,Yes,34,PHONEPE,Bi-Weekly
290,49.0,Male,Coat,Outerwear,6382,Bengaluru,M,Yellow,Fall,4.5,Yes,2-Day Shipping,Yes,Yes,26,UPI,Monthly
291,58.0,Female,Shirt,Clothing,2623,Jaipur,M,Indigo,Winter,3.7,Yes,Standard,Yes,Yes,50,Paytm,Weekly
292,57.0,male,Shirt,Clothing,1852,CHENNAI,XL,Violet,Fall,3.3,Yes,Next Day Air,Yes,Yes,40,Paytm,Monthly
293,60.0,M,Slippers,Footwear,7348,Nagpur  ,M,Green,Spring,4.7,Yes,Free Shipping,Yes,Yes,24,Net Banking,Quarterly
294,69.0,Male,Watch,Accessories,2734,Kochi,M,White,Spring,2.7,Yes,Express,Yes,Yes,33,Credit Card,Annually
295,70.0,Male,Kurta,Clothing,1628,Bengaluru,M,Gold,Spring,4.6,Yes,Store Pickup,Yes,Yes,19,cash,Every 3 Months
296,53.0,Male,Shawl,Accessories,3136, Delhi ,M,Indigo,Winter,2.7,Yes,Store Pickup,Yes,Yes,24,UPI,Quarterly
297,25.0,Female,Sneakers,Footwear,5380,Varanasi,S,Lavender,Spring,4.8,Yes,2-Day Shipping,Yes,Yes,19,Cash,Weekly
298,48.0,Female,Mojaris,Footwear,1905,delhi,XL,Purple,Summer,4.4,Yes,Standard,Yes,Yes,4,GOOGLE PAY,Bi-Weekly
299,69.0,F,Saree,Clothing,3834,Bengaluru  ,M,Lavender,Winter,4.0,Yes,Standard,Yes,Yes,11,Cash,Every 3 Months
300,25.0,Female,Slippers,Footwear,6048,Vadodara,M,Maroon,Summer,3.2,Yes,Next Day Air,Yes,Yes,28,Debit Card,Fortnightly
301,29.0,Male,Handbag,Accessories,7536,Lucknow,M,Teal,Spring,4.4,Yes,Store Pickup,Yes,Yes,24,PhonePe,Weekly
302,46.0,Male,Lehenga,Clothing,7298,Bengaluru,M,Green,Spring,3.8,Yes,Standard,Yes,Yes,25,Google Pay,Every 3 Months
303,37.0,Male,T-Shirt,Clothing,3369,ahmedabad,L,Olive,Summer,3.6,Yes,Express,Yes,Yes,27,Google Pay,Every 3 Months
304,20.0,Female,Slippers,Footwear,4516,kochi,M,Turquoise,Summer,3.3,Yes,Next Day Air,Yes,Yes,49,NET BANKING,Weekly
305,40.0,Female,Jacket,Clothing,6498,Vadodara,M,Green,Winter,3.4,Yes,Next Day Air,Yes,Yes,45,PhonePe,Bi-Weekly
306,60.0,Female,Trousers,Clothing,4226,Surat,M,Teal,Fall,3.5,Yes,2-Day Shipping,Yes,Yes,26,Paytm,Annually
307,26.0,F,Jacket,Outerwear,3498,mumbai,S,White,Summer,3.6,Yes,Express,Yes,Yes,4,Debit Card,Annually
308,29.0,female,Backpack,Accessories,2405,Lucknow,M,Orange,Winter,3.2,Yes,Free Shipping,Yes,Yes,3,Net Banking,Every 3 Months
309,66.0,Male,Backpack,Accessories,2294,Mumbai  ,M,Beige,Fall,3.7,Yes,Standard,Yes,Yes,45,Credit Card,Bi-Weekly
310,66.0,Male,Kurta,Clothing,1648,Nagpur,M,Yellow,Spring,4.5,Yes,Standard,Yes,Yes,21,Paytm,Fortnightly
311,56.0,M,T-Shirt,Clothing,6530,Ahmedabad,M,Charcoal,Winter,4.6,Yes,Standard,Yes,Yes,50, Cash ,Fortnightly
312,69.0,Male,Jeans,Clothing,3813,delhi,L,Silver,Winter,4.1,Yes,Store Pickup,Yes,Yes,19,paytm,Monthly
313,38.0,Female,Jeans,Clothing,6754,JAIPUR,L,Green,Spring,3.4,Yes,Next Day Air,Yes,Yes,6,upi,Annually
314,42.0,M,Ethnic Top,Clothing,5729,Chandigarh,M,Pink,Spring,3.7,Yes,Express,Yes,Yes,50,Net Banking,Every 3 Months
315,30.0,Other,Kurta,Clothing,1764,Indore,M,Purple,Summer,3.3,Yes,Store Pickup,Yes,Yes,17, Google Pay ,Every 3 Months
316,66.0,Female,Sunglasses,Accessories,1821,Pune,XL,Orange,Spring,4.5,Yes,Express,Yes,Yes,24,Google Pay,Annually
317,36.0,Male,Cap,Accessories,1540,Lucknow,M,Charcoal,Fall,3.3,Yes,Free Shipping,Yes,Yes,46,debit card,Monthly
318,58.0,Male,Saree,Clothing,6116,Bengaluru,L,Teal,Fall,4.3,Yes,Standard,Yes,Yes,42,Cash,Every 3 Months
319,45.0,Male,Belt,Accessories,5031,Vadodara,M,Beige,Winter,2.5,Yes,Standard,Yes,Yes,10,Net Banking,Annually
320,47.0,Male,Shirt,Clothing,5631,Patna  ,XL,White,Spring,2.6,Yes,Standard,Yes,Yes,1,Google Pay,Every 3 Months
321,66.0,female,Backpack,Accessories,5264,Pune  ,L,White,Summer,4.9,Yes,Standard,Yes,Yes,28,Net Banking,Quarterly
322,41.0,Male,Loafers,Footwear,2875, Hyderabad ,L,Orange,Summer,4.7,Yes,Free Shipping,Yes,Yes,48,credit card,Quarterly
323,41.0,Female,Shawl,Accessories,6928,patna,S,Cyan,Winter,3.0,Yes,Standard,Yes,Yes,47,Credit Card,Monthly
324,66.0,Female,Jeans,Clothing,5806,Varanasi,M,Orange,Winter,3.5,Yes,Next Day Air,Yes,Yes,29,cash,Bi-Weekly
325,37.0,female,Jacket,Clothing,6198,delhi,M,Olive,Summer,4.8,Yes,Standard,Yes,Yes,37,Net Banking,Quarterly
326,70.0,F,Kurti,Clothing,5306,Ahmedabad,M,Charcoal,Winter,4.3,Yes,Free Shipping,Yes,Yes,38, Credit Card ,Annually
327,62.0,Male,Sunglasses,Accessories,3109,Kochi,M,White,Fall,3.2,Yes,Store Pickup,Yes,Yes,48,PhonePe,Weekly
328,61.0,Male,Coat,Outerwear,3255,Indore,M,Teal,Summer,3.1,Yes,Free Shipping,Yes,Yes,36,Cash,Weekly
329,48.0,Male,Coat,Outerwear,3915, Kochi ,M,Yellow,Fall,2.8,Yes,Free Shipping,Yes,Yes,9,Debit Card,Weekly
330,70.0,Male,T-Shirt,Clothing,2519,BHOPAL,S,White,Summer,2.9,Yes,2-Day Shipping,Yes,Yes,34,Credit Card,Monthly
331,46.0,Female,Trousers,Clothing,3698,AGRA,M,Beige,Winter,,Yes,Express,Yes,Yes,43,Net Banking,Bi-Weekly
332,31.0,Female,Ethnic Top,Clothing,7336, Surat ,L,Beige,Fall,3.3,Yes,Store Pickup,Yes,Yes,46,UPI,Quarterly
333,19.0,Male,Kurta,Clothing,6311,MUMBAI,M,Maroon,Winter,2.8,Yes,2-Day Shipping,Yes,Yes,5,UPI,Monthly
334,39.0,Male,Lehenga,Clothing,4936,Mumbai,M,Teal,Winter,4.5,Yes,Standard,Yes,Yes,15,paytm,Bi-Weekly
335,41.0,Male,Kurta,Clothing,3413,Agra,M,Lavender,Fall,2.6,Yes,Next Day Air,Yes,Yes,30,Paytm,Annually
336,20.0,F,Trousers,Clothing,6230,Nagpur,L,Maroon,Spring,3.7,Yes,Standard,Yes,Yes,44,Debit Card,Every 3 Months
337,36.0,female,Watch,Accessories,5985,Varanasi,S,Orange,Fall,4.4,Yes,Express,Yes,Yes,16,cash,Annually
338,32.0,Female,Trousers,Clothing,4442,lucknow,M,Cyan,Winter,4.3,Yes,2-Day Shipping,Yes,Yes,16,Paytm,Annually
339,69.0,Female,Jeans,Clothing,5964,Kolkata,M,Silver,Winter,3.5,Yes,Express,Yes,Yes,16,Paytm,Weekly
340,40.0,Male,Ethnic Top,Clothing,2295,Surat,M,Teal,Spring,3.8,Yes,2-Day Shipping,Yes,Yes,21,UPI,Every 3 Months
341,40.0,Male,T-Shirt,Clothing,3465,chandigarh,L,Blue,Summer,3.5,Yes,Express,Yes,Yes,39,Paytm,Every 3 Months
342,20.0,Male,Watch,Accessories,1564,Chennai,S,Blue,Summer,4.6,Yes,Store Pickup,Yes,Yes,40,Net Banking,Bi-Weekly
343,64.0,Male,Coat,Outerwear,2638,delhi,M,Olive,Spring,2.6,Yes,Next Day Air,Yes,Yes,48,upi,Every 3 Months
344,27.0,Female,Loafers,Footwear,2794,Ahmedabad,M,Purple,Summer,4.4,Yes,Next Day Air,Yes,Yes,26,CREDIT CARD,Monthly
345,,F,Lehenga,Clothing,5509,Bhopal,M,Charcoal,Winter,4.0,Yes,Standard,Yes,Yes,46,Credit Card,Monthly
346,48.0,Female,Shoes,Footwear,4342,BHOPAL,S,Olive,Winter,4.4,Yes,Next Day Air,Yes,Yes,27,Debit Card,Annually
347,49.0,Male,T-Shirt,Clothing,3747,Chennai,L,Violet,Spring,4.7,Yes,Next Day Air,Yes,Yes,5,PhonePe,Weekly
348,36.0,Male,Boots,Footwear,3079,Pune,L,Red,Fall,,Yes,Store Pickup,Yes,Yes,43,Paytm,Fortnightly
349,56.0,Male,Kurti,Clothing,4438,Hyderabad,M,Beige,Fall,2.7,Yes,Free Shipping,Yes,Yes,17,CREDIT CARD,Fortnightly
350,37.0,male,Backpack,Accessories,6380,Kolkata  ,M,Green,Winter,3.7,Yes,2-Day Shipping,Yes,Yes,3,Credit Card,Bi-Weekly
351,42.0,Female,Kurti,Clothing,5186,Patna,M,Violet,Spring,2.6,Yes,2-Day Shipping,Yes,Yes,47,CASH,Fortnightly
1209,20.0,Male,Loafers,Footwear,7465,NAGPUR,S,Red,Winter,,No,2-Day Shipping,Yes,Yes,8,UPI,Annually
353,27.0,Female,Jacket,Clothing,5299, Surat ,XL,Yellow,Fall,4.9,Yes,Next Day Air,Yes,Yes,12,Net Banking,Every 3 Months
354,63.0,Female,Sneakers,Footwear,4946,BENGALURU,L,Yellow,Fall,4.1,Yes,Store Pickup,Yes,Yes,35,GOOGLE PAY,Monthly
355,58.0,Male,Shawl,Accessories,5869,Ahmedabad,S,Olive,Fall,3.0,Yes,Free Shipping,Yes,Yes,42,Google Pay,Weekly
356,37.0,Female,Shawl,Accessories,3077,Varanasi,XL,Magenta,Fall,4.1,Yes,2-Day Shipping,Yes,Yes,1,debit card,Every 3 Months
357,56.0,M,T-Shirt,Clothing,6177,Indore,L,Black,Spring,,Yes,Standard,Yes,Yes,27,upi,Weekly
358,18.0,Female,Scarf,Accessories,4324,Patna,M,Olive,Spring,4.0,Yes,Standard,Yes,Yes,16,PhonePe,Bi-Weekly
359,48.0,Female,Backpack,Accessories,1966,VADODARA,XL,Magenta,Summer,3.6,Yes,Express,Yes,Yes,36,Cash,Every 3 Months
360,31.0,Female,Loafers,Footwear,5637, Lucknow ,M,Olive,Winter,3.0,Yes,Store Pickup,Yes,Yes,30,CASH,Every 3 Months
361,51.0,Male,T-Shirt,Clothing,2275,AGRA,M,Teal,Summer,3.0,Yes,Standard,Yes,Yes,18,Debit Card,Fortnightly
362,65.0,Male,Shirt,Clothing,7063,nagpur,M,White,Spring,2.6,Yes,Free Shipping,Yes,Yes,45,Net Banking,Annually
363,53.0,Male,Sandals,Footwear,4647,agra,M,Charcoal,Fall,3.4,Yes,Free Shipping,Yes,Yes,1,Google Pay,Fortnightly
364,55.0,M,Ethnic Top,Clothing,6601,Chennai  ,L,Yellow,Winter,3.1,Yes,Free Shipping,Yes,Yes,42,phonepe,Fortnightly
365,62.0,Female,Loafers,Footwear,6736,jaipur,L,Charcoal,Summer,3.0,Yes,Free Shipping,Yes,Yes,7,Credit Card,Every 3 Months
366,55.0,F,Watch,Accessories,6459,BHOPAL,XL,Gray,Summer,3.7,Yes,Standard,Yes,Yes,50,Debit Card,Quarterly
367,64.0,male,Lehenga,Clothing,2896,delhi,M,Turquoise,Spring,3.5,Yes,Store Pickup,Yes,Yes,37,,Fortnightly
368,52.0,Male,Jeans,Clothing,3056,DELHI,XL,Cyan,Spring,2.8,Yes,Store Pickup,Yes,Yes,18,phonepe,Monthly
369,24.0,male,Scarf,Accessories,2789,Surat,M,Charcoal,Spring,4.5,Yes,Standard,Yes,Yes,29,Google Pay,Monthly
370,38.0,Male,Backpack,Accessories,3038,Mumbai,M,Silver,Summer,3.3,Yes,Store Pickup,Yes,Yes,45,CREDIT CARD,Quarterly
371,59.0,Male,Handbag,Accessories,2638,Indore,M,Olive,Winter,3.4,Yes,Express,Yes,Yes,13, Debit Card ,Weekly
372,27.0,Male,Sneakers,Footwear,6062, Ahmedabad ,S,Pink,Winter,3.2,Yes,2-Day Shipping,Yes,Yes,47,CASH,Monthly
373,24.0,Female,Jeans,Clothing,6199,patna,L,Orange,Summer,3.7,Yes,Standard,Yes,Yes,7,Paytm,Weekly
374,23.0,Male,Coat,Outerwear,1883,Delhi,L,White,Summer,4.6,Yes,Express,Yes,Yes,11,Cash,Bi-Weekly
375,69.0,Male,Wallet,Accessories,6006, Indore ,S,Purple,Spring,5.0,Yes,Store Pickup,Yes,Yes,39,net banking,Monthly
376,59.0,Female,Belt,Accessories,2582,pune,M,Olive,Summer,4.4,Yes,Standard,Yes,Yes,6,Net Banking,Quarterly
377,51.0,M,Mojaris,Footwear,3921,chennai,S,Gray,Fall,4.9,Yes,Express,Yes,Yes,2,Cash,Bi-Weekly
378,63.0,Female,Sunglasses,Accessories,2357,BENGALURU,M,Silver,Spring,4.1,Yes,Standard,Yes,Yes,39,credit card,Every 3 Months
379,54.0,Female,Kurti,Clothing,4506,bhopal,L,Orange,Winter,4.9,Yes,Next Day Air,Yes,Yes,23,Google Pay,Monthly
380,32.0,Female,Lehenga,Clothing,2022, Indore ,S,Magenta,Fall,4.7,Yes,2-Day Shipping,Yes,Yes,46,Debit Card,Bi-Weekly
381,39.0,Male,Watch,Accessories,5302,Agra,XL,Beige,Fall,3.0,Yes,Store Pickup,Yes,Yes,19,Google Pay,Weekly
382,66.0,Male,Scarf,Accessories,1730,CHENNAI,L,Lavender,Winter,3.4,Yes,Store Pickup,Yes,Yes,3,paytm,Every 3 Months
383,28.0,Female,Saree,Clothing,5564,kochi,M,Peach,Winter,3.2,Yes,Store Pickup,Yes,Yes,47,Net Banking,Quarterly
384,50.0,Female,Sunglasses,Accessories,5842,Chennai,S,Magenta,Fall,,Yes,Standard,Yes,Yes,6,Cash,Quarterly
385,70.0,Male,Kurta,Clothing,2343,SURAT,M,Beige,Fall,4.5,Yes,2-Day Shipping,Yes,Yes,6,Credit Card,Annually
386,67.0,Other,Kurta,Clothing,6990, Nagpur ,S,Yellow,Fall,2.7,Yes,Next Day Air,Yes,Yes,12,PhonePe,Bi-Weekly
387,64.0,Male,Cap,Accessories,3114,Kochi,L,Brown,Spring,3.4,Yes,Express,Yes,Yes,40,phonepe,Quarterly
388,45.0,male,Coat,Outerwear,6863,varanasi,L,Silver,Summer,4.6,Yes,Store Pickup,Yes,Yes,38,Credit Card,Fortnightly
389,22.0,Female,Backpack,Accessories,6230,CHENNAI,M,Orange,Summer,2.7,Yes,Store Pickup,Yes,Yes,10,Net Banking,Quarterly
390,27.0,Male,Boots,Footwear,3206,Bhopal  ,L,Purple,Spring,4.2,Yes,Standard,Yes,Yes,28,phonepe,Monthly
391,25.0,M,Scarf,Accessories,5284, Indore ,M,Indigo,Winter,3.2,Yes,2-Day Shipping,Yes,Yes,19,cash,Annually
392,37.0,Female,Kurti,Clothing,6483,Indore,L,Gray,Spring,4.8,Yes,Standard,Yes,Yes,25,net banking,Fortnightly
393,26.0,Male,Trousers,Clothing,6080,Pune,XL,Black,Spring,3.3,Yes,Next Day Air,Yes,Yes,38,Debit Card,Annually
394,33.0,Female,Shoes,Footwear,4723,HYDERABAD,L,Maroon,Fall,4.2,Yes,Standard,Yes,Yes,6,Credit Card,Fortnightly
395,43.0,F,Cap,Accessories,2121,Delhi,M,Beige,Spring,4.8,Yes,Store Pickup,Yes,Yes,7,Credit Card,Bi-Weekly
396,37.0,Male,Sandals,Footwear,4990,Chennai  ,L,Brown,Winter,4.9,Yes,Store Pickup,Yes,Yes,2, Google Pay ,Annually
397,46.0,Female,Jeans,Clothing,6401,LUCKNOW,S,Black,Fall,3.9,Yes,Standard,Yes,Yes,24,UPI,Annually
398,22.0,Female,Handbag,Accessories,3578,Chennai,M,Indigo,Fall,3.0,Yes,Free Shipping,Yes,Yes,26,Google Pay,Annually
399,20.0,Male,Sneakers,Footwear,4969,hyderabad,S,Silver,Winter,4.6,Yes,Free Shipping,Yes,Yes,25,phonepe,Every 3 Months
400,60.0,Male,Shawl,Accessories,2790,Mumbai  ,L,Blue,Fall,3.5,Yes,2-Day Shipping,Yes,Yes,10, UPI ,Monthly
401,39.0,Male,Slippers,Footwear,4810,VARANASI,M,Green,Winter,4.8,Yes,Free Shipping,Yes,Yes,14,credit card,Fortnightly
402,43.0,Female,Kurta,Clothing,6897,Lucknow  ,L,Orange,Fall,4.8,Yes,Standard,Yes,Yes,21,PhonePe,Quarterly
403,31.0,female,Shawl,Accessories,5698, Agra ,L,Cyan,Fall,3.0,Yes,Express,Yes,Yes,26,Net Banking,Monthly
404,19.0,Other,Shoes,Footwear,3506,Delhi,M,Orange,Winter,4.5,Yes,Next Day Air,Yes,Yes,12,Paytm,Annually
405,35.0,F,Ethnic Top,Clothing,6905,CHENNAI,M,Indigo,Spring,4.8,Yes,Store Pickup,Yes,Yes,11, PhonePe ,Monthly
406,41.0,Male,Saree,Clothing,5392, Patna ,S,Silver,Summer,3.8,Yes,Standard,Yes,Yes,15,UPI,Annually
407,52.0,Female,Watch,Accessories,3981,Hyderabad  ,M,Peach,Spring,4.6,Yes,Express,Yes,Yes,13,UPI,Monthly
408,45.0,Female,Shirt,Clothing,5549,Indore,XL,Teal,Spring,3.1,Yes,Next Day Air,Yes,Yes,5,Credit Card,Bi-Weekly
409,34.0,Male,Mojaris,Footwear,4927,Indore,L,White,Spring,3.4,Yes,Express,Yes,Yes,36,DEBIT CARD,Fortnightly
410,35.0,Female,Trousers,Clothing,3917,Mumbai,M,Brown,Winter,3.3,Yes,2-Day Shipping,Yes,Yes,32,Paytm,Monthly
411,29.0,Female,Trousers,Clothing,1795,Nagpur,L,Lavender,Spring,4.8,Yes,2-Day Shipping,Yes,Yes,1,Credit Card,Quarterly
412,59.0,F,Jeans,Clothing,2144,Varanasi,M,Indigo,Summer,2.8,Yes,Express,Yes,Yes,15,PAYTM,Annually
413,24.0,male,Jacket,Outerwear,5620, Bhopal ,M,Yellow,Summer,3.1,Yes,Store Pickup,Yes,Yes,3,PAYTM,Weekly
414,70.0,Female,Scarf,Accessories,7560,,S,White,Summer,4.6,Yes,Free Shipping,Yes,Yes,48,Credit Card,Monthly
415,29.0,Female,Shawl,Accessories,6538,Bengaluru,L,Violet,Winter,2.6,Yes,Store Pickup,Yes,Yes,30,Cash,Weekly
416,67.0,Male,Coat,Outerwear,2371,Delhi,M,Lavender,Winter,2.6,Yes,Express,Yes,Yes,40,PhonePe,Monthly
417,36.0,Male,Cap,Accessories,4072,Delhi,L,Olive,Spring,3.8,Yes,Free Shipping,Yes,Yes,24, Net Banking ,Fortnightly
418,23.0,Male,Boots,Footwear,6104, Agra ,L,Beige,Fall,4.5,Yes,Free Shipping,Yes,Yes,48,Google Pay,Quarterly
419,18.0,Female,T-Shirt,Clothing,5554,chandigarh,L,Purple,Spring,3.0,Yes,Standard,Yes,Yes,27,Paytm,Bi-Weekly
420,53.0,Female,Trousers,Clothing,6749,Chennai  ,S,Teal,Winter,,Yes,Free Shipping,Yes,Yes,14,Net Banking,Every 3 Months
421,32.0,male,Jeans,Clothing,4041,Bhopal,S,Peach,Spring,3.8,Yes,Free Shipping,Yes,Yes,18,Cash,Bi-Weekly
422,38.0,Female,Kurta,Clothing,3173,Bengaluru  ,M,Violet,Winter,3.5,Yes,Standard,Yes,Yes,48,UPI,Bi-Weekly
423,47.0,Male,Jeans,Clothing,4304,Delhi  ,M,Purple,Fall,3.1,Yes,Store Pickup,Yes,Yes,32, Credit Card ,Annually
424,46.0,Female,Scarf,Accessories,1843,Delhi,L,Teal,Spring,3.0,Yes,Store Pickup,Yes,Yes,21,Debit Card,Bi-Weekly
425,66.0,male,Lehenga,Clothing,1750, Ahmedabad ,M,Gold,Winter,4.3,Yes,Standard,Yes,Yes,42,Cash,Fortnightly
426,40.0,Male,Jeans,Clothing,6389,Lucknow,S,Teal,Winter,3.3,Yes,Store Pickup,Yes,Yes,4,,Quarterly
427,43.0,Male,Jacket,Clothing,5212, Chandigarh ,M,Violet,Winter,4.7,Yes,Express,Yes,Yes,19,Net Banking,Quarterly
428,,Male,Sunglasses,Accessories,6712, Bhopal ,L,Black,Winter,4.5,Yes,Store Pickup,Yes,Yes,6,Cash,Quarterly
429,21.0,female,Coat,Outerwear,4800,Patna  ,XL,Gold,Winter,2.9,Yes,Free Shipping,Yes,Yes,2,Paytm,Fortnightly
430,42.0,F,Slippers,Footwear,7063,Bhopal,M,Gold,Winter,4.1,Yes,2-Day Shipping,Yes,Yes,21, Debit Card ,Fortnightly
431,24.0,Male,Kurta,Clothing,3003,KOCHI,M,Brown,Summer,3.5,Yes,Store Pickup,Yes,Yes,40,Cash,Annually
432,43.0,Male,Scarf,Accessories,5881,,L,Cyan,Winter,3.4,Yes,Store Pickup,Yes,Yes,33,phonepe,Fortnightly
433,47.0,male,Jacket,Clothing,6338,Agra,S,Indigo,Fall,3.3,Yes,Free Shipping,Yes,Yes,26,Net Banking,Weekly
434,49.0,Female,Kurti,Clothing,6760,vadodara,M,Orange,Fall,3.2,Yes,Store Pickup,Yes,Yes,23,Cash,Fortnightly
435,50.0,F,Mojaris,Footwear,3970,Bengaluru,L,Pink,Spring,4.0,Yes,Store Pickup,Yes,Yes,39, Credit Card ,Every 3 Months
436,,Male,Coat,Outerwear,1993,Nagpur,XL,Olive,Winter,3.6,Yes,Next Day Air,Yes,Yes,42,Debit Card,Monthly
437,40.0,Female,Jeans,Clothing,3556,Ahmedabad  ,L,Cyan,Summer,4.6,Yes,Free Shipping,Yes,Yes,41,UPI,Weekly
438,45.0,Male,Scarf,Accessories,3576,Lucknow,M,Peach,Summer,2.6,Yes,Next Day Air,Yes,Yes,41,Paytm,Annually
439,52.0,Female,Backpack,Accessories,1738,mumbai,M,Turquoise,Winter,4.3,Yes,Express,Yes,Yes,12,Net Banking,Fortnightly
440,62.0,Female,Jacket,Outerwear,3623,Agra,M,Turquoise,Summer,3.4,Yes,Free Shipping,Yes,Yes,31,Paytm,Monthly
441,20.0,Female,Shirt,Clothing,6535, Jaipur ,XL,Maroon,Winter,3.5,Yes,Store Pickup,Yes,Yes,34,Debit Card,Fortnightly
442,43.0,Female,Kurta,Clothing,6060,Pune,M,Maroon,Winter,4.2,Yes,Standard,Yes,Yes,32, PhonePe ,Annually
443,29.0,Female,Scarf,Accessories,5005,HYDERABAD,M,Olive,Fall,,Yes,Store Pickup,Yes,Yes,31,CREDIT CARD,Quarterly
444,22.0,Female,Cap,Accessories,5043,Vadodara,M,Magenta,Summer,3.6,Yes,Free Shipping,Yes,Yes,24,Cash,Annually
445,48.0,Female,Lehenga,Clothing,1311,,M,Red,Summer,4.3,Yes,Store Pickup,Yes,Yes,31,Net Banking,Annually
446,42.0,Other,Mojaris,Footwear,2276,chandigarh,M,Olive,Fall,4.9,Yes,Standard,Yes,Yes,18,CASH,Annually
447,19.0,M,Shirt,Clothing,5381,hyderabad,M,Silver,Summer,4.1,Yes,Store Pickup,Yes,Yes,15,Google Pay,Monthly
448,60.0,Male,Saree,Clothing,6109,hyderabad,S,Turquoise,Spring,3.6,Yes,Standard,Yes,Yes,7,Paytm,Every 3 Months
449,32.0,Female,Backpack,Accessories,1761,Lucknow,M,Yellow,Summer,3.4,Yes,Next Day Air,Yes,Yes,35,Cash,Fortnightly
450,26.0,M,Wallet,Accessories,3401,chennai,L,Peach,Summer,2.9,Yes,2-Day Shipping,Yes,Yes,35,upi,Monthly
451,25.0,Male,Mojaris,Footwear,1555,Jaipur,L,Beige,Summer,2.7,Yes,Store Pickup,Yes,Yes,19,Paytm,Monthly
452,66.0,Male,Cap,Accessories,2441,Bengaluru,M,Pink,Summer,4.3,Yes,Express,Yes,Yes,26,Paytm,Fortnightly
453,45.0,Male,Trousers,Clothing,3220,Nagpur,M,Violet,Summer,,Yes,Express,Yes,Yes,39,Google Pay,Fortnightly
454,54.0,F,Shawl,Accessories,4340,BENGALURU,XL,Peach,Winter,2.8,Yes,Next Day Air,Yes,Yes,22,Google Pay,Weekly
455,37.0,Female,Jacket,Outerwear,7154, Indore ,S,Gold,Summer,3.2,Yes,Next Day Air,Yes,Yes,14,Credit Card,Bi-Weekly
456,54.0,Female,Saree,Clothing,7434,Hyderabad,XL,Gold,Fall,3.6,Yes,Store Pickup,Yes,Yes,50,Cash,Fortnightly
457,50.0,Female,Shirt,Clothing,7259, Vadodara ,S,Indigo,Fall,4.0,Yes,2-Day Shipping,Yes,Yes,33,Cash,Quarterly
458,25.0,Other,Watch,Accessories,7532,NAGPUR,M,Blue,Spring,4.9,Yes,Next Day Air,Yes,Yes,48, Paytm ,Every 3 Months
459,47.0,Male,Kurta,Clothing,6871,Pune,L,Black,Winter,4.0,Yes,2-Day Shipping,Yes,Yes,48,Paytm,Monthly
460,63.0,Male,Wallet,Accessories,2208,Chennai,L,Black,Winter,3.8,Yes,Standard,Yes,Yes,27,PhonePe,Fortnightly
461,64.0,Female,Shoes,Footwear,4877,Bhopal,L,Teal,Summer,,Yes,Store Pickup,Yes,Yes,27,Phone Pay,Weekly
462,18.0,Male,Slippers,Footwear,6886,nagpur,M,Yellow,Winter,3.9,Yes,Express,Yes,Yes,20,Cash,Weekly
463,59.0,Male,Jacket,Outerwear,6166,Patna,M,White,Fall,3.3,Yes,Express,Yes,Yes,48,Net Banking,Every 3 Months
464,37.0,Female,Backpack,Accessories,6184,,S,Orange,Summer,2.7,Yes,Standard,Yes,Yes,29,Debit Card,Weekly
465,23.0,M,Wallet,Accessories,3818,jaipur,M,Silver,Winter,4.7,Yes,Next Day Air,Yes,Yes,45,Debit Card,Monthly
466,54.0,Male,Kurti,Clothing,6782,Nagpur,M,Pink,Summer,2.8,Yes,Next Day Air,Yes,Yes,25, UPI ,Quarterly
467,38.0,M,Jeans,Clothing,1616,nagpur,L,Turquoise,Winter,4.6,Yes,Free Shipping,Yes,Yes,25,Cash,Weekly
468,19.0,M,Scarf,Accessories,3955,varanasi,S,Orange,Spring,4.5,Yes,2-Day Shipping,Yes,Yes,37,cash,Every 3 Months
469,34.0,Male,Sunglasses,Accessories,2876,INDORE,S,Peach,Fall,5.0,Yes,Free Shipping,Yes,Yes,16,CASH,Quarterly
470,21.0,Male,Shirt,Clothing,3610,Patna,L,Pink,Fall,4.1,Yes,2-Day Shipping,Yes,Yes,30,UPI,Bi-Weekly
471,50.0,,Kurti,Clothing,4641,Agra,L,Teal,Summer,4.6,Yes,Express,Yes,Yes,6,Phone Pay,Every 3 Months
472,55.0,Female,Belt,Accessories,5242,Nagpur,XL,White,Winter,4.9,Yes,2-Day Shipping,Yes,Yes,36,Debit Card,Quarterly
473,20.0,Male,Saree,Clothing,3092,Hyderabad,L,Gray,Winter,3.9,Yes,Free Shipping,Yes,Yes,3,Cash,Quarterly
474,34.0,F,Coat,Outerwear,3064,bhopal,L,Olive,Spring,3.9,Yes,Store Pickup,Yes,Yes,29,UPI,Every 3 Months
475,62.0,male,T-Shirt,Clothing,5782,Jaipur  ,XL,Maroon,Summer,2.6,Yes,2-Day Shipping,Yes,Yes,15,PAYTM,Quarterly
476,21.0,M,Boots,Footwear,4786, Agra ,L,Magenta,Summer,2.7,Yes,Free Shipping,Yes,Yes,18, Net Banking ,Annually
477,21.0,Male,Shawl,Accessories,6851,BHOPAL,M,Magenta,Spring,3.5,Yes,Free Shipping,Yes,Yes,2,Debit Card,Fortnightly
478,42.0,F,Ethnic Top,Clothing,4112,,M,Green,Summer,3.7,Yes,Free Shipping,Yes,Yes,49,GPay,Weekly
479,35.0,Male,Watch,Accessories,3059,Pune,XL,Turquoise,Winter,3.2,Yes,Free Shipping,Yes,Yes,48,,Annually
480,39.0,Female,Scarf,Accessories,6231,KOCHI,L,Yellow,Winter,3.3,Yes,Store Pickup,Yes,Yes,43,Paytm,Monthly
481,68.0,female,Kurta,Clothing,6735,,M,Gray,Summer,4.8,Yes,Standard,Yes,Yes,30,PhonePe,Bi-Weekly
482,46.0,male,Belt,Accessories,6735,agra,L,Peach,Fall,3.2,Yes,2-Day Shipping,Yes,Yes,10,Credit Card,Fortnightly
483,41.0,Female,Shawl,Accessories,3326,surat,M,Yellow,Winter,2.5,Yes,2-Day Shipping,Yes,Yes,11, Credit Card ,Annually
484,23.0,Female,Ethnic Top,Clothing,5502,Indore,M,White,Fall,3.9,Yes,Store Pickup,Yes,Yes,12,PhonePe,Weekly
485,68.0,Male,Shawl,Accessories,5421,Chennai  ,L,Lavender,Summer,4.7,Yes,Free Shipping,Yes,Yes,28,NET BANKING,Quarterly
486,48.0,Male,Mojaris,Footwear,3221,Bengaluru  ,S,Blue,Spring,2.6,Yes,Next Day Air,Yes,Yes,36,Paytm,Fortnightly
487,38.0,Female,Loafers,Footwear,4605,Bhopal,M,Charcoal,Fall,2.8,Yes,Store Pickup,Yes,Yes,37,UPI,Every 3 Months
488,41.0,Female,Jacket,Outerwear,5072,varanasi,L,Red,Winter,4.4,Yes,Store Pickup,Yes,Yes,22,debit card,Quarterly
489,58.0,Male,Kurti,Clothing,2128,Hyderabad  ,L,Olive,Spring,4.6,Yes,Standard,Yes,Yes,32, Debit Card ,Weekly
490,49.0,Male,Jacket,Clothing,6324, Indore ,M,Green,Summer,3.2,Yes,Standard,Yes,Yes,40,UPI,Annually
491,57.0,Male,Sandals,Footwear,3324,Pune,M,Silver,Winter,4.2,Yes,2-Day Shipping,Yes,Yes,47,Credit Card,Monthly
492,49.0,Male,Coat,Outerwear,5032,Patna,M,Silver,Summer,,Yes,2-Day Shipping,Yes,Yes,24,cash,Bi-Weekly
493,50.0,Male,Kurta,Clothing,4512,Lucknow,M,Black,Fall,3.9,Yes,Standard,Yes,Yes,11,Cash,Weekly
494,28.0,Female,Belt,Accessories,3555, Pune ,XL,Red,Summer,4.7,Yes,Store Pickup,Yes,Yes,19,PhonePe,Bi-Weekly
495,38.0,F,Loafers,Footwear,5255,Kochi,M,Indigo,Winter,4.5,Yes,Express,Yes,Yes,42,Cash,Weekly
496,33.0,Male,Watch,Accessories,2821,chennai,XL,Cyan,Fall,3.3,Yes,Free Shipping,Yes,Yes,6,PhonePe,Fortnightly
497,30.0,Female,Kurti,Clothing,4692,BENGALURU,S,Maroon,Fall,3.3,Yes,Express,Yes,Yes,31,CASH,Fortnightly
498,43.0,Female,Sandals,Footwear,2890,chandigarh,S,Silver,Winter,4.6,Yes,Free Shipping,Yes,Yes,31,Google Pay,Weekly
499,43.0,M,Loafers,Footwear,5734, Chandigarh ,M,Lavender,Spring,3.6,Yes,Free Shipping,Yes,Yes,27,Credit Card,Monthly
500,36.0,Male,Slippers,Footwear,7361,Vadodara  ,L,Silver,Winter,4.8,Yes,Express,Yes,Yes,24,Net Banking,Monthly
501,36.0,Other,Kurta,Clothing,2313,Surat,L,Purple,Fall,4.8,Yes,Next Day Air,Yes,Yes,35,,Every 3 Months
502,64.0,,Loafers,Footwear,3574,Bhopal,M,Cyan,Spring,2.9,Yes,Next Day Air,Yes,Yes,21,Google Pay,Annually
503,59.0,Other,Jeans,Clothing,2428,Jaipur  ,S,Cyan,Fall,2.8,Yes,Express,Yes,Yes,8, UPI ,Fortnightly
504,55.0,Female,Boots,Footwear,1601,Lucknow  ,M,Lavender,Summer,3.2,Yes,Next Day Air,Yes,Yes,26,Credit Card,Quarterly
505,42.0,Male,Slippers,Footwear,1555,BHOPAL,M,Maroon,Winter,3.9,Yes,Free Shipping,Yes,Yes,26,Credit Card,Annually
506,61.0,Male,T-Shirt,Clothing,4888,NAGPUR,L,Gray,Spring,4.3,Yes,Express,Yes,Yes,9,phonepe,Bi-Weekly
507,28.0,Male,Shawl,Accessories,2871,Kolkata,M,Olive,Fall,2.7,Yes,2-Day Shipping,Yes,Yes,48,PhonePe,Annually
508,65.0,Male,T-Shirt,Clothing,1425, Pune ,M,Magenta,Spring,5.0,Yes,Store Pickup,Yes,Yes,33,PAYTM,Fortnightly
509,27.0,Female,Scarf,Accessories,1469,Kochi,S,Yellow,Winter,3.7,Yes,Store Pickup,Yes,Yes,31,Cash,Quarterly
510,41.0,female,Jacket,Clothing,6004,patna,L,Cyan,Summer,3.9,Yes,Free Shipping,Yes,Yes,17,UPI,Weekly
511,21.0,Male,T-Shirt,Clothing,6637,AHMEDABAD,M,Teal,Fall,3.9,Yes,2-Day Shipping,Yes,Yes,22,UPI,Annually
512,61.0,Female,T-Shirt,Clothing,3586, Lucknow ,L,Yellow,Fall,3.1,Yes,Free Shipping,Yes,Yes,8,,Annually
513,19.0,Female,Handbag,Accessories,3669,jaipur,L,Peach,Winter,,Yes,Next Day Air,Yes,Yes,2,Google Pay,Monthly
514,22.0,Male,Scarf,Accessories,4832,VADODARA,M,Peach,Fall,3.6,Yes,Store Pickup,Yes,Yes,45,Net Banking,Annually
515,64.0,Female,Jeans,Clothing,4590,Mumbai,S,Olive,Winter,4.3,Yes,Standard,Yes,Yes,47,Google Pay,Quarterly
516,28.0,M,Backpack,Accessories,5099,CHENNAI,L,Charcoal,Spring,4.5,Yes,Next Day Air,Yes,Yes,7,Paytm,Monthly
517,34.0,Female,Jacket,Clothing,2881,Chennai,L,Indigo,Fall,2.8,Yes,2-Day Shipping,Yes,Yes,19,Debit Card,Bi-Weekly
518,61.0,M,Mojaris,Footwear,3867,kolkata,L,Silver,Fall,2.7,Yes,Free Shipping,Yes,Yes,44,UPI,Every 3 Months
519,24.0,F,Shirt,Clothing,7353,agra,M,Beige,Fall,2.9,Yes,Next Day Air,Yes,Yes,16,Cash,Every 3 Months
520,19.0,Male,Wallet,Accessories,3953, Ahmedabad ,L,Blue,Summer,4.4,Yes,2-Day Shipping,Yes,Yes,17,Cash,Quarterly
521,51.0,Female,Scarf,Accessories,6441,Indore,M,White,Spring,3.9,Yes,Free Shipping,Yes,Yes,20,Net Banking,Quarterly
522,36.0,F,Lehenga,Clothing,3212, Patna ,L,Gold,Winter,3.5,Yes,Standard,Yes,Yes,50,Cash,Annually
523,65.0,Male,Watch,Accessories,6460,Delhi,M,Blue,Spring,2.5,Yes,Store Pickup,Yes,Yes,37,cash,Quarterly
524,46.0,Male,Mojaris,Footwear,2886,VARANASI,M,Orange,Spring,4.9,Yes,Express,Yes,Yes,5,Google Pay,Quarterly
525,59.0,Male,Lehenga,Clothing,2982,Nagpur,M,Gold,Summer,4.8,Yes,Free Shipping,Yes,Yes,44,UPI,Annually
526,51.0,Female,Coat,Outerwear,2752,pune,M,Cyan,Spring,3.2,Yes,Next Day Air,Yes,Yes,41,Cash,Monthly
527,51.0,,Kurta,Clothing,3941,Patna,S,Red,Winter,4.9,Yes,Standard,Yes,Yes,19,UPI,Monthly
528,21.0,Female,Jacket,Clothing,1727,Hyderabad,L,Yellow,Winter,4.3,Yes,Next Day Air,Yes,Yes,47,Debit Card,Every 3 Months
529,34.0,Male,Sneakers,Footwear,6430,Hyderabad,S,Beige,Winter,3.2,Yes,Express,Yes,Yes,40,Google Pay,Annually
530,32.0,Male,Shirt,Clothing,6388, Kolkata ,M,Orange,Fall,3.7,Yes,Standard,Yes,Yes,6,PhonePe,Monthly
531,48.0,Male,Coat,Outerwear,2654,AGRA,XL,Magenta,Winter,3.2,Yes,Store Pickup,Yes,Yes,25,PhonePe,Bi-Weekly
532,50.0,Male,Shoes,Footwear,3635,BHOPAL,L,Purple,Fall,3.4,Yes,Next Day Air,Yes,Yes,42,Debit Card,Weekly
533,26.0,Other,Shirt,Clothing,5753,Pune,L,Black,Winter,4.1,Yes,Express,Yes,Yes,35,google pay,Every 3 Months
534,57.0,female,Mojaris,Footwear,4683,Lucknow  ,L,Pink,Spring,4.5,Yes,Next Day Air,Yes,Yes,17,net banking,Weekly
535,65.0,Other,Sunglasses,Accessories,5590,Agra,L,Pink,Fall,4.5,Yes,Next Day Air,Yes,Yes,4,paytm,Quarterly
536,56.0,Male,Lehenga,Clothing,3558,pune,L,Maroon,Spring,3.2,Yes,Free Shipping,Yes,Yes,24,Credit Card,Weekly
537,44.0,Male,Jacket,Outerwear,6386, Bengaluru ,S,Maroon,Fall,4.4,Yes,Store Pickup,Yes,Yes,16,DEBIT CARD,Every 3 Months
538,50.0,Female,Shirt,Clothing,3650,PATNA,S,Turquoise,Summer,3.0,Yes,Store Pickup,Yes,Yes,14,UPI,Annually
539,27.0,Male,Lehenga,Clothing,1575,Patna,XL,Green,Spring,3.2,Yes,Free Shipping,Yes,Yes,43,Debit Card,Weekly
540,49.0,Female,Coat,Outerwear,3446,Vadodara,M,Violet,Winter,4.0,Yes,Store Pickup,Yes,Yes,49,Credit Card,Weekly
541,,Female,Saree,Clothing,2780,Varanasi,M,Lavender,Spring,3.1,Yes,Next Day Air,Yes,Yes,33, Net Banking ,Every 3 Months
542,52.0,Male,Jacket,Outerwear,1931,ahmedabad,L,Gray,Fall,2.8,Yes,Next Day Air,Yes,Yes,45, Debit Card ,Bi-Weekly
543,27.0,F,Sandals,Footwear,5999,Jaipur,XL,Teal,Spring,4.6,Yes,Next Day Air,Yes,Yes,35, Google Pay ,Bi-Weekly
544,53.0,M,,Clothing,7486,Pune,S,Red,Spring,4.3,Yes,Express,Yes,Yes,11,UPI,Monthly
545,34.0,Male,Loafers,Footwear,4722, Delhi ,S,Yellow,Summer,3.3,Yes,Standard,Yes,Yes,30,Credit Card,Every 3 Months
546,33.0,Male,Coat,Outerwear,2333,Bengaluru,L,Magenta,Summer,3.5,Yes,2-Day Shipping,Yes,Yes,48,Cash,Annually
547,62.0,Male,Jacket,Clothing,5456,Patna,M,Brown,Winter,3.4,Yes,Free Shipping,Yes,Yes,45,PhonePe,Bi-Weekly
548,38.0,M,Jacket,Outerwear,3854,Nagpur,M,Blue,Winter,2.8,Yes,Free Shipping,Yes,Yes,26,Paytm,Weekly
549,36.0,Other,Belt,Accessories,4928,Delhi,M,Black,Winter,4.6,Yes,Store Pickup,Yes,Yes,41,debit card,Every 3 Months
1642,50.0,Male,Kurta,Clothing,2241,Jaipur,L,Violet,Summer,3.4,No,Free Shipping,Yes,Yes,1,UPI,Every 3 Months
551,62.0,Male,Handbag,Accessories,4786,kolkata,M,Olive,Summer,3.3,Yes,Store Pickup,Yes,Yes,12,Credit Card,Weekly
552,29.0,Female,Coat,Outerwear,5744,Bhopal,XL,Green,Fall,3.1,Yes,2-Day Shipping,Yes,Yes,27,Paytm,Bi-Weekly
553,24.0,Female,Saree,Clothing,7117,PATNA,M,Peach,Fall,3.5,Yes,Express,Yes,Yes,18, Debit Card ,Weekly
554,63.0,Male,Belt,Accessories,4247,Patna,M,White,Winter,3.2,Yes,Express,Yes,Yes,15,Net Banking,Quarterly
555,56.0,Male,Loafers,Footwear,3378,Surat,M,Red,Summer,3.0,Yes,Express,Yes,Yes,34,PHONEPE,Weekly
556,63.0,Male,Watch,Accessories,4448,Indore,M,White,Fall,4.8,Yes,Express,Yes,Yes,37,Credit Card,Annually
557,40.0,Female,Coat,Outerwear,6803,Chandigarh,L,Indigo,Winter,5.0,Yes,Store Pickup,Yes,Yes,21,Google Pay,Fortnightly
558,18.0,Female,Kurta,Clothing,4534, Chennai ,M,White,Spring,2.9,Yes,Free Shipping,Yes,Yes,31,UPI,Weekly
559,50.0,Male,Mojaris,Footwear,5633, Hyderabad ,L,Teal,Fall,3.2,Yes,Express,Yes,Yes,43,PhonePe,Every 3 Months
560,66.0,Male,Handbag,Accessories,3038,BENGALURU,M,Indigo,Fall,2.9,Yes,Store Pickup,Yes,Yes,22,PAYTM,Monthly
561,25.0,male,Shawl,Accessories,3658, Agra ,L,Red,Fall,,Yes,Free Shipping,Yes,Yes,12,Paytm,Annually
562,65.0,Male,Jacket,Outerwear,4988,varanasi,M,Blue,Fall,2.6,Yes,Next Day Air,Yes,Yes,25,phonepe,Fortnightly
563,53.0,Female,T-Shirt,Clothing,4665, Vadodara ,M,Blue,Summer,3.5,Yes,Standard,Yes,Yes,40,Cash,Annually
564,61.0,F,Mojaris,Footwear,7407,Surat,M,Black,Fall,4.4,Yes,Standard,Yes,Yes,16,Google Pay,Quarterly
565,67.0,Male,Shirt,Clothing,4206,Jaipur,M,Olive,Winter,3.4,Yes,Next Day Air,Yes,Yes,30,Debit Card,Weekly
566,59.0,male,Handbag,Accessories,3169,nagpur,L,Lavender,Fall,4.2,Yes,Store Pickup,Yes,Yes,10,Google Pay,Weekly
567,55.0,Male,Boots,Footwear,6864, Kochi ,M,Indigo,Spring,3.6,Yes,Store Pickup,Yes,Yes,1,Debit Card,Fortnightly
568,21.0,Male,Jacket,Clothing,3860,Surat,S,Red,Winter,3.0,Yes,Next Day Air,Yes,Yes,24,Debit Card,Fortnightly
569,44.0,female,Kurta,Clothing,6444,DELHI,L,Red,Summer,4.0,Yes,Free Shipping,Yes,Yes,36, Paytm ,Monthly
570,65.0,Male,Shirt,Clothing,2531,BENGALURU,M,Pink,Fall,4.4,Yes,Express,Yes,Yes,46,Debit Card,Every 3 Months
571,65.0,Male,T-Shirt,Clothing,7245,indore,XL,Purple,Fall,,Yes,Standard,Yes,Yes,20,PhonePe,Annually
572,54.0,Male,Jacket,Outerwear,5520,Chandigarh,XL,Cyan,Spring,3.6,Yes,Free Shipping,Yes,Yes,37,Cash,Weekly
573,56.0,Female,Cap,Accessories,7126,bhopal,XL,Cyan,Summer,4.6,Yes,Next Day Air,Yes,Yes,26,Debit Card,Annually
574,58.0,Female,Jacket,Clothing,5237,Lucknow,M,Charcoal,Summer,3.2,Yes,2-Day Shipping,Yes,Yes,23,PhonePe,Bi-Weekly
575,54.0,Male,Slippers,Footwear,5895, Indore ,L,Red,Fall,,Yes,Free Shipping,Yes,Yes,20,UPI,Bi-Weekly
576,58.0,Male,T-Shirt,Clothing,6316,Ahmedabad  ,M,Peach,Fall,4.8,Yes,Express,Yes,Yes,38,PAYTM,Monthly
577,48.0,M,Backpack,Accessories,5012,kolkata,M,Black,Winter,5.0,Yes,2-Day Shipping,Yes,Yes,5,Net Banking,Every 3 Months
578,19.0,Female,Trousers,Clothing,-500,Bhopal  ,M,Black,Fall,3.7,Yes,Store Pickup,Yes,Yes,41,Google Pay,Annually
579,69.0,male,Shoes,Footwear,6709,Ahmedabad,M,Purple,Fall,4.6,Yes,Next Day Air,Yes,Yes,22,Credit Card,Fortnightly
580,58.0,Male,Mojaris,Footwear,3140,Hyderabad,M,Violet,Winter,3.7,Yes,Free Shipping,Yes,Yes,48,google pay,Annually
581,49.0,Male,Jeans,Clothing,6119,Ahmedabad,M,Orange,Spring,4.1,Yes,Free Shipping,Yes,Yes,10,Google Pay,Weekly
582,32.0,female,Ethnic Top,Clothing,7531,Vadodara,XL,Charcoal,Winter,2.7,Yes,Store Pickup,Yes,Yes,12,CASH,Every 3 Months
583,40.0,Male,Jacket,Outerwear,5899,Chennai,L,Turquoise,Spring,4.9,Yes,Store Pickup,Yes,Yes,2,Net Banking,Quarterly
584,25.0,male,Jeans,Clothing,5717,Jaipur,L,Yellow,Spring,4.0,Yes,Store Pickup,Yes,Yes,38,CREDIT CARD,Monthly
585,70.0,Female,Kurti,Clothing,6877,Hyderabad,M,White,Spring,4.7,Yes,Free Shipping,Yes,Yes,20,Cash,Monthly
586,69.0,Female,Shirt,Clothing,1640,NAGPUR,M,Gray,Fall,2.8,Yes,Next Day Air,Yes,Yes,5, Net Banking ,Every 3 Months
587,45.0,Female,Kurta,Clothing,1350,JAIPUR,S,Blue,Winter,4.9,Yes,2-Day Shipping,Yes,Yes,9,Paytm,Annually
588,29.0,Female,Trousers,Clothing,6430,delhi,S,Maroon,Fall,4.2,Yes,Express,Yes,Yes,48,Debit Card,Every 3 Months
589,47.0,Male,Slippers,Footwear,4559,Varanasi,M,Violet,Fall,3.0,Yes,Standard,Yes,Yes,9,UPI,Quarterly
590,28.0,Male,Saree,Clothing,5128, Patna ,M,Orange,Fall,3.4,Yes,2-Day Shipping,Yes,Yes,40,google pay,Annually
591,64.0,Female,Cap,Accessories,2997, Indore ,S,Turquoise,Fall,4.6,Yes,Standard,Yes,Yes,30,cash,Fortnightly
592,47.0,Male,Wallet,Accessories,2682,Patna,L,Olive,Fall,4.2,Yes,Store Pickup,Yes,Yes,6,Debit Card,Bi-Weekly
593,60.0,Female,Shoes,Footwear,2048,Kochi,M,Brown,Fall,3.2,Yes,Free Shipping,Yes,Yes,42,Google Pay,Every 3 Months
594,67.0,Female,Coat,Outerwear,0,Bengaluru,S,Green,Winter,4.4,Yes,Store Pickup,Yes,Yes,9, Paytm ,Every 3 Months
595,35.0,Male,Shirt,Clothing,6208, Kolkata ,S,Brown,Winter,2.5,Yes,Next Day Air,Yes,Yes,6,Paytm,Monthly
596,30.0,Male,Shoes,Footwear,5597,Vadodara,M,Silver,Summer,3.6,Yes,Next Day Air,Yes,Yes,47,phonepe,Quarterly
597,23.0,Female,Loafers,Footwear,2848,agra,XL,White,Summer,4.5,Yes,Store Pickup,Yes,Yes,36,Paytm,Annually
598,70.0,Female,Cap,Accessories,5103,chennai,L,Gold,Summer,3.4,Yes,Standard,Yes,Yes,19,Net Banking,Fortnightly
599,21.0,F,Shirt,Clothing,5040,surat,L,Green,Winter,3.2,Yes,2-Day Shipping,Yes,Yes,30,Paytm,Every 3 Months
600,51.0,Male,Loafers,Footwear,2069, Mumbai ,L,Teal,Spring,4.2,Yes,Standard,Yes,Yes,27,Google Pay,Every 3 Months
601,22.0,Male,Watch,Accessories,4710, Lucknow ,M,Charcoal,Spring,5.0,Yes,2-Day Shipping,Yes,Yes,25,UPI,Monthly
602,32.0,Male,Backpack,Accessories,2708,Vadodara,M,Maroon,Summer,4.7,Yes,Store Pickup,Yes,Yes,5,Cash,Fortnightly
603,37.0,Male,Sandals,Footwear,4150,PATNA,L,Lavender,Summer,4.2,Yes,Next Day Air,Yes,Yes,10,Google Pay,Every 3 Months
604,31.0,Male,Backpack,Accessories,3380,Chennai,L,Green,Winter,3.4,Yes,2-Day Shipping,Yes,Yes,26,cash,Every 3 Months
605,44.0,Female,Watch,Accessories,6766,Delhi  ,S,Pink,Fall,4.4,Yes,Store Pickup,Yes,Yes,11, Debit Card ,Every 3 Months
606,40.0,Female,Wallet,Accessories,2492,delhi,XL,Charcoal,Winter,4.2,Yes,Standard,Yes,Yes,17,cash,Weekly
607,27.0,Female,Scarf,Accessories,6834,Vadodara  ,M,Blue,Spring,4.5,Yes,Standard,Yes,Yes,44,Paytm,Monthly
608,47.0,M,Jacket,Clothing,1613,surat,L,Purple,Fall,2.8,Yes,Next Day Air,Yes,Yes,44,,Monthly
609,41.0,Male,Belt,Accessories,1774,Nagpur,S,Gold,Fall,3.3,Yes,Next Day Air,Yes,Yes,21,UPI,Every 3 Months
610,51.0,Female,Shirt,Clothing,4038, Chandigarh ,L,Purple,Fall,4.6,Yes,Next Day Air,Yes,Yes,49,phonepe,Fortnightly
611,53.0,Male,Jeans,Clothing,5577,nagpur,M,Charcoal,Summer,2.5,Yes,Free Shipping,Yes,Yes,27,Credit Card,Every 3 Months
612,,M,Sunglasses,Accessories,2620,PATNA,M,Black,Winter,4.7,Yes,Store Pickup,Yes,Yes,19,phonepe,Monthly
613,67.0,M,Handbag,Accessories,3412,Delhi  ,L,Lavender,Fall,4.6,Yes,Express,Yes,Yes,33,,Quarterly
614,61.0,female,Coat,Outerwear,3865,Mumbai,L,Lavender,Fall,2.6,Yes,Standard,Yes,Yes,46,PHONEPE,Bi-Weekly
615,68.0,F,Belt,Accessories,6444, Jaipur ,M,Lavender,Winter,4.0,Yes,Standard,Yes,Yes,21,Debit Card,Bi-Weekly
616,67.0,Male,Shoes,Footwear,7518,Bengaluru,L,Olive,Summer,2.6,Yes,Next Day Air,Yes,Yes,23,Paytm,Annually
617,29.0,Female,Scarf,Accessories,5375,Delhi,L,Teal,Spring,4.6,Yes,Free Shipping,Yes,Yes,38,net banking,Every 3 Months
618,,Male,Shawl,Accessories,4461,Indore,M,Maroon,Fall,2.6,Yes,Standard,Yes,Yes,2,Debit Card,Quarterly
619,61.0,Male,Jacket,Outerwear,7190,Kolkata,L,Cyan,Spring,4.0,Yes,Express,Yes,Yes,21,Paytm,Bi-Weekly
620,19.0,Female,Watch,Accessories,2582,Nagpur,M,Charcoal,Summer,4.6,Yes,Store Pickup,Yes,Yes,1,Net Banking,Every 3 Months
621,33.0,Female,Sunglasses,Accessories,6625,Chennai,M,Black,Fall,3.7,Yes,2-Day Shipping,Yes,Yes,10,Debit Card,Every 3 Months
622,51.0,Female,Backpack,Accessories,2101,Chennai,S,Red,Fall,4.4,Yes,Store Pickup,Yes,Yes,45,paytm,Weekly
623,69.0,Female,Jacket,Clothing,4753, Kolkata ,S,Peach,Spring,4.0,Yes,Next Day Air,Yes,Yes,44,NET BANKING,Fortnightly
624,19.0,Female,Sandals,Footwear,5220, Bengaluru ,M,White,Fall,4.7,Yes,Standard,Yes,Yes,48, Net Banking ,Bi-Weekly
625,55.0,Female,Kurti,Clothing,6547,CHENNAI,XL,Pink,Fall,3.4,Yes,Express,Yes,Yes,21,net banking,Annually
626,49.0,F,Scarf,Accessories,5937,Chennai,M,Red,Fall,4.0,Yes,Next Day Air,Yes,Yes,1,Cash,Weekly
627,31.0,Female,Cap,Accessories,6006,Lucknow,M,Indigo,Spring,3.9,Yes,Standard,Yes,Yes,10,Paytm,Annually
628,42.0,Female,Slippers,Footwear,3140,LUCKNOW,L,Black,Winter,4.1,Yes,Express,Yes,Yes,24,Net Banking,Monthly
629,69.0,Female,Kurti,Clothing,6296,Agra,M,White,Fall,,Yes,2-Day Shipping,Yes,Yes,29,Paytm,Monthly
630,26.0,Male,Shoes,Footwear,6776,Nagpur  ,L,Beige,Spring,4.7,Yes,Standard,Yes,Yes,11,PhonePe,Annually
631,41.0,Female,Sunglasses,Accessories,7143,KOCHI,S,Silver,Fall,4.3,Yes,2-Day Shipping,Yes,Yes,33,Credit Card,Annually
632,55.0,M,Shoes,Footwear,4987,Jaipur,S,Violet,Summer,4.1,Yes,Store Pickup,Yes,Yes,27,PAYTM,Fortnightly
633,,Male,Backpack,Accessories,3891,kochi,M,Red,Winter,3.9,Yes,Next Day Air,Yes,Yes,19,Credit Card,Fortnightly
634,66.0,F,Loafers,Footwear,2303,DELHI,M,Orange,Spring,2.9,Yes,Express,Yes,Yes,50,Credit Card,Quarterly
635,36.0,Male,Boots,Footwear,4546,Agra,M,Teal,Summer,3.9,Yes,Standard,Yes,Yes,46,GOOGLE PAY,Weekly
636,27.0,,Saree,Clothing,4540,Patna,M,Brown,Fall,4.3,Yes,2-Day Shipping,Yes,Yes,28, Google Pay ,Quarterly
637,41.0,female,Sunglasses,Accessories,2293,PATNA,M,Indigo,Summer,2.8,Yes,Store Pickup,Yes,Yes,14,UPI,Every 3 Months
638,21.0,Male,Jacket,Clothing,1360,Hyderabad,M,Cyan,Winter,3.4,Yes,2-Day Shipping,Yes,Yes,46,Cash,Fortnightly
639,53.0,male,Slippers,Footwear,1446,Delhi  ,S,Blue,Summer,2.7,Yes,Express,Yes,Yes,41, Net Banking ,Monthly
640,54.0,F,Ethnic Top,Clothing,1773,,L,Olive,Spring,4.0,Yes,2-Day Shipping,Yes,Yes,50,Net Banking,Annually
641,53.0,Male,Lehenga,Clothing,6677,ahmedabad,M,Gray,Summer,4.4,Yes,Store Pickup,Yes,Yes,28,Net Banking,Fortnightly
642,47.0,M,Kurti,Clothing,5983,Mumbai,M,Red,Winter,3.9,Yes,2-Day Shipping,Yes,Yes,23,Debit Card,Every 3 Months
643,64.0,Male,Jeans,Clothing,2043,ahmedabad,L,Red,Spring,2.8,Yes,2-Day Shipping,Yes,Yes,14,GPay,Bi-Weekly
644,18.0,M,Jacket,Clothing,4453,Pune,XL,Green,Winter,3.2,Yes,Next Day Air,Yes,Yes,10, Paytm ,Every 3 Months
645,68.0,F,Backpack,Accessories,6916,Mumbai,S,Blue,Summer,4.3,Yes,Next Day Air,Yes,Yes,37,Credit Card,Weekly
646,62.0,Female,Saree,Clothing,2993,Bengaluru,S,Purple,Summer,4.2,Yes,Express,Yes,Yes,15,Debit Card,Bi-Weekly
647,51.0,Male,Boots,Footwear,3993,vadodara,XL,Pink,Spring,4.9,Yes,Standard,Yes,Yes,19,Net Banking,Bi-Weekly
648,54.0,F,Jacket,Clothing,5402,Bhopal,XL,Charcoal,Summer,3.7,Yes,Express,Yes,Yes,23,UPI,Fortnightly
649,22.0,Male,T-Shirt,Clothing,2457, Delhi ,M,Brown,Winter,4.1,Yes,Store Pickup,Yes,Yes,35,Net Banking,Weekly
650,53.0,Male,Ethnic Top,Clothing,7170, Bhopal ,L,Orange,Spring,4.2,Yes,Store Pickup,Yes,Yes,33, Google Pay ,Every 3 Months
651,34.0,Female,Scarf,Accessories,2854,CHENNAI,M,Magenta,Spring,3.9,Yes,Next Day Air,Yes,Yes,12,Phone Pay,Annually
652,32.0,F,Sunglasses,Accessories,2506,NAGPUR,L,Yellow,Summer,2.9,Yes,Next Day Air,Yes,Yes,41,Cash,Fortnightly
653,64.0,Female,Backpack,Accessories,2182,Indore,M,Beige,Winter,3.1,Yes,Free Shipping,Yes,Yes,27,Debit Card,Weekly
654,20.0,Male,Wallet,Accessories,5060,Surat  ,M,Olive,Winter,3.6,Yes,2-Day Shipping,Yes,Yes,45,UPI,Fortnightly
655,24.0,M,Backpack,Accessories,4509,surat,L,Gray,Summer,4.4,Yes,2-Day Shipping,Yes,Yes,23,PAYTM,Annually
656,20.0,Male,Belt,Accessories,2824,Chennai,S,Purple,Fall,3.1,Yes,Free Shipping,Yes,Yes,19,Debit Card,Monthly
657,42.0,Male,Kurta,Clothing,1722,kochi,M,Beige,Summer,3.9,Yes,Standard,Yes,Yes,6,Credit Card,Quarterly
658,48.0,Female,Jacket,Outerwear,5958,Mumbai,M,White,Winter,4.3,Yes,Free Shipping,Yes,Yes,6,Paytm,Quarterly
659,62.0,Male,Cap,Accessories,2654, Chandigarh ,S,White,Fall,4.9,Yes,Store Pickup,Yes,Yes,20,Paytm,Weekly
660,62.0,Female,Shirt,Clothing,3730,Agra,S,Gold,Spring,3.6,Yes,2-Day Shipping,Yes,Yes,8,Debit Card,Weekly
661,50.0,Male,Coat,Outerwear,5836,Pune,M,Olive,Fall,5.0,Yes,2-Day Shipping,Yes,Yes,39,Net Banking,Quarterly
662,57.0,Male,Lehenga,Clothing,4945,Kolkata  ,XL,Green,Fall,4.1,Yes,Store Pickup,Yes,Yes,39,PhonePe,Quarterly
663,,Male,Watch,Accessories,7502, Mumbai ,L,Magenta,Fall,2.8,Yes,Express,Yes,Yes,39,phonepe,Bi-Weekly
664,59.0,Male,Kurta,Clothing,6229, Kolkata ,M,Charcoal,Fall,4.7,Yes,Express,Yes,Yes,23,Net Banking,Monthly
665,63.0,Female,Jacket,Clothing,6076,Vadodara,M,Indigo,Winter,4.4,Yes,Express,Yes,Yes,41,Debit Card,Bi-Weekly
666,41.0,Male,Shirt,Clothing,4062, Mumbai ,M,Peach,Spring,4.9,Yes,2-Day Shipping,Yes,Yes,50,Net Banking,Annually
667,35.0,Male,Lehenga,Clothing,1823,vadodara,L,Turquoise,Winter,3.1,Yes,Free Shipping,Yes,Yes,30,debit card,Quarterly
668,34.0,F,Handbag,Accessories,5540,SURAT,S,Blue,Winter,2.6,Yes,Standard,Yes,Yes,32,Debit Card,Quarterly
669,49.0,Female,Kurta,Clothing,6251,Agra  ,S,Turquoise,Fall,2.9,Yes,Express,Yes,Yes,35,Cash,Monthly
670,43.0,Male,Jacket,Outerwear,6861,Mumbai  ,M,Gray,Spring,3.3,Yes,Free Shipping,Yes,Yes,45,Cash,Bi-Weekly
671,63.0,Male,Jeans,Clothing,3061,Varanasi,XL,Purple,Spring,4.8,Yes,Next Day Air,Yes,Yes,37,Credit Card,Bi-Weekly
672,38.0,Female,Jacket,Outerwear,2419,kolkata,L,Black,Winter,4.7,Yes,Express,Yes,Yes,45,GPay,Weekly
673,59.0,Female,Kurti,Clothing,3826, Delhi ,M,Peach,Winter,3.3,Yes,2-Day Shipping,Yes,Yes,29,Paytm,Quarterly
674,35.0,F,Trousers,Clothing,4836,Surat,M,Indigo,Spring,4.2,Yes,Free Shipping,Yes,Yes,27,Debit Card,Bi-Weekly
675,48.0,Male,Cap,Accessories,2383,Lucknow,XL,Beige,Winter,4.7,Yes,Store Pickup,Yes,Yes,36,CASH,Annually
676,64.0,Other,Sunglasses,Accessories,6646, Agra ,M,Yellow,Spring,2.6,Yes,2-Day Shipping,Yes,Yes,9,GOOGLE PAY,Annually
677,28.0,Male,Kurti,Clothing,4524,Nagpur  ,M,Peach,Winter,2.9,Yes,2-Day Shipping,Yes,Yes,38,CREDIT CARD,Bi-Weekly
678,60.0,Male,Jeans,Clothing,4697, Chennai ,S,Turquoise,Summer,2.7,Yes,Express,Yes,Yes,41,Paytm,Annually
679,27.0,Other,Shirt,Clothing,5418,Hyderabad,M,Teal,Fall,3.3,Yes,Store Pickup,Yes,Yes,25,Google Pay,Every 3 Months
680,56.0,Male,Shoes,Footwear,7044,LUCKNOW,M,Turquoise,Fall,3.4,Yes,Express,Yes,Yes,37,Paytm,Fortnightly
681,58.0,Male,Sandals,Footwear,1741,Nagpur,M,Magenta,Spring,4.2,Yes,Express,Yes,Yes,3,net banking,Annually
682,30.0,Male,Jacket,Clothing,4285,Lucknow,XL,Purple,Winter,3.8,Yes,2-Day Shipping,Yes,Yes,24,phonepe,Every 3 Months
683,23.0,Male,Jacket,Outerwear,2301,Nagpur  ,M,Brown,Summer,4.0,Yes,Standard,Yes,Yes,49,DEBIT CARD,Bi-Weekly
684,33.0,Other,Mojaris,Footwear,2690,VARANASI,S,Violet,Winter,2.7,Yes,Free Shipping,Yes,Yes,3, Net Banking ,Monthly
685,63.0,female,Cap,Accessories,6138,Chennai  ,M,Yellow,Summer,4.7,Yes,Express,Yes,Yes,42,phonepe,Monthly
686,70.0,Male,Shirt,Clothing,5275, Mumbai ,XL,Magenta,Winter,3.5,Yes,Standard,Yes,Yes,32,UPI,Fortnightly
2851,57.0,Female,Jeans,Clothing,6056,Ahmedabad,M,Silver,Spring,3.0,No,Store Pickup,No,No,36,Debit Card,Annually
688,19.0,Female,Belt,Accessories,2745,Mumbai,XL,Turquoise,Winter,3.3,Yes,Free Shipping,Yes,Yes,46,Debit Card,Quarterly
689,25.0,F,Scarf,Accessories,4536,Patna,S,Peach,Summer,4.7,Yes,Store Pickup,Yes,Yes,44,Net Banking,Monthly
690,19.0,Male,Trousers,Clothing,6933,Chandigarh,M,Orange,Summer,4.7,Yes,Express,Yes,Yes,35, Google Pay ,Every 3 Months
691,25.0,Female,Kurti,Clothing,5162,Chandigarh,XL,Red,Spring,4.8,Yes,Standard,Yes,Yes,45,Paytm,Weekly
692,60.0,Female,Watch,Accessories,1471,INDORE,L,Silver,Summer,2.9,Yes,Standard,Yes,Yes,37,Cash,Bi-Weekly
693,35.0,M,Belt,Accessories,7037, Chandigarh ,M,Cyan,Spring,4.0,Yes,2-Day Shipping,Yes,Yes,40, UPI ,Every 3 Months
694,46.0,Male,Jacket,Clothing,3824,,L,Turquoise,Spring,3.1,Yes,Free Shipping,Yes,Yes,30,credit card,Every 3 Months
695,,male,Lehenga,Clothing,1506,Surat,S,Charcoal,Fall,3.5,Yes,2-Day Shipping,Yes,Yes,38, Credit Card ,Every 3 Months
696,30.0,Other,Trousers,Clothing,4945,Indore,XL,Peach,Summer,3.7,Yes,Next Day Air,Yes,Yes,15,credit card,Every 3 Months
697,44.0,Male,Backpack,Accessories,3146,Chandigarh,L,Green,Fall,2.8,Yes,Standard,Yes,Yes,49,Google Pay,Monthly
698,61.0,Male,Belt,Accessories,4818,INDORE,XL,Brown,Summer,4.6,Yes,Free Shipping,Yes,Yes,40,NET BANKING,Quarterly
699,55.0,Male,Sandals,Footwear,2996, Ahmedabad ,M,Yellow,Winter,3.8,Yes,Standard,Yes,Yes,40,Debit Card,Weekly
700,50.0,Female,Shawl,Accessories,3531,Hyderabad,M,Charcoal,Fall,2.6,Yes,2-Day Shipping,Yes,Yes,5,PHONEPE,Weekly
701,57.0,Male,Shirt,Clothing,6109, Ahmedabad ,L,Olive,Winter,4.1,Yes,Standard,Yes,Yes,5,UPI,Monthly
702,51.0,Female,Mojaris,Footwear,6809,Hyderabad,L,Red,Fall,3.3,Yes,Next Day Air,Yes,Yes,5,net banking,Every 3 Months
703,18.0,Female,Trousers,Clothing,5163,Bengaluru,M,White,Winter,3.4,Yes,Store Pickup,Yes,Yes,1,Google Pay,Weekly
704,63.0,Male,Shirt,Clothing,6378,Bengaluru,L,Pink,Summer,3.0,Yes,Standard,Yes,Yes,21,PAYTM,Weekly
705,,Other,,Clothing,4910, Vadodara ,S,Black,Spring,3.2,Yes,Express,Yes,Yes,18,google pay,Annually
706,25.0,male,Saree,Clothing,6838,agra,XL,Indigo,Summer,4.5,Yes,Free Shipping,Yes,Yes,49,Paytm,Quarterly
707,46.0,Female,T-Shirt,Clothing,3524,AGRA,L,Turquoise,Summer,4.8,Yes,Express,Yes,Yes,27,Paytm,Weekly
708,59.0,Male,Kurta,Clothing,2925, Chennai ,L,Purple,Spring,3.7,Yes,Next Day Air,Yes,Yes,21,credit card,Annually
709,37.0,M,Belt,Accessories,3565, Vadodara ,L,Beige,Summer,3.4,Yes,Store Pickup,Yes,Yes,19,Google Pay,Fortnightly
710,49.0,Male,Jacket,Outerwear,5897,Lucknow,L,Charcoal,Summer,4.6,Yes,Standard,Yes,Yes,23,PhonePe,Monthly
711,22.0,Male,Backpack,Accessories,6872,Kolkata,L,Turquoise,Spring,4.1,Yes,Standard,Yes,Yes,26,Paytm,Fortnightly
712,64.0,Female,Sneakers,Footwear,4682,DELHI,M,Maroon,Spring,,Yes,2-Day Shipping,Yes,Yes,13,Cash,Bi-Weekly
713,42.0,F,Kurta,Clothing,6092, Chennai ,XL,Black,Summer,3.8,Yes,Next Day Air,Yes,Yes,36,Credit Card,Quarterly
714,37.0,Female,Shirt,Clothing,6636,jaipur,M,Lavender,Summer,2.6,Yes,Express,Yes,Yes,39,PHONEPE,Bi-Weekly
715,26.0,Male,Jacket,Outerwear,5131,bhopal,M,Magenta,Fall,4.4,Yes,Store Pickup,Yes,Yes,40,Net Banking,Fortnightly
716,33.0,Male,T-Shirt,Clothing,4586,Kochi,L,Green,Spring,2.6,Yes,Express,Yes,Yes,37, Net Banking ,Quarterly
717,30.0,,Shawl,Accessories,2261,,M,Olive,Spring,3.6,Yes,Express,Yes,Yes,9,Net Banking,Bi-Weekly
718,21.0,male,Trousers,Clothing,6591, Nagpur ,L,Green,Spring,4.2,Yes,Express,Yes,Yes,7,Google Pay,Every 3 Months
719,22.0,Female,T-Shirt,Clothing,1461,kochi,M,Peach,Summer,4.6,Yes,Standard,Yes,Yes,25,PhonePe,Annually
720,63.0,Male,Kurta,Clothing,1770,Patna,L,Turquoise,Summer,3.3,Yes,Next Day Air,Yes,Yes,42,Google Pay,Bi-Weekly
721,33.0,Male,,Accessories,4683,Jaipur,L,Orange,Fall,3.4,Yes,Free Shipping,Yes,Yes,19,Paytm,Weekly
722,43.0,Female,Ethnic Top,Clothing,4403,surat,L,Silver,Summer,4.4,Yes,Next Day Air,Yes,Yes,41,Net Banking,Every 3 Months
723,27.0,,Saree,Clothing,2330,Surat  ,S,Blue,Summer,4.3,Yes,Store Pickup,Yes,Yes,50,UPI,Bi-Weekly
724,35.0,F,Backpack,Accessories,3889,Chandigarh,L,Cyan,Fall,3.5,Yes,Express,Yes,Yes,43,UPI,Monthly
725,37.0,Male,T-Shirt,Clothing,5942,Indore,XL,Green,Fall,4.7,Yes,Store Pickup,Yes,Yes,36,net banking,Every 3 Months
726,61.0,M,Wallet,Accessories,4511,nagpur,L,Silver,Winter,3.1,Yes,Standard,Yes,Yes,33,Debit Card,Fortnightly
727,32.0,Female,Ethnic Top,Clothing,5755,Hyderabad,L,Yellow,Summer,3.6,Yes,Next Day Air,Yes,Yes,20,Debit Card,Every 3 Months
728,62.0,Female,Jacket,Clothing,7253,Delhi,S,Gray,Winter,4.8,Yes,Next Day Air,Yes,Yes,37,Paytm,Every 3 Months
729,29.0,Female,Saree,Clothing,5665,Ahmedabad,M,Pink,Winter,3.7,Yes,Next Day Air,Yes,Yes,12,PhonePe,Every 3 Months
730,41.0,male,Handbag,Accessories,4241,Nagpur,L,Beige,Summer,3.2,Yes,Express,Yes,Yes,46,Google Pay,Every 3 Months
731,48.0,F,Slippers,Footwear,2008,Bengaluru,M,Indigo,Summer,3.9,Yes,Standard,Yes,Yes,28,Net Banking,Fortnightly
732,43.0,Female,Coat,Outerwear,2280, Varanasi ,M,Red,Spring,3.5,Yes,Free Shipping,Yes,Yes,30,UPI,Fortnightly
733,34.0,Female,Lehenga,Clothing,4461,Surat,L,Blue,Spring,2.8,Yes,Express,Yes,Yes,28,net banking,Bi-Weekly
734,45.0,Male,Kurta,Clothing,2725,Surat  ,L,Cyan,Fall,2.7,Yes,2-Day Shipping,Yes,Yes,20,google pay,Bi-Weekly
735,65.0,Male,Jeans,Clothing,5216,Kochi,S,Violet,Winter,3.1,Yes,Express,Yes,Yes,39,Paytm,Every 3 Months
736,61.0,Female,Scarf,Accessories,3540, Kochi ,M,Orange,Fall,3.6,Yes,2-Day Shipping,Yes,Yes,48,Phone Pay,Bi-Weekly
737,18.0,Female,T-Shirt,Clothing,4535,Mumbai,L,Maroon,Spring,2.9,Yes,2-Day Shipping,Yes,Yes,32,Cash,Every 3 Months
738,47.0,female,Scarf,Accessories,1798,Patna,M,Teal,Spring,3.6,Yes,Store Pickup,Yes,Yes,28,Google Pay,Annually
739,56.0,Female,Scarf,Accessories,2236,KOCHI,L,Orange,Winter,3.5,Yes,2-Day Shipping,Yes,Yes,27,Net Banking,Quarterly
740,64.0,Female,Shirt,Clothing,2101,Agra,S,Purple,Summer,3.5,Yes,Free Shipping,Yes,Yes,26,Phone Pay,Bi-Weekly
741,26.0,Male,Ethnic Top,Clothing,4995,Pune  ,M,Orange,Summer,2.8,Yes,Next Day Air,Yes,Yes,22,Cash,Fortnightly
742,22.0,Male,Shirt,Clothing,5871,Bengaluru,XL,Yellow,Summer,4.7,Yes,Free Shipping,Yes,Yes,23,UPI,Every 3 Months
743,64.0,male,Kurta,Clothing,2813, Surat ,M,Charcoal,Summer,3.1,Yes,Express,Yes,Yes,21,Google Pay,Quarterly
744,21.0,Other,Shawl,Accessories,6402, Kochi ,L,Gray,Fall,4.9,Yes,Free Shipping,Yes,Yes,36,Credit Card,Weekly
745,67.0,M,Sneakers,Footwear,4952,Chandigarh,S,Charcoal,Spring,4.1,Yes,Next Day Air,Yes,Yes,42,UPI,Bi-Weekly
746,46.0,Male,Kurti,Clothing,6784,surat,L,Orange,Fall,4.7,Yes,Standard,Yes,Yes,4,PhonePe,Monthly
747,40.0,Male,Shoes,Footwear,3341,Patna,M,Red,Winter,2.5,Yes,Free Shipping,Yes,Yes,47, Paytm ,Annually
748,51.0,Male,Trousers,Clothing,5733,Vadodara  ,L,Gold,Spring,4.4,Yes,Next Day Air,Yes,Yes,13,credit card,Weekly
749,35.0,male,Belt,Accessories,2796,Kolkata  ,L,Brown,Fall,3.9,Yes,Free Shipping,Yes,Yes,8, Debit Card ,Quarterly
750,56.0,M,Cap,Accessories,5422, Bengaluru ,M,Olive,Winter,3.7,Yes,Standard,Yes,Yes,11,google pay,Quarterly
751,25.0,male,Kurta,Clothing,6933,Agra,L,Violet,Fall,3.4,Yes,Free Shipping,Yes,Yes,5, Net Banking ,Annually
752,65.0,Female,Scarf,Accessories,5480, Surat ,L,Indigo,Fall,4.8,Yes,Free Shipping,Yes,Yes,1, Debit Card ,Monthly
753,39.0,male,Shawl,Accessories,6432,CHENNAI,L,Yellow,Fall,4.2,Yes,2-Day Shipping,Yes,Yes,17,UPI,Every 3 Months
754,47.0,Other,Boots,Footwear,4124,lucknow,M,Teal,Fall,3.4,Yes,Store Pickup,Yes,Yes,27,Net Banking,Quarterly
755,36.0,Female,Wallet,Accessories,3112,PUNE,L,Pink,Spring,2.9,Yes,Store Pickup,Yes,Yes,3,Google Pay,Quarterly
756,66.0,Female,Coat,Outerwear,1619,Nagpur,M,Violet,Spring,3.3,Yes,Free Shipping,Yes,Yes,22,Google Pay,Weekly
757,62.0,Male,Handbag,Accessories,7457,Pune,S,Orange,Summer,4.8,Yes,Standard,Yes,Yes,24,Credit Card,Fortnightly
758,41.0,F,Saree,Clothing,2420, Bhopal ,M,Red,Fall,3.8,Yes,Store Pickup,Yes,Yes,18,Credit Card,Quarterly
759,66.0,Female,Boots,Footwear,5450,Nagpur,L,Peach,Summer,4.6,Yes,2-Day Shipping,Yes,Yes,39,Credit Card,Every 3 Months
760,51.0,Female,Trousers,Clothing,3491, Patna ,XL,Green,Winter,2.6,Yes,Next Day Air,Yes,Yes,25, Credit Card ,Fortnightly
761,33.0,male,Belt,Accessories,3929,Varanasi,XL,Violet,Fall,3.4,Yes,Free Shipping,Yes,Yes,6,Paytm,Annually
762,57.0,F,Backpack,Accessories,6713,Hyderabad,L,Yellow,Fall,4.2,Yes,Express,Yes,Yes,26,Net Banking,Weekly
763,45.0,Male,Shawl,Accessories,3445,Lucknow,M,Pink,Fall,3.9,Yes,Standard,Yes,Yes,43,Net Banking,Fortnightly
764,61.0,Female,Trousers,Clothing,3899, Bengaluru ,M,Brown,Spring,2.9,Yes,2-Day Shipping,Yes,Yes,6,phonepe,Monthly
765,55.0,F,Trousers,Clothing,2808,Jaipur,XL,Silver,Fall,4.2,Yes,Free Shipping,Yes,Yes,6,Credit Card,Quarterly
766,54.0,Male,Sneakers,Footwear,7611,patna,M,Pink,Summer,3.0,Yes,Store Pickup,Yes,Yes,13, UPI ,Quarterly
767,57.0,Female,Backpack,Accessories,3486,Vadodara,M,Cyan,Winter,3.6,Yes,Next Day Air,Yes,Yes,13,net banking,Monthly
768,27.0,M,Coat,Outerwear,5881,SURAT,M,Brown,Fall,2.5,Yes,Next Day Air,Yes,Yes,11,Google Pay,Annually
769,64.0,,Scarf,Accessories,7262,Hyderabad,XL,Red,Spring,2.6,Yes,Express,Yes,Yes,45,Debit Card,Weekly
770,52.0,Female,,Clothing,7453,Surat,M,Silver,Spring,4.3,Yes,Store Pickup,Yes,Yes,8,Credit Card,Monthly
771,19.0,Male,Mojaris,Footwear,4077,Mumbai,M,Gray,Spring,3.3,Yes,Express,Yes,Yes,8,UPI,Annually
772,22.0,Female,Kurti,Clothing,5163,SURAT,L,Cyan,Fall,2.6,Yes,Next Day Air,Yes,Yes,34,Paytm,Fortnightly
773,18.0,male,Jacket,Clothing,1672,Ahmedabad,L,Teal,Fall,3.6,Yes,Free Shipping,Yes,Yes,40,UPI,Bi-Weekly
774,29.0,male,Cap,Accessories,6220,ahmedabad,L,Indigo,Winter,2.6,Yes,Express,Yes,Yes,14, Debit Card ,Bi-Weekly
775,42.0,Female,Shawl,Accessories,3422,Nagpur,M,Yellow,Summer,3.5,Yes,Standard,Yes,Yes,11, Debit Card ,Quarterly
776,49.0,Male,Belt,Accessories,3778,bhopal,S,Gold,Winter,3.0,Yes,Store Pickup,Yes,Yes,8,UPI,Monthly
777,49.0,Female,T-Shirt,Clothing,4641, Agra ,M,Maroon,Spring,5.0,Yes,Standard,Yes,Yes,8,Paytm,Every 3 Months
778,55.0,Male,Kurti,Clothing,2327,Lucknow  ,XL,Silver,Spring,2.5,Yes,Express,Yes,Yes,37,NET BANKING,Weekly
779,29.0,Male,Jacket,Clothing,3659, Jaipur ,M,Yellow,Summer,2.9,Yes,Store Pickup,Yes,Yes,23,debit card,Annually
780,60.0,Female,T-Shirt,Clothing,7204,chennai,M,Blue,Spring,4.6,Yes,Express,Yes,Yes,38,Paytm,Annually
781,34.0,Male,Slippers,Footwear,1786,kolkata,M,Turquoise,Spring,3.6,Yes,Free Shipping,Yes,Yes,38,Google Pay,Quarterly
782,30.0,Female,Wallet,Accessories,3170, Varanasi ,L,Indigo,Winter,3.0,Yes,Store Pickup,Yes,Yes,12,Credit Card,Fortnightly
783,28.0,Female,T-Shirt,Clothing,4363,Mumbai,M,Green,Summer,4.5,Yes,Standard,Yes,Yes,15,Debit Card,Weekly
784,63.0,female,Saree,Clothing,4705,Patna,L,Purple,Winter,4.5,Yes,Next Day Air,Yes,Yes,38,upi,Fortnightly
785,31.0,Female,T-Shirt,Clothing,5580,KOLKATA,M,Peach,Winter,3.2,Yes,Store Pickup,Yes,Yes,41,Net Banking,Every 3 Months
786,46.0,Female,Saree,Clothing,4717, Chennai ,S,Purple,Spring,4.0,Yes,Next Day Air,Yes,Yes,37,PhonePe,Fortnightly
787,70.0,Other,Cap,Accessories,1385,DELHI,S,Teal,Winter,4.8,Yes,Express,Yes,Yes,16,PHONEPE,Every 3 Months
788,,Female,Backpack,Accessories,6518,KOLKATA,S,Green,Spring,3.7,Yes,Free Shipping,Yes,Yes,25,Cash,Weekly
789,50.0,Male,Ethnic Top,Clothing,3952,Kolkata,XL,Yellow,Summer,3.8,Yes,Store Pickup,Yes,Yes,18,Google Pay,Quarterly
790,33.0,Male,Scarf,Accessories,6131,Indore,S,Purple,Fall,2.7,Yes,Standard,Yes,Yes,4,PhonePe,Bi-Weekly
791,22.0,female,Saree,Clothing,2631,hyderabad,M,Indigo,Summer,4.9,Yes,Store Pickup,Yes,Yes,12,GOOGLE PAY,Quarterly
792,50.0,Female,Scarf,Accessories,3265,chandigarh,S,Magenta,Summer,3.1,Yes,2-Day Shipping,Yes,Yes,35,Net Banking,Fortnightly
793,34.0,female,Sandals,Footwear,3362,JAIPUR,M,Violet,Spring,4.2,Yes,Next Day Air,Yes,Yes,45,Credit Card,Weekly
794,24.0,Female,Trousers,Clothing,2766,Bengaluru,L,Maroon,Summer,3.8,Yes,Free Shipping,Yes,Yes,16,Cash,Monthly
795,69.0,F,Watch,Accessories,3568,Agra,XL,Yellow,Winter,4.2,Yes,Store Pickup,Yes,Yes,10,GOOGLE PAY,Fortnightly
796,39.0,Female,Sandals,Footwear,1865,AHMEDABAD,M,Beige,Summer,4.6,Yes,Store Pickup,Yes,Yes,34,Paytm,Annually
797,42.0,Male,Kurti,Clothing,5833,chennai,XL,Black,Fall,4.0,Yes,2-Day Shipping,Yes,Yes,43,Paytm,Annually
798,42.0,Male,Coat,Outerwear,6219,Hyderabad,M,Violet,Fall,4.0,Yes,2-Day Shipping,Yes,Yes,38,Cash,Weekly
799,29.0,Male,Trousers,Clothing,2757,Kolkata,M,Violet,Spring,3.8,Yes,2-Day Shipping,Yes,Yes,48,Net Banking,Every 3 Months
800,55.0,Female,Watch,Accessories,3934, Mumbai ,L,Brown,Summer,,Yes,Free Shipping,Yes,Yes,31,Net Banking,Annually
801,32.0,Other,T-Shirt,Clothing,1379,VARANASI,S,Gold,Summer,2.6,Yes,Free Shipping,Yes,Yes,20,paytm,Every 3 Months
802,25.0,M,Sunglasses,Accessories,2166,CHANDIGARH,L,Blue,Fall,4.9,Yes,Express,Yes,Yes,12,Debit Card,Fortnightly
803,38.0,Other,Jacket,Clothing,3194,Hyderabad,M,Teal,Winter,3.5,Yes,Next Day Air,Yes,Yes,2,paytm,Weekly
804,32.0,Other,Trousers,Clothing,2839, Surat ,L,Silver,Winter,2.8,Yes,Express,Yes,Yes,30,PAYTM,Every 3 Months
805,43.0,Female,Sandals,Footwear,3392,KOLKATA,M,Maroon,Summer,2.6,Yes,Store Pickup,Yes,Yes,28,Net Banking,Quarterly
806,41.0,Male,Jeans,Clothing,2397,Nagpur,L,White,Summer,3.7,Yes,Next Day Air,Yes,Yes,40,paytm,Monthly
807,56.0,M,Kurti,Clothing,4124,KOLKATA,L,Charcoal,Summer,2.7,Yes,Standard,Yes,Yes,46,Paytm,Quarterly
808,27.0,Male,Jeans,Clothing,6810,Agra,S,Brown,Winter,3.3,Yes,Express,Yes,Yes,15,Debit Card,Weekly
809,46.0,Male,Sneakers,Footwear,7058, Mumbai ,L,Lavender,Fall,4.6,Yes,Next Day Air,Yes,Yes,38,Paytm,Every 3 Months
810,48.0,M,Loafers,Footwear,5971,SURAT,M,Violet,Fall,4.9,Yes,Next Day Air,Yes,Yes,30,Paytm,Bi-Weekly
811,52.0,Female,Sunglasses,Accessories,6299,Chandigarh,S,Lavender,Fall,4.9,Yes,Store Pickup,Yes,Yes,32,Credit Card,Bi-Weekly
812,18.0,Female,Slippers,Footwear,2573, Ahmedabad ,M,Green,Winter,2.7,Yes,Free Shipping,Yes,Yes,36, Net Banking ,Quarterly
813,64.0,Male,Slippers,Footwear,4277,Agra,M,Olive,Summer,3.2,Yes,Standard,Yes,Yes,32,Net Banking,Weekly
814,54.0,Male,Scarf,Accessories,3439,Patna  ,S,Olive,Summer,2.9,Yes,Store Pickup,Yes,Yes,14,DEBIT CARD,Annually
815,31.0,Male,Ethnic Top,Clothing,4458,bhopal,M,Pink,Winter,3.8,Yes,Express,Yes,Yes,8,Paytm,Monthly
816,30.0,M,Backpack,Accessories,6382,Chennai,L,Teal,Spring,3.0,Yes,Next Day Air,Yes,Yes,27,Google Pay,Bi-Weekly
817,26.0,Male,Ethnic Top,Clothing,1872,kolkata,L,Cyan,Summer,3.9,Yes,Store Pickup,Yes,Yes,24,,Monthly
818,25.0,Male,Sunglasses,Accessories,1675,Hyderabad,S,Gray,Spring,4.7,Yes,Store Pickup,Yes,Yes,30,net banking,Fortnightly
819,59.0,Male,Lehenga,Clothing,6632, Agra ,M,Peach,Winter,4.9,Yes,Store Pickup,Yes,Yes,34, Credit Card ,Monthly
820,55.0,Female,Handbag,Accessories,2707,Varanasi  ,S,Teal,Winter,4.8,Yes,Next Day Air,Yes,Yes,28,Debit Card,Quarterly
821,56.0,Female,Sneakers,Footwear,2849,DELHI,M,Turquoise,Spring,2.5,Yes,2-Day Shipping,Yes,Yes,27,Phone Pay,Monthly
822,62.0,Female,Ethnic Top,Clothing,2847, Varanasi ,M,Green,Spring,3.9,Yes,Standard,Yes,Yes,31,UPI,Bi-Weekly
823,35.0,Male,Kurti,Clothing,4257,Nagpur,L,Magenta,Winter,3.4,Yes,Standard,Yes,Yes,23,Debit Card,Annually
824,51.0,Female,Shawl,Accessories,1825,Bhopal,M,Green,Winter,2.5,Yes,Free Shipping,Yes,Yes,11,CASH,Quarterly
825,61.0,Female,Saree,Clothing,7053,surat,M,White,Spring,3.0,Yes,Store Pickup,Yes,Yes,48,credit card,Quarterly
826,27.0,Male,Scarf,Accessories,6855,delhi,XL,Brown,Fall,3.6,Yes,Next Day Air,Yes,Yes,17,Paytm,Monthly
827,54.0,Male,Trousers,Clothing,7146,Kochi,M,Purple,Winter,3.6,Yes,Standard,Yes,Yes,36,Credit Card,Weekly
828,31.0,Male,Slippers,Footwear,3629,Kolkata,S,Green,Fall,4.1,Yes,Free Shipping,Yes,Yes,33,UPI,Fortnightly
829,24.0,Male,Saree,Clothing,4529,CHENNAI,M,Peach,Fall,3.7,Yes,2-Day Shipping,Yes,Yes,27, UPI ,Bi-Weekly
830,42.0,M,T-Shirt,Clothing,4348,Chandigarh  ,S,Silver,Spring,,Yes,2-Day Shipping,Yes,Yes,14, Debit Card ,Fortnightly
831,41.0,Other,Jeans,Clothing,5676, Hyderabad ,M,Maroon,Fall,4.2,Yes,Express,Yes,Yes,5,paytm,Annually
832,66.0,,Belt,Accessories,4862,Patna,M,Red,Summer,4.3,Yes,Express,Yes,Yes,47,Paytm,Every 3 Months
833,58.0,Male,Jacket,Outerwear,6120,CHANDIGARH,L,Blue,Fall,2.5,Yes,Express,Yes,Yes,28,Google Pay,Bi-Weekly
834,43.0,M,Shawl,Accessories,5238,bengaluru,M,Purple,Fall,3.5,Yes,Standard,Yes,Yes,11,UPI,Annually
835,52.0,Female,Scarf,Accessories,6610,Delhi,M,Indigo,Summer,3.1,Yes,Free Shipping,Yes,Yes,18,Paytm,Weekly
836,35.0,Male,Loafers,Footwear,2136,KOLKATA,L,Indigo,Summer,2.5,Yes,Next Day Air,Yes,Yes,21,upi,Weekly
837,23.0,Other,Belt,Accessories,6574,Vadodara  ,L,Violet,Winter,3.9,Yes,Store Pickup,Yes,Yes,22,Net Banking,Bi-Weekly
838,25.0,Other,Kurta,Clothing,2224, Lucknow ,L,Brown,Spring,4.9,Yes,Express,Yes,Yes,33,Google Pay,Every 3 Months
839,33.0,Male,Coat,Outerwear,2157, Chennai ,M,Gray,Spring,4.3,Yes,Express,Yes,Yes,49,PhonePe,Annually
840,48.0,F,Trousers,Clothing,2292, Lucknow ,L,Teal,Spring,2.6,Yes,Free Shipping,Yes,Yes,10,UPI,Every 3 Months
841,42.0,Male,T-Shirt,Clothing,1937,Bhopal  ,L,Teal,Summer,4.2,Yes,2-Day Shipping,Yes,Yes,18,Net Banking,Weekly
842,55.0,Male,Ethnic Top,Clothing,6577,mumbai,M,Beige,Summer,2.6,Yes,Store Pickup,Yes,Yes,28,Net Banking,Fortnightly
843,59.0,Male,Kurta,Clothing,6697,Patna,M,Violet,Spring,3.6,Yes,Express,Yes,Yes,25,net banking,Weekly
844,65.0,Female,Jeans,Clothing,5894,Ahmedabad,S,Beige,Summer,3.2,Yes,Express,Yes,Yes,6,Google Pay,Weekly
845,59.0,Female,Mojaris,Footwear,3432,Mumbai,L,Purple,Winter,4.4,Yes,Express,Yes,Yes,44,Google Pay,Bi-Weekly
846,31.0,Male,Shawl,Accessories,1485,varanasi,XL,Charcoal,Winter,3.7,Yes,Standard,Yes,Yes,30,Cash,Monthly
847,49.0,Female,Loafers,Footwear,5345,DELHI,M,Pink,Spring,3.7,Yes,Express,Yes,Yes,42,Google Pay,Quarterly
848,53.0,Male,Trousers,Clothing,3480,chennai,L,Blue,Fall,4.1,Yes,Standard,Yes,Yes,30,Credit Card,Monthly
849,48.0,Female,Mojaris,Footwear,5505,,M,Lavender,Fall,3.6,Yes,Store Pickup,Yes,Yes,33,Debit Card,Bi-Weekly
850,23.0,Male,Saree,Clothing,4646, Nagpur ,S,Charcoal,Spring,4.3,Yes,Express,Yes,Yes,24,Paytm,Quarterly
851,68.0,Female,Sandals,Footwear,1635,Jaipur,L,Turquoise,Winter,2.6,Yes,Store Pickup,Yes,Yes,13,UPI,Monthly
852,35.0,Female,Slippers,Footwear,6287,CHANDIGARH,M,Red,Summer,2.9,Yes,Express,Yes,Yes,19,Debit Card,Monthly
853,,F,Jacket,Clothing,4434,SURAT,L,Yellow,Spring,4.2,Yes,Next Day Air,Yes,Yes,23,Credit Card,Every 3 Months
854,62.0,M,Belt,Accessories,3358, Kolkata ,L,Orange,Winter,4.0,Yes,Free Shipping,Yes,Yes,35,upi,Monthly
855,21.0,Female,Shirt,Clothing,3334,Bengaluru,L,Blue,Spring,4.3,Yes,Free Shipping,Yes,Yes,22,Debit Card,Monthly
856,70.0,Male,Jacket,Clothing,5818,nagpur,L,Gold,Spring,3.0,Yes,2-Day Shipping,Yes,Yes,14,Credit Card,Quarterly
857,55.0,Female,Shirt,Clothing,2642,Chennai,M,Gold,Summer,3.5,Yes,Express,Yes,Yes,47,Net Banking,Fortnightly
858,43.0,Male,Jacket,Clothing,4644,bhopal,L,Cyan,Fall,3.0,Yes,Standard,Yes,Yes,50,paytm,Every 3 Months
859,19.0,male,Jacket,Outerwear,1909,Vadodara,L,Olive,Fall,,Yes,Free Shipping,Yes,Yes,33,Google Pay,Weekly
860,47.0,Male,Kurti,Clothing,5312,Kochi,M,Teal,Winter,4.0,Yes,Next Day Air,Yes,Yes,7, Debit Card ,Monthly
861,26.0,M,Slippers,Footwear,6474,chandigarh,M,Maroon,Spring,4.1,Yes,Standard,Yes,Yes,3,Net Banking,Monthly
862,46.0,Female,Ethnic Top,Clothing,7699,jaipur,XL,Green,Spring,,Yes,2-Day Shipping,Yes,Yes,35,DEBIT CARD,Every 3 Months
863,19.0,Female,Coat,Outerwear,6407, Mumbai ,M,Charcoal,Winter,4.9,Yes,Standard,Yes,Yes,13,Net Banking,Fortnightly
864,49.0,Female,Sneakers,Footwear,2903,bhopal,M,Cyan,Summer,3.9,Yes,Standard,Yes,Yes,42, UPI ,Fortnightly
865,51.0,Female,Kurta,Clothing,4368,Bengaluru,S,Charcoal,Winter,3.9,Yes,Next Day Air,Yes,Yes,5,google pay,Annually
866,64.0,F,Jeans,Clothing,1825,Bengaluru,L,Charcoal,Winter,4.8,Yes,Store Pickup,Yes,Yes,23,Cash,Annually
867,67.0,Male,Cap,Accessories,5119,Delhi,M,Lavender,Summer,2.7,Yes,Free Shipping,Yes,Yes,11,paytm,Bi-Weekly
868,37.0,M,Jacket,Outerwear,1528,Ahmedabad,M,Turquoise,Spring,3.1,Yes,Free Shipping,Yes,Yes,23,Net Banking,Fortnightly
869,40.0,male,Shirt,Clothing,6088, Ahmedabad ,M,Green,Summer,3.2,Yes,Next Day Air,Yes,Yes,2,UPI,Every 3 Months
870,38.0,M,Scarf,Accessories,4196,chandigarh,M,Silver,Spring,2.7,Yes,2-Day Shipping,Yes,Yes,33,PhonePe,Weekly
871,66.0,Male,Jacket,Clothing,5094,Jaipur,M,Blue,Fall,2.5,Yes,Standard,Yes,Yes,6,PHONEPE,Bi-Weekly
872,47.0,M,Wallet,Accessories,3218, Chennai ,M,Charcoal,Spring,2.6,Yes,Next Day Air,Yes,Yes,45,PhonePe,Quarterly
873,56.0,Male,Lehenga,Clothing,2602,Kochi,M,Pink,Spring,2.9,Yes,Standard,Yes,Yes,25,Paytm,Quarterly
242,36.0,Female,Shirt,Clothing,6576,Kolkata,M,Peach,Winter,4.1,Yes,Free Shipping,Yes,Yes,43,Net Banking,Bi-Weekly
875,25.0,Female,Jacket,Outerwear,4935,CHENNAI,M,Magenta,Fall,4.4,Yes,Free Shipping,Yes,Yes,10,PhonePe,Every 3 Months
876,37.0,M,Slippers,Footwear,2992,Chennai,L,Gray,Summer,4.1,Yes,Free Shipping,Yes,Yes,7,debit card,Every 3 Months
877,41.0,male,Watch,Accessories,3793,agra,L,Gray,Summer,3.8,Yes,2-Day Shipping,Yes,Yes,1,Cash,Weekly
878,64.0,Female,Backpack,Accessories,4933,Kochi,M,Orange,Winter,4.9,Yes,Next Day Air,Yes,Yes,45, UPI ,Every 3 Months
879,23.0,Male,Wallet,Accessories,6701,Hyderabad,S,Black,Summer,4.9,Yes,Express,Yes,Yes,37,Cash,Weekly
880,62.0,M,Ethnic Top,Clothing,5532,Patna,S,Lavender,Spring,4.1,Yes,Free Shipping,Yes,Yes,14,,Quarterly
881,39.0,Male,Handbag,Accessories,5801,Lucknow,L,Red,Spring,,Yes,Express,Yes,Yes,25,Cash,Monthly
882,52.0,Male,Loafers,Footwear,4588,Vadodara,M,Silver,Summer,2.7,Yes,Next Day Air,Yes,Yes,18,Debit Card,Annually
883,50.0,Male,Sneakers,Footwear,2474,Ahmedabad,M,Cyan,Fall,3.8,Yes,Next Day Air,Yes,Yes,37,PhonePe,Every 3 Months
884,28.0,Male,Boots,Footwear,2967,ahmedabad,S,Gold,Fall,4.3,Yes,Free Shipping,Yes,Yes,30,Cash,Monthly
885,67.0,Female,Shirt,Clothing,6834,Pune  ,L,Yellow,Winter,4.1,Yes,Express,Yes,Yes,34,Net Banking,Weekly
886,41.0,Female,Saree,Clothing,7253,Ahmedabad,L,Purple,Fall,4.4,Yes,Free Shipping,Yes,Yes,49,Cash,Every 3 Months
887,19.0,Male,Ethnic Top,Clothing,3888, Kochi ,S,Brown,Summer,3.6,Yes,Express,Yes,Yes,48,UPI,Monthly
888,70.0,Male,Belt,Accessories,3671, Agra ,L,Turquoise,Winter,3.3,Yes,2-Day Shipping,Yes,Yes,33,Net Banking,Fortnightly
889,49.0,Male,Sunglasses,Accessories,5674, Kolkata ,S,Gold,Spring,,Yes,Express,Yes,Yes,44,debit card,Annually
890,59.0,Female,Scarf,Accessories,6272,Delhi,S,Olive,Fall,2.8,Yes,Free Shipping,Yes,Yes,50, Paytm ,Weekly
891,52.0,Male,Sunglasses,Accessories,3641,Surat,S,Purple,Spring,4.3,Yes,2-Day Shipping,Yes,Yes,47, Google Pay ,Monthly
892,20.0,female,T-Shirt,Clothing,1805,delhi,S,Lavender,Summer,3.9,Yes,Store Pickup,Yes,Yes,24,Debit Card,Every 3 Months
893,31.0,F,Saree,Clothing,4825,Nagpur,L,Gray,Summer,2.7,Yes,Free Shipping,Yes,Yes,43,CREDIT CARD,Monthly
894,33.0,Male,Wallet,Accessories,3670,Delhi,M,Red,Spring,4.7,Yes,Express,Yes,Yes,14,PhonePe,Monthly
895,44.0,Male,T-Shirt,Clothing,4366,Surat,L,Purple,Spring,3.8,Yes,Free Shipping,Yes,Yes,3,Credit Card,Quarterly
896,,Male,Watch,Accessories,5171,Mumbai,XL,Olive,Spring,4.7,Yes,Next Day Air,Yes,Yes,33,Net Banking,Quarterly
897,69.0,Male,Belt,Accessories,2116,Kochi,M,Lavender,Spring,4.7,Yes,Express,Yes,Yes,38,Google Pay,Fortnightly
898,29.0,Male,Lehenga,Clothing,6947,AHMEDABAD,M,Gray,Spring,3.4,Yes,Express,Yes,Yes,46,paytm,Weekly
899,54.0,M,Backpack,Accessories,5072,Ahmedabad,L,Red,Spring,3.5,Yes,2-Day Shipping,Yes,Yes,19,Debit Card,Every 3 Months
900,65.0,Male,Jeans,Clothing,4243,AGRA,M,Peach,Summer,4.0,Yes,Standard,Yes,Yes,20,Paytm,Annually
901,54.0,Male,Shawl,Accessories,7391,Pune,L,Gray,Fall,3.3,Yes,Free Shipping,Yes,Yes,42,Google Pay,Quarterly
902,60.0,Female,Backpack,Accessories,5136,Agra,L,Violet,Summer,4.7,Yes,2-Day Shipping,Yes,Yes,34,Credit Card,Monthly
903,43.0,Male,Backpack,Accessories,3153,kolkata,M,Beige,Summer,2.8,Yes,Next Day Air,Yes,Yes,5,debit card,Monthly
904,44.0,Other,Jacket,Outerwear,3312,kolkata,M,Blue,Winter,3.3,Yes,Express,Yes,Yes,3,PhonePe,Quarterly
905,69.0,Female,Saree,Clothing,999999,Bengaluru,L,Magenta,Spring,2.9,Yes,Free Shipping,Yes,Yes,46,upi,Every 3 Months
906,46.0,Female,Ethnic Top,Clothing,5171,pune,S,Cyan,Spring,2.8,Yes,Standard,Yes,Yes,16,Cash,Annually
907,41.0,F,Jeans,Clothing,4040,Agra,M,Red,Spring,4.2,Yes,Standard,Yes,Yes,21, Paytm ,Bi-Weekly
908,32.0,Male,Jeans,Clothing,3122,,L,Cyan,Winter,4.4,Yes,Express,Yes,Yes,34,Net Banking,Bi-Weekly
909,26.0,Male,Watch,Accessories,7407,LUCKNOW,M,Turquoise,Winter,3.6,Yes,Free Shipping,Yes,Yes,9, Google Pay ,Every 3 Months
910,61.0,Female,Wallet,Accessories,4127,Varanasi,L,Silver,Fall,2.7,Yes,Express,Yes,Yes,36,Debit Card,Weekly
911,49.0,Female,T-Shirt,Clothing,1903,Surat,S,Pink,Spring,3.4,Yes,Express,Yes,Yes,22,Net Banking,Monthly
912,53.0,Female,Kurti,Clothing,5666,Surat,M,Black,Winter,2.8,Yes,2-Day Shipping,Yes,Yes,2,Credit Card,Quarterly
913,24.0,Female,Trousers,Clothing,4085, Delhi ,M,Green,Winter,3.4,Yes,Next Day Air,Yes,Yes,32,PhonePe,Monthly
914,37.0,male,Slippers,Footwear,3580,Varanasi,M,Yellow,Fall,2.6,Yes,Next Day Air,Yes,Yes,29,NET BANKING,Every 3 Months
915,43.0,Male,Kurta,Clothing,5033,Pune,L,Purple,Summer,4.1,Yes,Standard,Yes,Yes,27, Credit Card ,Every 3 Months
916,31.0,M,Shirt,Clothing,1664,Hyderabad,L,Purple,Winter,2.9,Yes,Store Pickup,Yes,Yes,33,PhonePe,Fortnightly
917,49.0,Male,Ethnic Top,Clothing,2723,Kolkata,S,Blue,Spring,2.7,Yes,Standard,Yes,Yes,16,Debit Card,Monthly
918,69.0,Male,Trousers,Clothing,4699,Delhi,M,Maroon,Spring,3.7,Yes,Standard,Yes,Yes,11,UPI,Quarterly
919,65.0,Female,Shirt,Clothing,2998, Chennai ,M,Orange,Spring,4.3,Yes,2-Day Shipping,Yes,Yes,11,UPI,Fortnightly
920,41.0,Female,T-Shirt,Clothing,6150,delhi,L,Green,Winter,2.6,Yes,2-Day Shipping,Yes,Yes,17, Net Banking ,Bi-Weekly
921,37.0,M,Wallet,Accessories,6132,Hyderabad,XL,Gold,Summer,4.3,Yes,Free Shipping,Yes,Yes,37, Cash ,Weekly
922,70.0,Female,Coat,Outerwear,1975,mumbai,L,Silver,Summer,4.1,Yes,Express,Yes,Yes,18,Net Banking,Weekly
923,63.0,Female,Mojaris,Footwear,4477,Lucknow,M,Cyan,Fall,4.2,Yes,Standard,Yes,Yes,13,GOOGLE PAY,Monthly
924,55.0,Female,T-Shirt,Clothing,1844,chennai,M,Silver,Spring,4.2,Yes,2-Day Shipping,Yes,Yes,7, Google Pay ,Weekly
925,52.0,Male,Trousers,Clothing,5772,Lucknow,XL,Beige,Winter,3.1,Yes,Standard,Yes,Yes,37,phonepe,Quarterly
926,22.0,Female,Trousers,Clothing,6741,Delhi,L,Teal,Winter,4.9,Yes,Express,Yes,Yes,8, PhonePe ,Monthly
927,54.0,Female,Shirt,Clothing,4695,kolkata,XL,Green,Spring,4.4,Yes,Express,Yes,Yes,11, PhonePe ,Bi-Weekly
928,28.0,Male,Mojaris,Footwear,5982,PATNA,L,Black,Summer,4.4,Yes,Standard,Yes,Yes,8,Net Banking,Bi-Weekly
929,67.0,Male,Jacket,Clothing,2710,SURAT,XL,Yellow,Winter,3.4,Yes,Store Pickup,Yes,Yes,31,PhonePe,Every 3 Months
930,59.0,Female,Sneakers,Footwear,6908,Hyderabad,M,White,Fall,4.5,Yes,2-Day Shipping,Yes,Yes,26,Cash,Fortnightly
931,26.0,Male,Trousers,Clothing,5842,Patna,L,Green,Fall,4.5,Yes,Store Pickup,Yes,Yes,20,net banking,Bi-Weekly
932,24.0,Male,Coat,Outerwear,2767,VARANASI,M,Silver,Winter,4.1,Yes,Standard,Yes,Yes,24,debit card,Fortnightly
933,62.0,M,Jacket,Clothing,1859,Surat,L,Blue,Winter,3.2,Yes,Standard,Yes,Yes,45,Debit Card,Bi-Weekly
934,70.0,Other,Loafers,Footwear,6472, Ahmedabad ,M,Magenta,Spring,2.7,Yes,Store Pickup,Yes,Yes,33,UPI,Monthly
935,45.0,Female,Ethnic Top,Clothing,3419,Chennai  ,S,Yellow,Spring,3.7,Yes,Express,Yes,Yes,21,GOOGLE PAY,Monthly
936,58.0,Other,T-Shirt,Clothing,3749,Surat,L,White,Fall,2.6,Yes,Store Pickup,Yes,Yes,2,Cash,Fortnightly
937,31.0,male,Boots,Footwear,6140, Hyderabad ,M,Pink,Summer,2.7,Yes,Free Shipping,Yes,Yes,28,Google Pay,Weekly
938,32.0,Female,Trousers,Clothing,1978,Bhopal  ,M,Magenta,Summer,2.7,Yes,Express,Yes,Yes,18,Paytm,Quarterly
939,36.0,female,T-Shirt,Clothing,7328,PATNA,S,Teal,Fall,4.8,Yes,Free Shipping,Yes,Yes,21,google pay,Fortnightly
940,25.0,Female,Kurta,Clothing,6481,MUMBAI,L,Indigo,Winter,4.8,Yes,Next Day Air,Yes,Yes,24,Google Pay,Monthly
941,48.0,Male,Backpack,Accessories,3315,agra,S,Maroon,Spring,2.6,Yes,Store Pickup,Yes,Yes,15,Credit Card,Every 3 Months
942,39.0,Male,Belt,Accessories,2493,AGRA,L,Black,Winter,4.5,Yes,2-Day Shipping,Yes,Yes,38,Credit Card,Every 3 Months
943,26.0,M,Ethnic Top,Clothing,6693,Hyderabad,M,Cyan,Winter,3.2,Yes,Express,Yes,Yes,38,Cash,Bi-Weekly
944,32.0,Female,Watch,Accessories,4605, Hyderabad ,L,Cyan,Winter,3.8,Yes,Next Day Air,Yes,Yes,13, Paytm ,Fortnightly
945,54.0,Male,Backpack,Accessories,7104,Chandigarh  ,S,Gray,Spring,4.8,Yes,Express,Yes,Yes,39,PhonePe,Bi-Weekly
946,38.0,Male,Sneakers,Footwear,2722,chennai,M,Violet,Summer,4.1,Yes,Store Pickup,Yes,Yes,8,Paytm,Every 3 Months
947,46.0,Male,Coat,Outerwear,1861,varanasi,XL,Blue,Spring,2.8,Yes,Next Day Air,Yes,Yes,4,Paytm,Quarterly
3559,68.0,Male,Shawl,Accessories,7171,INDORE,L,Magenta,Summer,4.8,No,Standard,No,No,9,Credit Card,Quarterly
949,49.0,Female,Backpack,Accessories,6757,Lucknow,L,Olive,Summer,4.9,Yes,Express,Yes,Yes,11,Debit Card,Every 3 Months
950,33.0,male,Kurta,Clothing,2712,AHMEDABAD,M,Olive,Summer,3.4,Yes,Standard,Yes,Yes,49,google pay,Monthly
951,54.0,Female,Belt,Accessories,2896,Kolkata,XL,Turquoise,Winter,4.1,Yes,Free Shipping,Yes,Yes,30,upi,Quarterly
952,47.0,Female,Jeans,Clothing,3890,Kolkata,M,Cyan,Summer,2.9,Yes,Express,Yes,Yes,34,Cash,Monthly
953,36.0,Male,Scarf,Accessories,5524,Ahmedabad,S,Red,Fall,3.1,Yes,2-Day Shipping,Yes,Yes,28, Debit Card ,Monthly
954,68.0,Female,Scarf,Accessories,3842,Surat  ,S,Cyan,Spring,3.6,Yes,2-Day Shipping,Yes,Yes,36,cash,Quarterly
955,60.0,Female,Sunglasses,Accessories,5556,KOCHI,S,Turquoise,Fall,3.5,Yes,Standard,Yes,Yes,18,Google Pay,Every 3 Months
956,55.0,Female,Kurti,Clothing,5757,CHANDIGARH,L,Lavender,Summer,3.4,Yes,Free Shipping,Yes,Yes,4,Cash,Monthly
957,29.0,Male,Kurti,Clothing,7301,Bhopal,XL,Cyan,Spring,2.9,Yes,2-Day Shipping,Yes,Yes,42,paytm,Quarterly
958,38.0,Male,Backpack,Accessories,1812, Patna ,XL,Violet,Spring,4.7,Yes,Store Pickup,Yes,Yes,11,Net Banking,Quarterly
959,70.0,Male,Sneakers,Footwear,3821,Ahmedabad,XL,Beige,Winter,4.4,Yes,Free Shipping,Yes,Yes,31,google pay,Bi-Weekly
960,36.0,Female,Kurta,Clothing,7334, Vadodara ,M,Cyan,Spring,2.6,Yes,Standard,Yes,Yes,12,phonepe,Fortnightly
961,18.0,Female,,Accessories,3599,DELHI,XL,Indigo,Spring,4.4,Yes,Standard,Yes,Yes,20,Phone Pay,Quarterly
962,62.0,Female,Slippers,Footwear,5409,Surat,L,Olive,Fall,,Yes,Next Day Air,Yes,Yes,37,paytm,Quarterly
963,29.0,Male,Handbag,Accessories,4975,ahmedabad,L,Green,Spring,4.4,Yes,Standard,Yes,Yes,26,Cash,Fortnightly
964,21.0,male,Boots,Footwear,4678,Chandigarh  ,L,Green,Spring,2.5,Yes,2-Day Shipping,Yes,Yes,14,Credit Card,Weekly
965,42.0,Female,Sandals,Footwear,3634,Bhopal,M,Beige,Spring,2.6,Yes,Next Day Air,Yes,Yes,12,PhonePe,Bi-Weekly
966,43.0,M,Sandals,Footwear,4277,Bhopal,L,Black,Spring,5.0,Yes,Store Pickup,Yes,Yes,10,PAYTM,Annually
967,58.0,Female,Shirt,Clothing,4081,Hyderabad,M,Brown,Spring,4.9,Yes,Express,Yes,Yes,19,UPI,Annually
968,27.0,Male,Lehenga,Clothing,2010,Indore,S,Silver,Summer,3.7,Yes,Store Pickup,Yes,Yes,4,CREDIT CARD,Weekly
969,57.0,Male,Trousers,Clothing,4901,Hyderabad,L,Gray,Summer,3.1,Yes,Next Day Air,Yes,Yes,48, PhonePe ,Quarterly
970,40.0,Male,,Outerwear,2381,Chennai,S,Pink,Fall,3.2,Yes,Express,Yes,Yes,37,Net Banking,Monthly
971,45.0,Male,T-Shirt,Clothing,4880,chennai,S,Maroon,Winter,4.4,Yes,Free Shipping,Yes,Yes,4,Paytm,Monthly
972,47.0,Male,Handbag,Accessories,4891,AHMEDABAD,M,Cyan,Summer,4.3,Yes,Next Day Air,Yes,Yes,15,paytm,Weekly
973,61.0,Male,Mojaris,Footwear,4602,lucknow,L,Gold,Winter,3.0,Yes,Standard,Yes,Yes,33, UPI ,Weekly
974,60.0,Male,,Outerwear,5587,nagpur,M,Teal,Fall,3.5,Yes,2-Day Shipping,Yes,Yes,30,Net Banking,Quarterly
975,69.0,Male,Ethnic Top,Clothing,6564,Jaipur,M,Beige,Spring,3.6,Yes,2-Day Shipping,Yes,Yes,23,UPI,Monthly
976,58.0,Other,Ethnic Top,Clothing,3031,Agra,M,Olive,Summer,3.8,Yes,2-Day Shipping,Yes,Yes,2,Credit Card,Weekly
977,34.0,Female,Kurta,Clothing,6744,Kochi,M,Gray,Fall,3.6,Yes,Express,Yes,Yes,50,Debit Card,Every 3 Months
978,20.0,Male,Handbag,Accessories,1648,AHMEDABAD,M,Black,Spring,4.6,Yes,Express,Yes,Yes,34,PhonePe,Bi-Weekly
979,56.0,Female,Scarf,Accessories,2829,Jaipur,M,Turquoise,Summer,2.5,Yes,Standard,Yes,Yes,33, Paytm ,Weekly
980,64.0,Female,Cap,Accessories,2633, Chandigarh ,S,Brown,Fall,3.5,Yes,Store Pickup,Yes,Yes,34,Credit Card,Monthly
981,56.0,Female,Slippers,Footwear,7487,Delhi,S,Magenta,Spring,4.0,Yes,Free Shipping,Yes,Yes,39,CASH,Every 3 Months
982,27.0,Female,Scarf,Accessories,3280,Kochi,M,Silver,Spring,3.5,Yes,Next Day Air,Yes,Yes,47, Credit Card ,Quarterly
983,35.0,Male,Coat,Outerwear,4765, Chennai ,S,Red,Summer,3.2,Yes,Standard,Yes,Yes,37,Cash,Monthly
984,24.0,Female,Shawl,Accessories,3470,KOCHI,L,Indigo,Winter,3.5,Yes,Free Shipping,Yes,Yes,40,UPI,Bi-Weekly
985,26.0,Female,Shoes,Footwear,5979,HYDERABAD,M,Green,Summer,3.4,Yes,Free Shipping,Yes,Yes,8,PAYTM,Bi-Weekly
986,32.0,Other,Sunglasses,Accessories,6019,Delhi,M,Gray,Fall,5.0,Yes,Express,Yes,Yes,12,Google Pay,Annually
987,54.0,Male,Watch,Accessories,7376,Agra,S,Peach,Spring,4.5,Yes,Store Pickup,Yes,Yes,36,Debit Card,Monthly
988,62.0,male,Sunglasses,Accessories,3471,Ahmedabad,M,Charcoal,Summer,2.8,Yes,Express,Yes,Yes,48,debit card,Weekly
989,50.0,M,Jacket,Clothing,6358,SURAT,M,Orange,Winter,4.9,Yes,2-Day Shipping,Yes,Yes,47, UPI ,Fortnightly
990,70.0,female,Shoes,Footwear,2416, Surat ,M,Beige,Spring,3.1,Yes,Store Pickup,Yes,Yes,2,CASH,Monthly
991,48.0,F,Cap,Accessories,4823,Jaipur,S,Yellow,Spring,4.8,Yes,Store Pickup,Yes,Yes,24,Paytm,Weekly
992,20.0,Male,T-Shirt,Clothing,7217,Jaipur,XL,White,Spring,,Yes,Standard,Yes,Yes,40,Net Banking,Bi-Weekly
993,46.0,Male,Jacket,Outerwear,7459,LUCKNOW,M,Gray,Winter,4.6,Yes,Express,Yes,Yes,50,Credit Card,Weekly
994,51.0,Female,Boots,Footwear,6664,VARANASI,M,Peach,Winter,,Yes,Store Pickup,Yes,Yes,25,Debit Card,Weekly
995,53.0,Male,Mojaris,Footwear,5264,Jaipur,L,Violet,Fall,3.2,Yes,Express,Yes,Yes,20,credit card,Monthly
996,44.0,Female,Belt,Accessories,5889, Bengaluru ,M,Magenta,Spring,3.0,Yes,2-Day Shipping,Yes,Yes,10,phonepe,Weekly
997,29.0,Female,Slippers,Footwear,6832,varanasi,L,Maroon,Summer,4.9,Yes,Standard,Yes,Yes,32,GOOGLE PAY,Quarterly
998,64.0,Male,Kurta,Clothing,2213,CHANDIGARH,M,Cyan,Spring,3.6,Yes,Express,Yes,Yes,31, UPI ,Fortnightly
999,51.0,Female,Slippers,Footwear,6633,Kolkata  ,M,White,Spring,3.8,Yes,Next Day Air,Yes,Yes,48,cash,Bi-Weekly
1000,50.0,Male,Kurta,Clothing,1976,Mumbai,L,Brown,Spring,2.9,Yes,Standard,Yes,Yes,23,Debit Card,Monthly
1001,43.0,female,T-Shirt,Clothing,3410,Pune,M,Red,Winter,3.9,Yes,Express,Yes,Yes,1,net banking,Bi-Weekly
1002,61.0,female,Kurti,Clothing,4304,Vadodara,M,Orange,Fall,3.6,Yes,Standard,Yes,Yes,4,PhonePe,Fortnightly
1003,55.0,,Boots,Footwear,4302,Mumbai  ,M,White,Spring,3.5,Yes,Store Pickup,Yes,Yes,3,Net Banking,Bi-Weekly
1004,56.0,Male,Belt,Accessories,4990,NAGPUR,M,Green,Fall,4.0,Yes,Store Pickup,Yes,Yes,3,PhonePe,Bi-Weekly
1005,33.0,M,Wallet,Accessories,5811,Chandigarh  ,M,Black,Summer,4.8,Yes,2-Day Shipping,Yes,Yes,44,google pay,Annually
1006,43.0,male,Scarf,Accessories,7119, Bhopal ,M,Gold,Winter,3.9,Yes,Store Pickup,Yes,Yes,5,UPI,Bi-Weekly
1007,21.0,male,Kurti,Clothing,6128,Agra,S,Lavender,Summer,4.5,Yes,Next Day Air,Yes,Yes,50,UPI,Quarterly
1008,58.0,Male,Shawl,Accessories,4788, Pune ,XL,Turquoise,Spring,4.8,Yes,Standard,Yes,Yes,2,CREDIT CARD,Annually
1009,41.0,Male,Scarf,Accessories,6349,varanasi,M,Pink,Spring,2.6,Yes,Store Pickup,Yes,Yes,29,UPI,Annually
3861,57.0,M,Belt,Accessories,4683, Chandigarh ,M,Turquoise,Summer,4.4,No,Next Day Air,No,No,44,upi,Annually
1011,54.0,M,Trousers,Clothing,1987, Delhi ,XL,Gray,Spring,4.7,Yes,2-Day Shipping,Yes,Yes,37,Credit Card,Fortnightly
1012,43.0,Male,Watch,Accessories,1885,NAGPUR,L,Indigo,Spring,2.9,Yes,Next Day Air,Yes,Yes,32, UPI ,Fortnightly
1013,28.0,F,Sneakers,Footwear,2669,chandigarh,L,Teal,Summer,3.8,Yes,Express,Yes,Yes,27,Cash,Annually
1014,59.0,Female,Watch,Accessories,5197,Vadodara,XL,Green,Summer,3.8,Yes,2-Day Shipping,Yes,Yes,31,Cash,Bi-Weekly
1015,28.0,M,Shoes,Footwear,7083, Nagpur ,M,Violet,Summer,3.0,Yes,Standard,Yes,Yes,36,Google Pay,Fortnightly
1016,68.0,Male,Backpack,Accessories,1652,Pune  ,M,Cyan,Summer,4.1,Yes,Standard,Yes,Yes,34,PhonePe,Weekly
1017,20.0,Male,Wallet,Accessories,2126,Nagpur,XL,Blue,Summer,3.4,Yes,Express,Yes,Yes,15,Paytm,Every 3 Months
1018,21.0,Male,Jacket,Outerwear,3980,Varanasi,L,Orange,Fall,2.5,Yes,Express,Yes,Yes,14,GOOGLE PAY,Annually
1019,50.0,Male,Jacket,Clothing,5365,Jaipur,XL,Charcoal,Spring,4.9,Yes,Next Day Air,Yes,Yes,46,Google Pay,Weekly
1020,32.0,Female,Shirt,Clothing,5801,Nagpur,S,Beige,Winter,2.8,Yes,Standard,Yes,Yes,33,UPI,Bi-Weekly
1021,24.0,F,Sunglasses,Accessories,7234, Varanasi ,M,Black,Fall,4.5,Yes,Express,Yes,Yes,41,credit card,Annually
1022,55.0,Female,Coat,Outerwear,3954, Ahmedabad ,S,Lavender,Winter,4.9,Yes,2-Day Shipping,Yes,Yes,39,Net Banking,Weekly
1023,61.0,Male,Handbag,Accessories,2986, Nagpur ,M,Lavender,Winter,4.9,Yes,Store Pickup,Yes,Yes,7,Credit Card,Annually
1024,61.0,Female,Handbag,Accessories,5475,Pune,S,Turquoise,Winter,3.5,Yes,Free Shipping,Yes,Yes,29,Cash,Every 3 Months
1025,28.0,Female,T-Shirt,Clothing,4914,Delhi,M,Purple,Summer,3.5,Yes,Free Shipping,Yes,Yes,18,PHONEPE,Quarterly
1026,60.0,Male,Ethnic Top,Clothing,6378, Patna ,M,Olive,Winter,4.9,Yes,Free Shipping,Yes,Yes,15,upi,Annually
1027,49.0,Male,Wallet,Accessories,6951,AGRA,L,Turquoise,Winter,3.0,Yes,Express,Yes,Yes,39,Credit Card,Bi-Weekly
1028,33.0,M,Shawl,Accessories,6619,Agra,L,Teal,Summer,2.8,Yes,Next Day Air,Yes,Yes,11,Cash,Monthly
1029,45.0,Male,Kurta,Clothing,2717,NAGPUR,S,Lavender,Summer,3.7,Yes,Standard,Yes,Yes,4, Debit Card ,Fortnightly
1030,29.0,F,Wallet,Accessories,1814,Patna,M,Purple,Spring,3.6,Yes,2-Day Shipping,Yes,Yes,33,Net Banking,Bi-Weekly
1031,58.0,Male,Coat,Outerwear,6663,Indore,L,Blue,Winter,3.3,Yes,Next Day Air,Yes,Yes,37,paytm,Quarterly
1032,22.0,Male,Boots,Footwear,3882,Ahmedabad,M,Teal,Spring,3.4,Yes,Free Shipping,Yes,Yes,32,debit card,Quarterly
1033,55.0,M,Slippers,Footwear,2805,Agra,M,Lavender,Fall,4.0,Yes,Free Shipping,Yes,Yes,44,Net Banking,Quarterly
1034,19.0,Male,Ethnic Top,Clothing,3823,Vadodara,S,Silver,Spring,4.6,Yes,Free Shipping,Yes,Yes,41,upi,Quarterly
1035,68.0,Female,Kurta,Clothing,-500,Delhi  ,M,Olive,Fall,4.2,Yes,Next Day Air,Yes,Yes,44,UPI,Weekly
1036,61.0,Female,T-Shirt,Clothing,6731,Kochi,M,Brown,Fall,2.8,Yes,Express,Yes,Yes,32,credit card,Annually
1037,68.0,F,Handbag,Accessories,3620,Agra,M,Yellow,Fall,3.7,Yes,2-Day Shipping,Yes,Yes,13,Net Banking,Monthly
1038,52.0,Male,Belt,Accessories,1696,surat,XL,Brown,Spring,3.4,Yes,Standard,Yes,Yes,48,GPay,Quarterly
1039,41.0,Female,Kurti,Clothing,5717,VADODARA,XL,Cyan,Fall,3.0,Yes,Express,Yes,Yes,3,UPI,Weekly
1040,29.0,Male,Wallet,Accessories,3289,mumbai,M,Magenta,Fall,4.8,Yes,Standard,Yes,Yes,39,Google Pay,Monthly
1041,68.0,Female,,Clothing,1487, Nagpur ,S,Magenta,Fall,4.0,Yes,Next Day Air,Yes,Yes,7,PhonePe,Fortnightly
1042,36.0,M,Lehenga,Clothing,1722,Vadodara,M,Orange,Summer,4.9,Yes,Next Day Air,Yes,Yes,11,Cash,Fortnightly
1043,55.0,Male,Handbag,Accessories,5982,Kolkata,M,Maroon,Spring,4.9,Yes,Next Day Air,Yes,Yes,47,PhonePe,Weekly
1044,28.0,Male,Jacket,Clothing,5574,agra,M,Green,Spring,3.3,Yes,2-Day Shipping,Yes,Yes,28,Net Banking,Fortnightly
1045,39.0,Male,Saree,Clothing,2258,HYDERABAD,L,Teal,Summer,4.4,Yes,Next Day Air,Yes,Yes,17,Net Banking,Every 3 Months
1046,54.0,F,Shirt,Clothing,5907,Delhi,L,Black,Fall,3.5,Yes,2-Day Shipping,Yes,Yes,11,Credit Card,Bi-Weekly
1047,40.0,Male,Boots,Footwear,1556,AHMEDABAD,M,Magenta,Winter,4.2,Yes,Standard,Yes,Yes,12,PhonePe,Annually
1048,31.0,Male,Kurti,Clothing,2687,Pune  ,S,Olive,Fall,4.2,Yes,Standard,Yes,Yes,7,Debit Card,Fortnightly
1049,30.0,Male,Saree,Clothing,5838,Bengaluru,L,Yellow,Fall,2.7,Yes,Standard,Yes,Yes,19,Net Banking,Fortnightly
1050,45.0,Female,Backpack,Accessories,2360,Lucknow  ,S,Purple,Fall,2.8,Yes,Store Pickup,Yes,Yes,24,Debit Card,Quarterly
1051,48.0,Male,Boots,Footwear,4923,LUCKNOW,M,Beige,Winter,3.8,Yes,Next Day Air,Yes,Yes,19,Debit Card,Monthly
1052,45.0,Female,Trousers,Clothing,4105,AGRA,M,Indigo,Fall,2.6,Yes,Free Shipping,Yes,Yes,39,credit card,Annually
1053,60.0,female,Boots,Footwear,2636,KOCHI,XL,Pink,Fall,3.0,Yes,2-Day Shipping,Yes,Yes,1,Credit Card,Fortnightly
1054,59.0,Male,Lehenga,Clothing,5395,Mumbai,M,Blue,Spring,3.3,No,2-Day Shipping,Yes,Yes,10,Debit Card,Bi-Weekly
1055,18.0,Male,Ethnic Top,Clothing,7385,Delhi  ,L,Cyan,Winter,4.9,No,Express,Yes,Yes,48,Google Pay,Quarterly
1056,70.0,Male,Jacket,Outerwear,2160,vadodara,M,Orange,Spring,3.3,No,Next Day Air,Yes,Yes,24,Debit Card,Annually
1057,20.0,F,Jacket,Clothing,4694,Pune,L,Black,Winter,2.9,No,2-Day Shipping,Yes,Yes,42,Google Pay,Fortnightly
1058,65.0,Male,Jacket,Outerwear,1850,Ahmedabad,S,Maroon,Spring,4.4,No,2-Day Shipping,Yes,Yes,20,phonepe,Weekly
1059,29.0,Male,Shawl,Accessories,2519,DELHI,L,Violet,Summer,3.1,No,Next Day Air,Yes,Yes,49,Google Pay,Every 3 Months
1060,22.0,female,Jacket,Outerwear,2439,,M,Beige,Winter,2.5,No,Standard,Yes,Yes,25,Net Banking,Monthly
1061,27.0,Female,Saree,Clothing,2483,Ahmedabad,S,Gray,Summer,2.6,No,Next Day Air,Yes,Yes,21,UPI,Every 3 Months
1062,36.0,Male,Coat,Outerwear,4477,surat,M,Gray,Summer,4.4,No,Free Shipping,Yes,Yes,12,paytm,Every 3 Months
1063,59.0,M,Sneakers,Footwear,5496, Chennai ,M,Brown,Fall,2.6,No,Next Day Air,Yes,Yes,21,UPI,Every 3 Months
1064,62.0,Male,Shirt,Clothing,2244,Bengaluru,S,Indigo,Summer,3.3,No,Free Shipping,Yes,Yes,35,UPI,Monthly
1065,34.0,Male,Backpack,Accessories,1923,Agra,M,Violet,Spring,3.5,No,Express,Yes,Yes,42,Credit Card,Every 3 Months
1066,59.0,Male,Jeans,Clothing,1411,Delhi,XL,Blue,Spring,4.1,No,Store Pickup,Yes,Yes,3,Paytm,Every 3 Months
1067,49.0,female,Coat,Outerwear,7299,Surat,M,Red,Winter,4.0,No,Store Pickup,Yes,Yes,11,Credit Card,Bi-Weekly
1068,18.0,Male,Jeans,Clothing,3080,Ahmedabad,S,Peach,Summer,2.7,No,2-Day Shipping,Yes,Yes,22, Google Pay ,Quarterly
1069,55.0,Female,T-Shirt,Clothing,7072, Mumbai ,M,Olive,Fall,2.5,No,Standard,Yes,Yes,47,Debit Card,Weekly
1070,38.0,Female,Jeans,Clothing,5994,Bengaluru,XL,White,Fall,4.3,No,Next Day Air,Yes,Yes,33,CASH,Every 3 Months
1071,,Male,Sunglasses,Accessories,5603,Kochi  ,M,Magenta,Summer,3.3,No,Free Shipping,Yes,Yes,50,Cash,Weekly
1072,61.0,Female,Cap,Accessories,6162,kochi,M,Beige,Summer,2.6,No,Express,Yes,Yes,46,Cash,Monthly
1073,48.0,M,Lehenga,Clothing,6980,Chandigarh,L,Gold,Fall,,No,Express,Yes,Yes,34,Google Pay,Fortnightly
1074,22.0,Female,Backpack,Accessories,7371,Indore,XL,Purple,Spring,4.0,No,Store Pickup,Yes,Yes,33,Paytm,Monthly
1075,48.0,Female,Scarf,Accessories,5313, Hyderabad ,S,White,Fall,2.6,No,Standard,Yes,Yes,45,PhonePe,Fortnightly
1076,57.0,Male,Shawl,Accessories,3615,Varanasi,L,Indigo,Summer,4.9,No,Next Day Air,Yes,Yes,32,GPay,Bi-Weekly
1077,33.0,Male,Coat,Outerwear,5497,CHENNAI,L,Charcoal,Spring,2.9,No,Standard,Yes,Yes,47,upi,Bi-Weekly
1078,58.0,Male,Jacket,Outerwear,2148, Kochi ,M,Pink,Winter,3.7,No,Standard,Yes,Yes,5,PAYTM,Quarterly
1079,37.0,Male,Trousers,Clothing,4300,INDORE,M,Silver,Fall,4.4,No,Express,Yes,Yes,49,,Fortnightly
1080,18.0,Male,Coat,Outerwear,2411,Vadodara,S,Blue,Summer,4.4,No,Free Shipping,Yes,Yes,48,Google Pay,Monthly
1081,65.0,Male,Sunglasses,Accessories,4388,Pune,L,Blue,Fall,3.8,No,Express,Yes,Yes,22,Google Pay,Every 3 Months
1082,62.0,female,Shawl,Accessories,2282, Lucknow ,XL,Brown,Spring,4.5,No,Standard,Yes,Yes,45,credit card,Annually
1083,54.0,Other,Shawl,Accessories,6429,Pune,XL,Cyan,Winter,2.6,No,Next Day Air,Yes,Yes,30,Credit Card,Quarterly
1084,35.0,Female,Watch,Accessories,7368, Delhi ,L,Teal,Summer,3.3,No,Store Pickup,Yes,Yes,43,UPI,Weekly
1085,34.0,Female,Ethnic Top,Clothing,2669,Agra,S,Purple,Fall,4.1,No,Next Day Air,Yes,Yes,48,Net Banking,Quarterly
1086,25.0,Male,Watch,Accessories,6491,Indore  ,M,Turquoise,Winter,3.0,No,Store Pickup,Yes,Yes,23,Paytm,Fortnightly
1087,53.0,Female,Cap,Accessories,4623, Agra ,M,Olive,Winter,3.0,No,Free Shipping,Yes,Yes,27,Cash,Bi-Weekly
1088,45.0,Male,Kurta,Clothing,5469,Hyderabad,S,White,Winter,3.4,No,Next Day Air,Yes,Yes,7,Phone Pay,Monthly
1089,49.0,Male,Trousers,Clothing,1392,vadodara,M,Turquoise,Winter,2.7,No,Free Shipping,Yes,Yes,2,PHONEPE,Weekly
1090,40.0,Female,Backpack,Accessories,4444,MUMBAI,M,Silver,Spring,3.8,No,Next Day Air,Yes,Yes,33,PAYTM,Bi-Weekly
1091,38.0,male,Wallet,Accessories,4487,Delhi,M,Violet,Spring,4.2,No,Store Pickup,Yes,Yes,27,upi,Fortnightly
1092,44.0,Female,Kurti,Clothing,5915,Surat,L,Lavender,Spring,4.7,No,Store Pickup,Yes,Yes,6,Cash,Fortnightly
1093,68.0,Female,Wallet,Accessories,3629, Chennai ,L,Magenta,Spring,4.1,No,2-Day Shipping,Yes,Yes,20,credit card,Quarterly
1094,60.0,Female,Mojaris,Footwear,3414,VARANASI,S,Indigo,Winter,4.2,No,2-Day Shipping,Yes,Yes,46, Credit Card ,Every 3 Months
1095,25.0,F,Cap,Accessories,2975, Chandigarh ,M,Black,Winter,4.8,No,Next Day Air,Yes,Yes,25,Credit Card,Quarterly
1096,19.0,female,Coat,Outerwear,2618,Lucknow  ,S,Peach,Summer,3.0,No,Free Shipping,Yes,Yes,30,PhonePe,Quarterly
1097,57.0,Male,Coat,Outerwear,3368,mumbai,S,Beige,Fall,2.6,No,Standard,Yes,Yes,48,PhonePe,Annually
1098,58.0,Male,Scarf,Accessories,2123,Bengaluru,M,Black,Summer,3.2,No,Store Pickup,Yes,Yes,47, UPI ,Weekly
1099,49.0,Female,Backpack,Accessories,7337,Bhopal,S,Turquoise,Spring,3.6,No,Next Day Air,Yes,Yes,27,phonepe,Weekly
1100,19.0,Male,Kurti,Clothing,5331,Varanasi  ,M,Peach,Fall,2.6,No,Next Day Air,Yes,Yes,45,GOOGLE PAY,Fortnightly
1101,50.0,Male,Saree,Clothing,2098, Chennai ,L,Gold,Spring,4.4,No,Express,Yes,Yes,2,PhonePe,Weekly
1102,30.0,Male,Cap,Accessories,5516, Chennai ,XL,Silver,Fall,3.0,No,Free Shipping,Yes,Yes,39,Credit Card,Fortnightly
1103,52.0,Female,Ethnic Top,Clothing,6312,KOLKATA,M,Peach,Fall,2.9,No,Express,Yes,Yes,24,UPI,Fortnightly
1104,35.0,male,T-Shirt,Clothing,1579,Jaipur,S,Charcoal,Spring,4.3,No,Free Shipping,Yes,Yes,8,Paytm,Bi-Weekly
1105,35.0,Female,Sunglasses,Accessories,2168, Mumbai ,M,Beige,Fall,3.1,No,Express,Yes,Yes,8,Paytm,Quarterly
1106,33.0,Male,Saree,Clothing,6327, Bhopal ,S,Olive,Spring,3.0,No,Next Day Air,Yes,Yes,6,UPI,Every 3 Months
1107,52.0,Male,Trousers,Clothing,7086,Bengaluru,L,Violet,Winter,3.6,No,Store Pickup,Yes,Yes,12, Google Pay ,Fortnightly
1108,69.0,Male,Mojaris,Footwear,4767, Varanasi ,M,Peach,Fall,2.8,No,Store Pickup,Yes,Yes,26,Paytm,Weekly
1109,27.0,male,Jeans,Clothing,1703,Bhopal,M,Teal,Fall,2.8,No,Standard,Yes,Yes,50,Credit Card,Fortnightly
1110,66.0,Female,Jeans,Clothing,7096,NAGPUR,L,Violet,Winter,,No,Next Day Air,Yes,Yes,2,Paytm,Weekly
1111,28.0,Male,Ethnic Top,Clothing,4695,Lucknow,L,Cyan,Fall,3.0,No,Standard,Yes,Yes,31,Paytm,Bi-Weekly
1112,22.0,Male,Shoes,Footwear,5034,Kochi,S,Olive,Summer,4.1,No,Next Day Air,Yes,Yes,4,Credit Card,Bi-Weekly
1113,69.0,Male,Kurta,Clothing,4872,Nagpur,XL,Pink,Spring,4.6,No,Free Shipping,Yes,Yes,32,PHONEPE,Quarterly
1114,28.0,Male,Shawl,Accessories,5804,Vadodara,M,Purple,Summer,4.8,No,Next Day Air,Yes,Yes,11,Google Pay,Bi-Weekly
1115,55.0,Male,Jacket,Clothing,1924,agra,L,Violet,Fall,2.6,No,Next Day Air,Yes,Yes,47,Cash,Every 3 Months
1116,30.0,Male,Belt,Accessories,4312,Nagpur  ,S,Peach,Fall,4.0,No,2-Day Shipping,Yes,Yes,37,,Weekly
1117,67.0,Female,Handbag,Accessories,7201,Kochi,M,Charcoal,Winter,4.2,No,Express,Yes,Yes,39,Credit Card,Fortnightly
1118,25.0,Female,Belt,Accessories,5675,Jaipur,L,Lavender,Spring,4.5,No,Store Pickup,Yes,Yes,24,Debit Card,Monthly
1119,49.0,M,Handbag,Accessories,4745, Ahmedabad ,M,Purple,Summer,4.9,No,Standard,Yes,Yes,11,UPI,Every 3 Months
1120,34.0,M,Shawl,Accessories,2662, Mumbai ,M,Indigo,Spring,3.1,No,Standard,Yes,Yes,36,Net Banking,Weekly
1121,22.0,Male,Loafers,Footwear,6272,PATNA,M,Magenta,Winter,4.0,No,Next Day Air,Yes,Yes,40,Google Pay,Monthly
1122,63.0,M,Ethnic Top,Clothing,4290, Pune ,XL,Peach,Fall,3.2,No,Express,Yes,Yes,25,PhonePe,Quarterly
1123,70.0,female,Cap,Accessories,4587,jaipur,S,Charcoal,Spring,4.3,No,2-Day Shipping,Yes,Yes,12,Debit Card,Annually
1124,36.0,Female,Backpack,Accessories,4890,Chandigarh,S,Purple,Fall,2.5,No,Store Pickup,Yes,Yes,38,Cash,Monthly
1125,42.0,M,Saree,Clothing,1497,kochi,M,Orange,Spring,,No,Express,Yes,Yes,40, Credit Card ,Quarterly
1126,27.0,Other,Sneakers,Footwear,6877,HYDERABAD,M,Lavender,Summer,2.7,No,2-Day Shipping,Yes,Yes,10,CASH,Weekly
1127,23.0,Male,Wallet,Accessories,4377,Patna,L,Beige,Winter,3.4,No,Standard,Yes,Yes,47,Cash,Fortnightly
1128,50.0,Male,Jacket,Clothing,4055,Mumbai,XL,Maroon,Spring,4.8,No,Store Pickup,Yes,Yes,22, Cash ,Monthly
1129,56.0,Male,Shawl,Accessories,2221,Chennai,L,Charcoal,Winter,4.7,No,Next Day Air,Yes,Yes,35,Debit Card,Monthly
1130,37.0,Male,Kurta,Clothing,4990,Chandigarh,XL,White,Winter,4.7,No,Express,Yes,Yes,46,Net Banking,Fortnightly
1131,67.0,Female,Belt,Accessories,2914, Kolkata ,M,Lavender,Summer,3.9,No,Standard,Yes,Yes,30,PhonePe,Bi-Weekly
1132,67.0,Male,Lehenga,Clothing,5281,Vadodara,M,Black,Spring,3.7,No,Express,Yes,Yes,20,Debit Card,Monthly
1133,50.0,Male,Jacket,Clothing,7323,Lucknow  ,S,Teal,Spring,4.3,No,Store Pickup,Yes,Yes,25,Debit Card,Fortnightly
1134,36.0,Female,Shoes,Footwear,2650,HYDERABAD,XL,Magenta,Winter,4.1,No,2-Day Shipping,Yes,Yes,29,Net Banking,Weekly
1135,62.0,Female,T-Shirt,Clothing,6085,Jaipur,M,Brown,Summer,,No,Express,Yes,Yes,2,DEBIT CARD,Every 3 Months
1136,65.0,Female,Saree,Clothing,6851,Kolkata,L,Peach,Winter,3.6,No,2-Day Shipping,Yes,Yes,32,Credit Card,Quarterly
1137,23.0,Female,Shawl,Accessories,6110, Mumbai ,S,Cyan,Summer,4.8,No,Free Shipping,Yes,Yes,37,Credit Card,Monthly
1138,46.0,M,Lehenga,Clothing,7021,nagpur,XL,Pink,Winter,2.8,No,2-Day Shipping,Yes,Yes,16, UPI ,Every 3 Months
1139,18.0,Female,Trousers,Clothing,2752,CHENNAI,M,Purple,Summer,4.7,No,Express,Yes,Yes,32,Paytm,Fortnightly
1140,58.0,F,Coat,Outerwear,3795,kolkata,L,Purple,Spring,3.9,No,Standard,Yes,Yes,42,Google Pay,Bi-Weekly
1141,31.0,Female,Shirt,Clothing,2981, Bhopal ,M,White,Winter,2.6,No,Store Pickup,Yes,Yes,6,UPI,Every 3 Months
1142,39.0,Female,Backpack,Accessories,2653,Lucknow,S,Silver,Winter,4.7,No,Next Day Air,Yes,Yes,23, PhonePe ,Fortnightly
1143,69.0,Male,Jeans,Clothing,5880,KOLKATA,L,Green,Spring,3.5,No,Store Pickup,Yes,Yes,27,Debit Card,Bi-Weekly
1144,68.0,Other,Loafers,Footwear,1557,Ahmedabad,L,Teal,Winter,4.4,No,Standard,Yes,Yes,43, Credit Card ,Quarterly
1145,41.0,Male,Saree,Clothing,4109,Mumbai,S,Indigo,Fall,4.4,No,2-Day Shipping,Yes,Yes,25,Debit Card,Fortnightly
1146,31.0,Other,Loafers,Footwear,6708,Bhopal,L,Pink,Summer,3.0,No,Express,Yes,Yes,30,Credit Card,Every 3 Months
1147,48.0,Male,Slippers,Footwear,2652,Patna,M,Indigo,Summer,4.2,No,Standard,Yes,Yes,7,Cash,Every 3 Months
1148,59.0,Female,Backpack,Accessories,2846,PUNE,XL,Red,Winter,4.3,No,Next Day Air,Yes,Yes,17,Google Pay,Annually
1149,34.0,male,Jacket,Clothing,5057,Lucknow  ,M,Violet,Spring,2.6,No,Store Pickup,Yes,Yes,10,UPI,Fortnightly
1150,21.0,Male,Sunglasses,Accessories,3176,Patna,L,Cyan,Spring,3.3,No,Store Pickup,Yes,Yes,40,UPI,Annually
1151,29.0,male,Cap,Accessories,2783,Nagpur,S,Red,Winter,2.7,No,Next Day Air,Yes,Yes,50,phonepe,Bi-Weekly
1152,41.0,Female,Shirt,Clothing,6319,Kochi,M,Gray,Spring,,No,Express,Yes,Yes,24,Cash,Weekly
1153,62.0,M,Backpack,Accessories,3787,mumbai,M,Gold,Fall,4.0,No,Standard,Yes,Yes,8,UPI,Every 3 Months
1154,27.0,Other,Kurti,Clothing,3238,Chandigarh,M,Pink,Summer,4.0,No,Free Shipping,Yes,Yes,6,upi,Quarterly
1155,49.0,female,Kurti,Clothing,6203,DELHI,L,Cyan,Spring,2.9,No,2-Day Shipping,Yes,Yes,44,paytm,Bi-Weekly
1156,67.0,M,T-Shirt,Clothing,3918,Agra,S,Red,Fall,2.6,No,Express,Yes,Yes,47,Net Banking,Quarterly
1157,20.0,Male,Loafers,Footwear,1398,Hyderabad,M,Gold,Summer,4.8,No,Express,Yes,Yes,6,Google Pay,Every 3 Months
1158,37.0,Female,Sunglasses,Accessories,4983,agra,M,Charcoal,Fall,4.4,No,Standard,Yes,Yes,11,DEBIT CARD,Quarterly
1159,69.0,Female,Watch,Accessories,6807,Chandigarh,L,Orange,Summer,4.0,No,2-Day Shipping,Yes,Yes,41, Net Banking ,Annually
1160,66.0,Other,Sunglasses,Accessories,4099,AHMEDABAD,L,Blue,Fall,3.6,No,2-Day Shipping,Yes,Yes,46,UPI,Every 3 Months
1161,37.0,Male,Belt,Accessories,3281, Chandigarh ,S,Blue,Summer,3.2,No,Next Day Air,Yes,Yes,9,Phone Pay,Bi-Weekly
1162,63.0,Female,Kurti,Clothing,4024,Hyderabad  ,S,Orange,Fall,3.1,No,2-Day Shipping,Yes,Yes,37,DEBIT CARD,Monthly
1163,47.0,Male,Shoes,Footwear,7056,Nagpur,M,Blue,Winter,4.2,No,Express,Yes,Yes,13,Credit Card,Weekly
1164,26.0,Female,Lehenga,Clothing,4158,Pune,L,White,Summer,3.0,No,2-Day Shipping,Yes,Yes,24,Cash,Monthly
1165,68.0,Female,Jeans,Clothing,7347,Ahmedabad,M,Green,Winter,4.2,No,Standard,Yes,Yes,47,Cash,Quarterly
1166,51.0,M,Shirt,Clothing,4947,Bengaluru  ,M,Silver,Winter,2.9,No,Next Day Air,Yes,Yes,21,upi,Every 3 Months
1167,48.0,Female,Lehenga,Clothing,3685,Mumbai,S,Lavender,Winter,3.7,No,Store Pickup,Yes,Yes,22,UPI,Fortnightly
1168,60.0,Female,Saree,Clothing,6042,Surat,XL,Beige,Summer,3.6,No,Free Shipping,Yes,Yes,16,Debit Card,Quarterly
1169,68.0,Female,Sunglasses,Accessories,6668,CHENNAI,L,Violet,Summer,3.6,No,Standard,Yes,Yes,37,Net Banking,Fortnightly
1170,25.0,male,Wallet,Accessories,7004,Delhi,S,Gray,Fall,4.5,No,2-Day Shipping,Yes,Yes,3, Credit Card ,Annually
1171,57.0,Other,Shirt,Clothing,4804,HYDERABAD,S,Red,Spring,3.2,No,Express,Yes,Yes,33,Paytm,Bi-Weekly
1172,41.0,,Jacket,Clothing,4301,Surat,M,Lavender,Spring,3.9,No,Next Day Air,Yes,Yes,15,Google Pay,Annually
1173,59.0,,Coat,Outerwear,5130,varanasi,L,Peach,Spring,4.6,No,Store Pickup,Yes,Yes,42,PAYTM,Bi-Weekly
1174,44.0,male,Shawl,Accessories,5870,AGRA,M,Indigo,Winter,2.5,No,Express,Yes,Yes,42,Net Banking,Bi-Weekly
1175,42.0,Female,Wallet,Accessories,2440, Bengaluru ,M,Black,Winter,4.3,No,Express,Yes,Yes,19,PhonePe,Bi-Weekly
1176,35.0,Male,Shawl,Accessories,6099,Varanasi,M,Beige,Spring,4.1,No,Store Pickup,Yes,Yes,26,Debit Card,Quarterly
1177,36.0,Female,T-Shirt,Clothing,6241, Chandigarh ,M,Red,Winter,,No,Free Shipping,Yes,Yes,39,upi,Quarterly
1178,54.0,male,Saree,Clothing,1430,NAGPUR,M,Black,Spring,4.8,No,Standard,Yes,Yes,24, Paytm ,Monthly
1179,37.0,Male,Ethnic Top,Clothing,1480,Patna,M,Teal,Spring,4.9,No,Express,Yes,Yes,23,Google Pay,Annually
1180,20.0,female,Kurti,Clothing,2631,Chandigarh,M,Blue,Summer,2.8,No,Free Shipping,Yes,Yes,44, PhonePe ,Annually
1181,23.0,Female,Lehenga,Clothing,1583, Mumbai ,S,Beige,Spring,4.9,No,Standard,Yes,Yes,34,Cash,Monthly
1182,61.0,Female,T-Shirt,Clothing,7379,jaipur,L,Teal,Summer,3.5,No,Free Shipping,Yes,Yes,43,Net Banking,Quarterly
1183,37.0,Male,Cap,Accessories,1760, Mumbai ,M,Maroon,Spring,3.8,No,Express,Yes,Yes,45,Paytm,Quarterly
1184,23.0,Female,Kurta,Clothing,3077,JAIPUR,M,Yellow,Spring,4.5,No,2-Day Shipping,Yes,Yes,4,,Weekly
1185,63.0,Male,Cap,Accessories,5509,Jaipur,S,Indigo,Fall,3.4,No,Express,Yes,Yes,19,google pay,Annually
1186,47.0,male,Trousers,Clothing,4706,Ahmedabad,M,Magenta,Spring,3.9,No,Standard,Yes,Yes,29,UPI,Monthly
1187,63.0,male,Jacket,Clothing,5090,Nagpur,M,Beige,Summer,4.1,No,2-Day Shipping,Yes,Yes,27,UPI,Annually
1188,,Female,Wallet,Accessories,6492, Delhi ,L,Maroon,Fall,3.0,No,Express,Yes,Yes,37, PhonePe ,Every 3 Months
1189,68.0,M,Shirt,Clothing,2200,Chandigarh,M,Magenta,Summer,3.3,No,Next Day Air,Yes,Yes,11,google pay,Weekly
1190,64.0,Male,T-Shirt,Clothing,7241,Ahmedabad,XL,Teal,Summer,,No,Free Shipping,Yes,Yes,28,CREDIT CARD,Annually
1191,62.0,Other,Shirt,Clothing,3245,Lucknow,M,Orange,Winter,4.3,No,Next Day Air,Yes,Yes,31,CASH,Weekly
1192,34.0,Male,Saree,Clothing,5411,Pune,L,Charcoal,Winter,4.1,No,Free Shipping,Yes,Yes,50,Net Banking,Quarterly
1193,49.0,Male,Coat,Outerwear,4053,Bengaluru,M,Turquoise,Summer,4.0,No,2-Day Shipping,Yes,Yes,42,UPI,Quarterly
1194,,Female,Jacket,Outerwear,4169,Bengaluru,L,Pink,Fall,5.0,No,2-Day Shipping,Yes,Yes,18,net banking,Fortnightly
1195,50.0,Male,Shirt,Clothing,3599, Vadodara ,S,Teal,Winter,3.1,No,2-Day Shipping,Yes,Yes,6,google pay,Fortnightly
1196,25.0,female,Cap,Accessories,7000,Chennai,M,White,Winter,4.0,No,2-Day Shipping,Yes,Yes,33,upi,Monthly
1197,30.0,Female,Shawl,Accessories,6434,Bhopal  ,M,Maroon,Winter,3.2,No,2-Day Shipping,Yes,Yes,13,Paytm,Bi-Weekly
1198,54.0,Male,Slippers,Footwear,6966,Bhopal,L,Violet,Fall,3.9,No,Standard,Yes,Yes,26,PAYTM,Annually
1199,40.0,female,Lehenga,Clothing,3791,agra,M,Brown,Summer,3.9,No,2-Day Shipping,Yes,Yes,17,Google Pay,Annually
1200,49.0,Male,Boots,Footwear,6774,Kolkata,M,Indigo,Fall,4.5,No,Free Shipping,Yes,Yes,3,Cash,Weekly
1201,27.0,Female,Coat,Outerwear,1570,Mumbai,XL,Black,Winter,4.4,No,Store Pickup,Yes,Yes,7,PhonePe,Weekly
1202,27.0,Female,Boots,Footwear,4698,bhopal,XL,Black,Summer,3.1,No,2-Day Shipping,Yes,Yes,46, Credit Card ,Fortnightly
1203,48.0,Male,Scarf,Accessories,1999,AGRA,S,Olive,Spring,2.9,No,Standard,Yes,Yes,14,Paytm,Every 3 Months
1204,40.0,,Sneakers,Footwear,6109,Chennai,M,Orange,Winter,3.7,No,Free Shipping,Yes,Yes,23,PhonePe,Annually
1205,67.0,Male,Shawl,Accessories,6933,Bhopal,M,Pink,Spring,3.2,No,2-Day Shipping,Yes,Yes,20,Credit Card,Every 3 Months
1206,52.0,male,Belt,Accessories,7338,Nagpur  ,M,Olive,Spring,3.5,No,Standard,Yes,Yes,38,Paytm,Fortnightly
719,22.0,Female,T-Shirt,Clothing,1461,kochi,M,Peach,Summer,4.6,Yes,Standard,Yes,Yes,25,PhonePe,Annually
1208,62.0,Male,Sandals,Footwear,6937,Lucknow,M,White,Summer,4.1,No,Next Day Air,Yes,Yes,48,Debit Card,Every 3 Months
1209,20.0,Male,Loafers,Footwear,7465,NAGPUR,S,Red,Winter,,No,2-Day Shipping,Yes,Yes,8,UPI,Annually
1210,41.0,Male,Trousers,Clothing,4640, Surat ,M,Blue,Winter,3.8,No,Next Day Air,Yes,Yes,16,Google Pay,Monthly
1211,34.0,Female,Scarf,Accessories,5824,bhopal,M,Olive,Fall,4.1,No,Next Day Air,Yes,Yes,5,Paytm,Quarterly
1212,23.0,Male,Lehenga,Clothing,6850,indore,M,Green,Spring,4.6,No,Store Pickup,Yes,Yes,14,Paytm,Every 3 Months
1213,32.0,Female,Boots,Footwear,5736,agra,M,Yellow,Summer,2.5,No,Free Shipping,Yes,Yes,18,NET BANKING,Weekly
1214,68.0,Male,Wallet,Accessories,3928, Ahmedabad ,XL,Black,Spring,3.7,No,Express,Yes,Yes,14,UPI,Every 3 Months
1215,30.0,male,Jacket,Outerwear,5960,NAGPUR,M,Blue,Fall,3.8,No,Free Shipping,Yes,Yes,5,Paytm,Every 3 Months
1216,66.0,Female,Shirt,Clothing,1361, Chennai ,L,Pink,Winter,2.6,No,2-Day Shipping,Yes,Yes,15, Paytm ,Every 3 Months
1217,62.0,Male,Jeans,Clothing,2519,Indore  ,XL,Lavender,Summer,3.7,No,Free Shipping,Yes,Yes,3,Debit Card,Every 3 Months
1218,50.0,Female,Loafers,Footwear,4906,Kolkata  ,XL,Cyan,Fall,2.6,No,Free Shipping,Yes,Yes,12,paytm,Every 3 Months
1219,55.0,M,Mojaris,Footwear,5930, Ahmedabad ,M,Cyan,Spring,3.1,No,Store Pickup,Yes,Yes,43,Paytm,Every 3 Months
1220,19.0,Male,T-Shirt,Clothing,1629,Vadodara,M,Gold,Winter,2.5,No,Next Day Air,Yes,Yes,35,Paytm,Bi-Weekly
1221,67.0,Male,Watch,Accessories,4917,BHOPAL,M,Green,Winter,,No,Express,Yes,Yes,36,phonepe,Quarterly
1222,18.0,Female,Saree,Clothing,5265,Surat  ,M,Red,Winter,4.5,No,Standard,Yes,Yes,3,Paytm,Quarterly
1223,58.0,Other,Jeans,Clothing,5224,JAIPUR,L,Magenta,Fall,3.4,No,Store Pickup,Yes,Yes,27, UPI ,Annually
1224,69.0,Female,,Clothing,1612,PATNA,L,Red,Winter,3.9,No,Free Shipping,Yes,Yes,21,debit card,Weekly
1225,62.0,M,Kurti,Clothing,3712,Surat,M,Yellow,Summer,3.7,No,Store Pickup,Yes,Yes,18,paytm,Weekly
1226,28.0,Female,Backpack,Accessories,7117,Lucknow,S,Turquoise,Fall,2.6,No,Free Shipping,Yes,Yes,16,Credit Card,Weekly
1227,53.0,male,Sandals,Footwear,7010,Indore,S,Cyan,Fall,3.4,No,Store Pickup,Yes,Yes,18,Debit Card,Bi-Weekly
1228,27.0,Female,Saree,Clothing,2685,Pune,L,Yellow,Spring,4.9,No,Store Pickup,Yes,Yes,19,debit card,Bi-Weekly
1229,55.0,female,Jacket,Outerwear,4129,Nagpur,S,Yellow,Winter,3.9,No,Express,Yes,Yes,1,,Annually
1230,34.0,female,Backpack,Accessories,4083,PUNE,XL,Maroon,Winter,3.6,No,Express,Yes,Yes,39,UPI,Annually
1231,25.0,M,Sunglasses,Accessories,6055,KOCHI,L,Brown,Spring,,No,Standard,Yes,Yes,49,PhonePe,Monthly
1232,66.0,Male,Shirt,Clothing,6031,SURAT,M,Gold,Spring,4.0,No,2-Day Shipping,Yes,Yes,43,cash,Fortnightly
1233,57.0,Male,Watch,Accessories,1668,pune,M,Charcoal,Summer,3.6,No,Free Shipping,Yes,Yes,31,NET BANKING,Every 3 Months
1234,46.0,Female,Kurta,Clothing,5420,Jaipur  ,L,Beige,Winter,,No,Next Day Air,Yes,Yes,40,CASH,Every 3 Months
1235,38.0,Male,Wallet,Accessories,7615,Agra,M,Indigo,Fall,4.1,No,Store Pickup,Yes,Yes,2,UPI,Bi-Weekly
1236,23.0,Male,Saree,Clothing,1750,INDORE,M,Red,Spring,3.0,No,Store Pickup,Yes,Yes,46,PhonePe,Every 3 Months
1237,42.0,Male,Sunglasses,Accessories,5063,Ahmedabad,M,White,Summer,4.4,No,Store Pickup,Yes,Yes,35,Google Pay,Every 3 Months
1238,25.0,male,Kurta,Clothing,6868,Vadodara,S,Charcoal,Spring,4.4,No,2-Day Shipping,Yes,Yes,42,credit card,Quarterly
1239,55.0,Other,Lehenga,Clothing,5872,vadodara,M,Violet,Winter,,No,Express,Yes,Yes,3,Net Banking,Fortnightly
1240,62.0,Female,Coat,Outerwear,2807,VARANASI,XL,Magenta,Spring,4.8,No,Standard,Yes,Yes,32,Debit Card,Every 3 Months
1241,41.0,Female,Watch,Accessories,6115,pune,L,White,Winter,2.9,No,Store Pickup,Yes,Yes,48,debit card,Annually
1242,58.0,F,Shirt,Clothing,3895,BENGALURU,XL,Pink,Winter,3.1,No,Express,Yes,Yes,34,debit card,Weekly
1243,56.0,F,Shirt,Clothing,1884,VADODARA,M,Lavender,Summer,4.0,No,Next Day Air,Yes,Yes,15,CREDIT CARD,Quarterly
1244,25.0,M,Kurti,Clothing,1820,Lucknow  ,S,Pink,Spring,3.0,No,Store Pickup,Yes,Yes,22,Credit Card,Annually
1245,70.0,Male,Trousers,Clothing,5734,pune,S,Silver,Summer,3.9,No,2-Day Shipping,Yes,Yes,2,Net Banking,Monthly
1246,42.0,Other,Jacket,Clothing,2289, Nagpur ,M,Violet,Fall,3.4,No,Standard,Yes,Yes,30,Cash,Weekly
1247,27.0,Female,Kurta,Clothing,4493,Kochi,M,Charcoal,Winter,2.7,No,Standard,Yes,Yes,27,CASH,Monthly
1248,65.0,Male,Ethnic Top,Clothing,7458,Bengaluru,M,Charcoal,Spring,,No,Express,Yes,Yes,18, Cash ,Bi-Weekly
1249,62.0,Male,Handbag,Accessories,2942,Bhopal,XL,Red,Winter,3.0,No,Free Shipping,Yes,Yes,8,PhonePe,Annually
1250,62.0,M,Shoes,Footwear,3732,PATNA,M,Peach,Winter,4.5,No,Express,Yes,Yes,48,DEBIT CARD,Fortnightly
1251,52.0,M,Trousers,Clothing,2082, Mumbai ,XL,Purple,Winter,4.1,No,Free Shipping,Yes,Yes,24,UPI,Monthly
1252,56.0,Male,Jeans,Clothing,6481,Bengaluru,XL,Orange,Spring,5.0,No,Next Day Air,Yes,Yes,43,PhonePe,Monthly
1253,28.0,Male,Boots,Footwear,3235,CHENNAI,L,Magenta,Fall,4.0,No,Standard,Yes,Yes,8,debit card,Quarterly
1254,39.0,Female,Sandals,Footwear,1631,CHANDIGARH,XL,Red,Winter,4.9,No,Express,Yes,Yes,49,Credit Card,Annually
1255,54.0,Female,Boots,Footwear,4377,Ahmedabad,XL,Black,Spring,3.3,No,2-Day Shipping,Yes,Yes,2,Credit Card,Bi-Weekly
1256,30.0,Male,Cap,Accessories,5122,Bhopal,M,Peach,Fall,4.1,No,Standard,Yes,Yes,38,Credit Card,Fortnightly
1257,45.0,Male,Coat,Outerwear,3479, Pune ,S,Olive,Winter,3.6,No,Express,Yes,Yes,4,Debit Card,Fortnightly
1258,68.0,Female,Trousers,Clothing,5058,Surat  ,L,Gold,Spring,3.0,No,Free Shipping,Yes,Yes,31, Cash ,Every 3 Months
1259,47.0,Male,Boots,Footwear,6705, Nagpur ,XL,Gold,Spring,4.1,No,2-Day Shipping,Yes,Yes,34,Credit Card,Every 3 Months
1260,68.0,F,Lehenga,Clothing,4783,HYDERABAD,M,Turquoise,Fall,3.9,No,Standard,Yes,Yes,45,Google Pay,Monthly
1261,63.0,male,,Clothing,6959, Patna ,XL,Green,Spring,4.1,No,Store Pickup,Yes,Yes,30,Credit Card,Quarterly
1262,20.0,F,T-Shirt,Clothing,2108,vadodara,L,Maroon,Summer,2.8,No,Next Day Air,Yes,Yes,2,Net Banking,Fortnightly
1263,29.0,F,Loafers,Footwear,4669,DELHI,L,Brown,Winter,4.8,No,Store Pickup,Yes,Yes,44,Net Banking,Monthly
1264,41.0,Female,Kurta,Clothing,5337,Indore,L,Brown,Winter,4.6,No,2-Day Shipping,Yes,Yes,1,debit card,Bi-Weekly
1265,52.0,Female,T-Shirt,Clothing,7063,Patna,S,Blue,Winter,2.5,No,Next Day Air,Yes,Yes,1, Cash ,Bi-Weekly
1266,32.0,Male,Lehenga,Clothing,5926,Lucknow,M,Lavender,Spring,2.7,No,Next Day Air,Yes,Yes,27, PhonePe ,Weekly
1267,20.0,Male,Kurti,Clothing,2494, Bhopal ,M,Peach,Fall,4.0,No,Standard,Yes,Yes,14,credit card,Every 3 Months
1268,47.0,male,Jacket,Clothing,6170, Mumbai ,S,Gray,Spring,2.7,No,Standard,Yes,Yes,41, Cash ,Weekly
1269,23.0,Female,Jacket,Outerwear,6723,bengaluru,XL,Charcoal,Winter,2.9,No,Next Day Air,Yes,Yes,25, Cash ,Bi-Weekly
1270,43.0,M,Shawl,Accessories,3901,LUCKNOW,M,Lavender,Spring,,No,Standard,Yes,Yes,47,Paytm,Quarterly
1271,67.0,Female,Lehenga,Clothing,7284,mumbai,M,Green,Fall,3.3,No,Standard,Yes,Yes,20,Google Pay,Annually
1272,70.0,Male,Cap,Accessories,4188,Patna,S,Gray,Spring,4.3,No,Store Pickup,Yes,Yes,42,Net Banking,Annually
1273,35.0,Male,Sneakers,Footwear,6063,Patna,M,Orange,Winter,4.4,No,Express,Yes,Yes,16,Debit Card,Monthly
1274,41.0,Female,Ethnic Top,Clothing,2038,Vadodara  ,L,Silver,Spring,4.1,No,Next Day Air,Yes,Yes,32,CREDIT CARD,Every 3 Months
1275,54.0,M,Backpack,Accessories,5409,Bengaluru  ,M,Olive,Spring,3.1,No,2-Day Shipping,Yes,Yes,37,Paytm,Quarterly
1276,55.0,Male,Kurti,Clothing,2240,Pune,S,Turquoise,Fall,4.5,No,Standard,Yes,Yes,1,Debit Card,Monthly
1277,51.0,M,Shoes,Footwear,5195,KOCHI,L,Turquoise,Spring,4.8,No,Next Day Air,Yes,Yes,37,phonepe,Weekly
1278,19.0,male,Trousers,Clothing,7077,varanasi,L,Green,Spring,5.0,No,Express,Yes,Yes,5,Google Pay,Quarterly
1279,28.0,Female,Shirt,Clothing,7343, Nagpur ,M,Violet,Fall,2.8,No,Next Day Air,Yes,Yes,31,cash,Fortnightly
1280,63.0,F,Shirt,Clothing,4109,Bhopal,L,Charcoal,Fall,3.7,No,Express,Yes,Yes,18,credit card,Annually
1281,30.0,Male,Jacket,Clothing,5870,Indore,L,White,Winter,4.4,No,2-Day Shipping,Yes,Yes,39,PHONEPE,Every 3 Months
1282,29.0,Male,Watch,Accessories,6244,bhopal,M,Olive,Spring,4.5,No,Store Pickup,Yes,Yes,8,Debit Card,Bi-Weekly
1283,24.0,Male,Jeans,Clothing,5267,Surat,L,Violet,Winter,3.0,No,Free Shipping,Yes,Yes,20,Paytm,Monthly
1284,69.0,M,Saree,Clothing,6853,Lucknow,M,Violet,Winter,,No,2-Day Shipping,Yes,Yes,23,Debit Card,Every 3 Months
1285,65.0,Female,Jacket,Clothing,7018,pune,M,Black,Spring,3.9,No,Express,Yes,Yes,38,Net Banking,Fortnightly
1286,64.0,Female,Wallet,Accessories,7614, Varanasi ,M,Charcoal,Fall,3.5,No,Next Day Air,Yes,Yes,45, Debit Card ,Fortnightly
1287,40.0,Male,Belt,Accessories,3640, Chennai ,L,Yellow,Winter,4.9,No,Next Day Air,Yes,Yes,44,Google Pay,Fortnightly
1288,24.0,Male,Jacket,Clothing,1925,Delhi,XL,Blue,Winter,3.4,No,Standard,Yes,Yes,20,Credit Card,Monthly
1289,66.0,Female,Belt,Accessories,7169,nagpur,XL,Charcoal,Winter,4.1,No,Standard,Yes,Yes,34,phonepe,Bi-Weekly
1290,35.0,Male,Jacket,Outerwear,1616,Bengaluru,M,Red,Fall,,No,Next Day Air,Yes,Yes,10,Google Pay,Weekly
1291,67.0,Male,Lehenga,Clothing,2640, Patna ,M,Indigo,Spring,3.4,No,Free Shipping,Yes,Yes,3,paytm,Annually
1292,69.0,F,Sneakers,Footwear,4991,Kochi,S,Beige,Spring,3.2,No,2-Day Shipping,Yes,Yes,23,,Fortnightly
1293,26.0,Male,Scarf,Accessories,4405, Vadodara ,M,Maroon,Summer,,No,Free Shipping,Yes,Yes,42,Credit Card,Annually
1294,23.0,Male,T-Shirt,Clothing,5554,Hyderabad,XL,Yellow,Fall,4.1,No,Standard,Yes,Yes,30,Cash,Annually
1295,27.0,Female,Kurta,Clothing,4999,Vadodara,M,Silver,Summer,4.5,No,Standard,Yes,Yes,21,Google Pay,Every 3 Months
1296,30.0,F,Sneakers,Footwear,4506,Chennai,M,Olive,Fall,2.8,No,Standard,Yes,Yes,50,Paytm,Weekly
1297,48.0,Male,Ethnic Top,Clothing,2081,Indore,S,Teal,Spring,2.8,No,Express,Yes,Yes,16,Paytm,Bi-Weekly
1298,44.0,Male,Slippers,Footwear,6320,,M,Silver,Summer,4.6,No,Standard,Yes,Yes,32,PhonePe,Annually
1299,29.0,Male,Kurti,Clothing,6241,Kochi,S,Indigo,Summer,3.0,No,Free Shipping,Yes,Yes,14,Net Banking,Fortnightly
1300,29.0,F,,Accessories,1625,SURAT,L,Teal,Fall,3.6,No,2-Day Shipping,Yes,Yes,42,Debit Card,Bi-Weekly
1301,67.0,Male,Ethnic Top,Clothing,7667, Jaipur ,M,Charcoal,Spring,4.5,No,Next Day Air,Yes,Yes,47,Paytm,Every 3 Months
1302,42.0,Male,Trousers,Clothing,4167,Surat  ,M,Orange,Fall,,No,Express,Yes,Yes,21,Net Banking,Weekly
1303,23.0,Female,Shoes,Footwear,2042, Nagpur ,M,Gold,Fall,2.9,No,Next Day Air,Yes,Yes,37,Paytm,Monthly
1304,34.0,Male,Kurti,Clothing,2440,Hyderabad  ,L,Silver,Summer,3.1,No,Next Day Air,Yes,Yes,10,Debit Card,Annually
1305,64.0,Male,Watch,Accessories,4771,Bhopal,S,Orange,Spring,4.0,No,2-Day Shipping,Yes,Yes,18,UPI,Every 3 Months
1306,31.0,Male,Shirt,Clothing,4162,,XL,Peach,Spring,4.5,No,Express,Yes,Yes,2,Paytm,Every 3 Months
1307,54.0,Male,,Clothing,2646,Chennai,L,Brown,Winter,4.5,No,Next Day Air,Yes,Yes,40,credit card,Annually
1308,23.0,M,Coat,Outerwear,2372, Chandigarh ,L,Black,Summer,3.1,No,Express,Yes,Yes,43,Cash,Annually
1309,59.0,Female,,Clothing,2684,KOLKATA,L,Red,Summer,4.4,No,Next Day Air,Yes,Yes,14,Cash,Every 3 Months
1310,32.0,F,T-Shirt,Clothing,1658,pune,L,Lavender,Summer,4.7,No,Store Pickup,Yes,Yes,41,Google Pay,Quarterly
1311,43.0,Other,Lehenga,Clothing,4583,Kochi,L,Brown,Winter,3.1,No,Store Pickup,Yes,Yes,38,Debit Card,Every 3 Months
1312,32.0,Male,Slippers,Footwear,6705,Chandigarh,M,Maroon,Fall,4.2,No,Express,Yes,Yes,12,DEBIT CARD,Annually
1313,66.0,Female,Jacket,Clothing,6082,Patna,M,Violet,Winter,3.0,No,Store Pickup,Yes,Yes,19,Debit Card,Monthly
1314,70.0,Male,Loafers,Footwear,2292,Mumbai,M,Lavender,Summer,,No,Free Shipping,Yes,Yes,23,CREDIT CARD,Bi-Weekly
1315,42.0,Male,Mojaris,Footwear,5223,pune,S,Magenta,Summer,3.4,No,Free Shipping,Yes,Yes,49, Debit Card ,Annually
1316,56.0,Female,Saree,Clothing,5445, Varanasi ,L,Green,Spring,4.2,No,2-Day Shipping,Yes,Yes,29,Credit Card,Quarterly
1317,28.0,male,Scarf,Accessories,2507,Hyderabad,S,Lavender,Spring,4.6,No,Standard,Yes,Yes,14,Net Banking,Bi-Weekly
1318,28.0,Other,Saree,Clothing,3187,Ahmedabad  ,M,Green,Spring,2.8,No,Free Shipping,Yes,Yes,19,Net Banking,Monthly
1319,52.0,Male,Lehenga,Clothing,6871, Varanasi ,M,Maroon,Spring,2.7,No,Express,Yes,Yes,19,Cash,Bi-Weekly
1320,65.0,M,Wallet,Accessories,1906, Agra ,M,Magenta,Spring,4.0,No,Standard,Yes,Yes,48, PhonePe ,Weekly
1321,56.0,Male,Wallet,Accessories,2463,Patna,XL,Teal,Fall,3.1,No,Free Shipping,Yes,Yes,19,upi,Annually
1322,59.0,Male,Kurti,Clothing,6154,Kochi,L,Orange,Winter,3.7,No,Express,Yes,Yes,45,Debit Card,Every 3 Months
1323,23.0,Male,T-Shirt,Clothing,5682,lucknow,M,Violet,Winter,4.0,No,Next Day Air,Yes,Yes,17,cash,Quarterly
1324,58.0,Female,Trousers,Clothing,4576,Chandigarh  ,M,Yellow,Spring,4.6,No,Standard,Yes,Yes,15,upi,Every 3 Months
1325,39.0,male,Scarf,Accessories,5767,Mumbai,S,Orange,Summer,3.8,No,Free Shipping,Yes,Yes,11,Cash,Fortnightly
1326,28.0,Male,Wallet,Accessories,5517,,L,Gold,Summer,3.5,No,Express,Yes,Yes,1,Debit Card,Monthly
1327,40.0,F,Shoes,Footwear,3898,nagpur,M,Indigo,Spring,,No,Free Shipping,Yes,Yes,17,Credit Card,Monthly
1328,52.0,Female,Coat,Outerwear,2887,Bengaluru,M,Turquoise,Winter,2.8,No,Standard,Yes,Yes,37,cash,Weekly
1329,37.0,M,Lehenga,Clothing,7410,KOLKATA,M,Orange,Winter,3.7,No,Standard,Yes,Yes,40,GOOGLE PAY,Weekly
1330,70.0,Male,Shawl,Accessories,4739, Chennai ,M,Indigo,Fall,3.3,No,Express,Yes,Yes,50,UPI,Every 3 Months
1331,30.0,Male,Scarf,Accessories,4766,Chennai,M,Charcoal,Fall,2.9,No,Standard,Yes,Yes,20,UPI,Bi-Weekly
1332,38.0,Female,Kurta,Clothing,6927,Surat,M,Lavender,Spring,3.2,No,Standard,Yes,Yes,8,Credit Card,Bi-Weekly
1333,66.0,Male,Trousers,Clothing,4534,nagpur,S,Gold,Spring,4.3,No,Store Pickup,Yes,Yes,16,NET BANKING,Quarterly
1334,29.0,Male,Kurta,Clothing,5158,Jaipur,M,Lavender,Winter,2.7,No,Next Day Air,Yes,Yes,9,upi,Quarterly
1335,46.0,Male,Coat,Outerwear,3737,Bengaluru,S,White,Spring,,No,Store Pickup,Yes,Yes,12,phonepe,Monthly
1336,56.0,Male,Sneakers,Footwear,3613,Varanasi,M,Lavender,Fall,4.8,No,2-Day Shipping,Yes,Yes,26,Credit Card,Weekly
1337,23.0,Male,Boots,Footwear,6369,Nagpur,M,Charcoal,Spring,4.8,No,Store Pickup,Yes,Yes,44,upi,Fortnightly
1338,37.0,Male,Kurti,Clothing,6264,Lucknow,L,Silver,Spring,3.4,No,Express,Yes,Yes,19,UPI,Bi-Weekly
1339,56.0,Female,Backpack,Accessories,3881,Bengaluru  ,S,Yellow,Winter,2.6,No,Standard,Yes,Yes,43,,Fortnightly
1340,36.0,Female,Shawl,Accessories,4134,VADODARA,L,Olive,Winter,5.0,No,Next Day Air,Yes,Yes,5,Credit Card,Every 3 Months
1341,40.0,male,Shawl,Accessories,5200,vadodara,M,Peach,Fall,4.4,No,Next Day Air,Yes,Yes,5,NET BANKING,Every 3 Months
1342,26.0,Male,Saree,Clothing,1873, Nagpur ,XL,Yellow,Fall,,No,Standard,Yes,Yes,31,Google Pay,Quarterly
1343,57.0,Male,Wallet,Accessories,3120,Bengaluru,XL,Yellow,Summer,3.4,No,2-Day Shipping,Yes,Yes,11,paytm,Monthly
1344,68.0,Male,Loafers,Footwear,4200,Bengaluru  ,M,Indigo,Spring,3.4,No,Standard,Yes,Yes,34,Cash,Monthly
1345,56.0,Female,Kurti,Clothing,2600,kolkata,S,Violet,Fall,4.9,No,Next Day Air,Yes,Yes,14,Debit Card,Annually
1346,40.0,Female,Lehenga,Clothing,1717,PATNA,M,White,Fall,3.6,No,Standard,Yes,Yes,42,cash,Weekly
1347,44.0,Male,Saree,Clothing,6859,Surat  ,L,White,Winter,3.0,No,Free Shipping,Yes,Yes,15,UPI,Bi-Weekly
1348,44.0,Male,T-Shirt,Clothing,7273,jaipur,M,Cyan,Summer,3.9,No,2-Day Shipping,Yes,Yes,47,Cash,Monthly
1349,19.0,Male,Scarf,Accessories,4093,Hyderabad,XL,Purple,Spring,3.2,No,Standard,Yes,Yes,23,Paytm,Fortnightly
1350,21.0,Female,,Clothing,2857,KOCHI,XL,Black,Spring,3.2,No,Next Day Air,Yes,Yes,23,Paytm,Bi-Weekly
1351,31.0,Female,Backpack,Accessories,5451,Chennai,M,Orange,Fall,4.3,No,Next Day Air,Yes,Yes,1,UPI,Every 3 Months
1352,30.0,Female,Coat,Outerwear,2520,Mumbai,L,Maroon,Summer,2.8,No,2-Day Shipping,Yes,Yes,28,upi,Quarterly
1353,65.0,F,Watch,Accessories,6825,chandigarh,XL,Orange,Spring,4.5,No,Next Day Air,Yes,Yes,37,debit card,Bi-Weekly
1354,39.0,Male,Saree,Clothing,6398,Jaipur  ,M,Teal,Winter,4.1,No,Next Day Air,Yes,Yes,4,Net Banking,Every 3 Months
1355,64.0,Female,Wallet,Accessories,3324,BENGALURU,M,Gray,Spring,3.6,No,2-Day Shipping,Yes,Yes,21,Paytm,Quarterly
1356,59.0,Female,Jeans,Clothing,6675,Jaipur,M,Blue,Summer,3.0,No,2-Day Shipping,Yes,Yes,50,GOOGLE PAY,Bi-Weekly
1357,49.0,Male,Jacket,Outerwear,4455,Bengaluru,M,Cyan,Spring,4.0,No,Free Shipping,Yes,Yes,34,Paytm,Annually
1358,24.0,Male,Sunglasses,Accessories,4785, Mumbai ,S,Red,Summer,3.5,No,Next Day Air,Yes,Yes,20, Google Pay ,Quarterly
1359,19.0,Female,Sunglasses,Accessories,1516,Bhopal  ,XL,Pink,Spring,2.5,No,Store Pickup,Yes,Yes,25,Net Banking,Every 3 Months
1360,27.0,Female,T-Shirt,Clothing,5028,Lucknow,S,Cyan,Winter,4.3,No,Store Pickup,Yes,Yes,26,Cash,Fortnightly
1361,56.0,Female,Kurti,Clothing,3394,jaipur,L,Black,Fall,2.8,No,Express,Yes,Yes,4,PhonePe,Annually
1362,49.0,Female,Kurti,Clothing,2354,SURAT,M,Beige,Fall,3.7,No,Next Day Air,Yes,Yes,39, Google Pay ,Monthly
1363,41.0,Female,Coat,Outerwear,3494,,M,Gray,Fall,4.3,No,Express,Yes,Yes,29,Debit Card,Weekly
1364,36.0,Female,Lehenga,Clothing,6660,Chennai,L,Red,Summer,4.0,No,Express,Yes,Yes,47,Credit Card,Quarterly
1365,68.0,Male,Belt,Accessories,5592,Chandigarh,L,Yellow,Fall,4.7,No,Express,Yes,Yes,5,Net Banking,Every 3 Months
1366,28.0,Female,Sunglasses,Accessories,5116,Mumbai,M,Magenta,Winter,4.5,No,Store Pickup,Yes,Yes,18,CASH,Fortnightly
1367,45.0,Male,Shawl,Accessories,3155,Surat,M,Magenta,Fall,3.1,No,Free Shipping,Yes,Yes,10,UPI,Fortnightly
1368,60.0,M,Belt,Accessories,4721, Kolkata ,S,Black,Fall,3.8,No,Express,Yes,Yes,25,Net Banking,Quarterly
1369,21.0,Male,,Clothing,2608,Ahmedabad,L,Orange,Summer,4.9,No,Express,Yes,Yes,2,PhonePe,Weekly
1370,32.0,Female,Shoes,Footwear,5800,Chennai,M,Green,Winter,3.2,No,Standard,Yes,Yes,48,Paytm,Fortnightly
1371,27.0,Female,Shawl,Accessories,4903,Indore,L,Peach,Summer,,No,2-Day Shipping,Yes,Yes,41,Google Pay,Every 3 Months
1372,40.0,Other,Kurti,Clothing,4989,vadodara,M,Charcoal,Spring,2.8,No,Store Pickup,Yes,Yes,42,PHONEPE,Monthly
1373,,Male,Jacket,Clothing,4535,kolkata,M,Gray,Fall,4.0,No,2-Day Shipping,Yes,Yes,44,Cash,Bi-Weekly
1374,18.0,male,Belt,Accessories,2818,chennai,L,Turquoise,Winter,2.6,No,Store Pickup,Yes,Yes,6,Credit Card,Quarterly
1375,22.0,Male,Watch,Accessories,7201,indore,M,Red,Fall,2.7,No,Free Shipping,Yes,Yes,5, Net Banking ,Quarterly
1376,42.0,Male,Sneakers,Footwear,2329, Patna ,L,Brown,Spring,4.1,No,2-Day Shipping,Yes,Yes,8,Google Pay,Annually
1377,57.0,Female,Slippers,Footwear,4703,Chennai,L,Pink,Spring,5.0,No,Free Shipping,Yes,Yes,24,debit card,Annually
1378,33.0,Male,Sunglasses,Accessories,4056,Patna,L,Olive,Spring,3.0,No,Next Day Air,Yes,Yes,42, Paytm ,Monthly
1379,37.0,Female,Jacket,Outerwear,3754, Nagpur ,XL,Lavender,Fall,3.6,No,Free Shipping,Yes,Yes,24,Paytm,Weekly
1380,21.0,F,Kurti,Clothing,4750,Vadodara,L,Purple,Fall,2.8,No,2-Day Shipping,Yes,Yes,38,Google Pay,Bi-Weekly
1381,51.0,Male,Slippers,Footwear,2664,AHMEDABAD,S,Beige,Winter,4.6,No,Standard,Yes,Yes,41,Net Banking,Fortnightly
1382,30.0,Female,Mojaris,Footwear,6515,PATNA,L,Green,Winter,2.9,No,Standard,Yes,Yes,48,Credit Card,Quarterly
1383,68.0,Male,Jacket,Outerwear,4106,agra,L,Brown,Winter,4.8,No,Express,Yes,Yes,16,Net Banking,Quarterly
1384,36.0,Male,Sunglasses,Accessories,4254,Bengaluru  ,M,Beige,Spring,3.3,No,Express,Yes,Yes,4,UPI,Monthly
1385,46.0,Female,Mojaris,Footwear,7235,ahmedabad,M,Beige,Fall,4.6,No,Standard,Yes,Yes,8,UPI,Weekly
1386,41.0,Female,Belt,Accessories,4772,mumbai,M,Indigo,Fall,2.6,No,Store Pickup,Yes,Yes,1,Paytm,Bi-Weekly
1387,68.0,Male,Jacket,Outerwear,4157, Ahmedabad ,M,Silver,Fall,4.0,No,Next Day Air,Yes,Yes,4,Cash,Quarterly
1388,21.0,Male,Kurti,Clothing,6346,Patna,M,Gold,Winter,3.8,No,Standard,Yes,Yes,20,cash,Monthly
1389,62.0,Male,Jacket,Clothing,1835,PATNA,M,Lavender,Spring,3.9,No,Express,Yes,Yes,40,Credit Card,Quarterly
1390,59.0,M,Backpack,Accessories,5356,Delhi,L,Orange,Fall,2.6,No,Store Pickup,Yes,Yes,8,Paytm,Fortnightly
1391,25.0,,Scarf,Accessories,2907,Kolkata,M,Maroon,Summer,4.3,No,Standard,Yes,Yes,42,UPI,Weekly
1392,53.0,Female,Kurti,Clothing,2138,Agra,S,White,Winter,3.6,No,Express,Yes,Yes,38,Paytm,Annually
1393,31.0,M,Scarf,Accessories,3396,Indore,M,Yellow,Spring,4.2,No,Express,Yes,Yes,34,net banking,Every 3 Months
1394,46.0,F,Sunglasses,Accessories,4540,AHMEDABAD,L,Yellow,Spring,3.9,No,Express,Yes,Yes,14,Google Pay,Fortnightly
1395,26.0,M,Coat,Outerwear,3178,delhi,L,Magenta,Fall,4.7,No,Next Day Air,Yes,Yes,39,cash,Weekly
1396,47.0,Male,Sunglasses,Accessories,2566,Indore,L,Turquoise,Spring,2.8,No,Next Day Air,Yes,Yes,40,CASH,Bi-Weekly
1397,37.0,Female,Kurta,Clothing,2087,Jaipur  ,XL,Lavender,Winter,3.0,No,Next Day Air,Yes,Yes,49,Debit Card,Monthly
1398,55.0,Female,Belt,Accessories,4955,Patna,S,Magenta,Summer,4.7,No,Store Pickup,Yes,Yes,33,Google Pay,Annually
1399,30.0,F,Jacket,Clothing,3532,Chandigarh,M,Cyan,Summer,2.5,No,Free Shipping,Yes,Yes,25,Debit Card,Weekly
1400,19.0,Male,Sunglasses,Accessories,6129,Patna,M,Olive,Winter,3.1,No,Store Pickup,Yes,Yes,48,credit card,Annually
1401,36.0,Female,Watch,Accessories,1732,Lucknow,M,Red,Fall,3.6,No,Next Day Air,Yes,Yes,22,UPI,Every 3 Months
1402,23.0,Other,Mojaris,Footwear,4319,Hyderabad,M,Blue,Fall,3.5,No,2-Day Shipping,Yes,Yes,1,Credit Card,Weekly
1403,62.0,Female,Cap,Accessories,1722,Kolkata,L,White,Summer,3.1,No,Express,Yes,Yes,47,credit card,Monthly
1404,26.0,Female,Handbag,Accessories,1626,pune,M,Peach,Spring,3.6,No,Store Pickup,Yes,Yes,20, UPI ,Bi-Weekly
1405,36.0,Male,Wallet,Accessories,2070,Chennai,M,Charcoal,Winter,3.5,No,Next Day Air,Yes,Yes,10,phonepe,Weekly
1406,33.0,Female,Lehenga,Clothing,7549,CHANDIGARH,M,Peach,Winter,2.7,No,Store Pickup,Yes,Yes,39,PhonePe,Monthly
1407,32.0,Other,Jacket,Clothing,3439,patna,L,Turquoise,Spring,3.6,No,Express,Yes,Yes,15,Paytm,Monthly
1408,56.0,Male,Handbag,Accessories,4573,Agra,XL,Charcoal,Spring,4.5,No,Express,Yes,Yes,11,PhonePe,Annually
1409,58.0,female,Kurta,Clothing,4370,lucknow,M,Yellow,Winter,4.1,No,Free Shipping,Yes,Yes,38,Google Pay,Weekly
1410,34.0,male,Scarf,Accessories,-500,lucknow,M,Blue,Spring,4.2,No,Standard,Yes,Yes,41,Cash,Fortnightly
1411,61.0,Female,Wallet,Accessories,7018,CHANDIGARH,M,Purple,Summer,4.0,No,Store Pickup,Yes,Yes,18,Debit Card,Annually
1412,48.0,Male,T-Shirt,Clothing,1923,Pune,L,Green,Summer,2.8,No,Store Pickup,Yes,Yes,13,Cash,Quarterly
1413,25.0,female,Kurta,Clothing,7427,Vadodara  ,M,Charcoal,Summer,2.6,No,2-Day Shipping,Yes,Yes,43,Credit Card,Annually
1414,51.0,M,Saree,Clothing,5817,Hyderabad,S,Indigo,Fall,2.7,No,Store Pickup,Yes,Yes,12,Cash,Quarterly
1415,29.0,Male,Lehenga,Clothing,3924,mumbai,M,Black,Summer,4.5,No,Store Pickup,Yes,Yes,3,Paytm,Bi-Weekly
1416,54.0,Male,Sunglasses,Accessories,6682,Kochi,M,Blue,Winter,3.7,No,Free Shipping,Yes,Yes,12,CREDIT CARD,Every 3 Months
1417,48.0,Female,Sandals,Footwear,4054,Patna,L,Silver,Summer,3.4,No,Free Shipping,Yes,Yes,46,upi,Quarterly
1418,62.0,Female,Shirt,Clothing,1832, Bhopal ,S,Brown,Spring,4.6,No,Standard,Yes,Yes,21,Net Banking,Fortnightly
1419,18.0,F,Kurta,Clothing,5453, Pune ,M,Violet,Summer,4.1,No,2-Day Shipping,Yes,Yes,23,cash,Every 3 Months
1420,43.0,Male,Belt,Accessories,5635,mumbai,M,Orange,Summer,2.6,No,Free Shipping,Yes,Yes,4,PhonePe,Quarterly
1421,22.0,M,Kurti,Clothing,3928,Patna,XL,Gray,Summer,4.6,No,Store Pickup,Yes,Yes,45,Net Banking,Every 3 Months
1422,68.0,Male,Jacket,Clothing,7592,Kochi,S,Gold,Spring,3.0,No,Standard,Yes,Yes,24, UPI ,Fortnightly
1423,44.0,F,Ethnic Top,Clothing,2046,Nagpur,L,Charcoal,Fall,3.4,No,Free Shipping,Yes,Yes,3,Paytm,Bi-Weekly
1424,51.0,Male,Shoes,Footwear,4414, Jaipur ,S,Black,Fall,3.5,No,Free Shipping,Yes,Yes,12,Debit Card,Every 3 Months
1425,66.0,Female,Jacket,Outerwear,1682,Nagpur,S,Indigo,Fall,3.5,No,Standard,Yes,Yes,34,GOOGLE PAY,Every 3 Months
1426,59.0,Female,Coat,Outerwear,3058,Ahmedabad,S,White,Winter,3.7,No,Next Day Air,Yes,Yes,39,PhonePe,Annually
1427,60.0,M,Lehenga,Clothing,2900,Mumbai,M,Yellow,Summer,4.8,No,Free Shipping,Yes,Yes,35,UPI,Every 3 Months
1428,31.0,Male,Wallet,Accessories,6671,Patna,S,Orange,Summer,4.9,No,Store Pickup,Yes,Yes,8,DEBIT CARD,Annually
1429,20.0,Female,Lehenga,Clothing,7373, Bengaluru ,S,Green,Summer,4.9,No,Express,Yes,Yes,42,net banking,Quarterly
1430,24.0,,Shirt,Clothing,2912,INDORE,L,Gold,Fall,4.7,No,Standard,Yes,Yes,6,CASH,Every 3 Months
1431,48.0,Male,Sneakers,Footwear,2430,Kolkata,S,Orange,Summer,4.9,No,Free Shipping,Yes,Yes,3,PHONEPE,Fortnightly
1432,39.0,Male,Jacket,Clothing,6448,Agra,M,Cyan,Fall,2.9,No,Express,Yes,Yes,29,credit card,Quarterly
1433,34.0,Female,Scarf,Accessories,2651,Pune,L,Black,Winter,4.4,No,Express,Yes,Yes,32,Google Pay,Quarterly
1434,70.0,Female,T-Shirt,Clothing,4628,lucknow,L,Yellow,Winter,3.2,No,Next Day Air,Yes,Yes,45,Cash,Weekly
1435,59.0,Male,Trousers,Clothing,4896,Jaipur  ,L,Maroon,Summer,4.6,No,Free Shipping,Yes,Yes,21,Net Banking,Bi-Weekly
1436,45.0,M,Belt,Accessories,7286, Mumbai ,XL,Black,Fall,4.0,No,Standard,Yes,Yes,41, Debit Card ,Weekly
1437,35.0,M,Sandals,Footwear,6101, Surat ,M,Gray,Winter,3.7,No,Free Shipping,Yes,Yes,23,PhonePe,Fortnightly
1438,69.0,Female,Sandals,Footwear,7201,Chennai,XL,Orange,Winter,4.2,No,Free Shipping,Yes,Yes,14,Cash,Annually
1439,58.0,Male,Coat,Outerwear,2846,Hyderabad,M,Cyan,Spring,2.9,No,Standard,Yes,Yes,24,Google Pay,Monthly
1440,25.0,Male,Sandals,Footwear,3620,varanasi,M,Magenta,Summer,4.8,No,Next Day Air,Yes,Yes,25,Debit Card,Fortnightly
1441,27.0,Female,Shoes,Footwear,5590, Hyderabad ,M,Pink,Spring,4.4,No,Standard,Yes,Yes,13,Credit Card,Monthly
1442,34.0,Female,T-Shirt,Clothing,1682,vadodara,S,Turquoise,Summer,3.4,No,Free Shipping,Yes,Yes,3,Net Banking,Every 3 Months
1443,53.0,Female,T-Shirt,Clothing,6731,hyderabad,S,Violet,Spring,2.8,No,2-Day Shipping,Yes,Yes,42, Credit Card ,Annually
1444,58.0,Female,Sneakers,Footwear,3644,Nagpur,L,Teal,Fall,4.2,No,Next Day Air,Yes,Yes,2,upi,Monthly
1445,32.0,Male,Kurta,Clothing,2893,Bhopal,L,Pink,Fall,3.8,No,Express,Yes,Yes,26,Net Banking,Quarterly
1446,64.0,Male,Watch,Accessories,3893, Nagpur ,M,Gold,Fall,3.1,No,2-Day Shipping,Yes,Yes,24,Paytm,Annually
1447,63.0,Male,Saree,Clothing,2615,Lucknow,XL,Red,Summer,3.2,No,Express,Yes,Yes,6,upi,Quarterly
1448,23.0,Male,T-Shirt,Clothing,4423,Delhi,S,Beige,Summer,3.0,No,Next Day Air,Yes,Yes,25,Google Pay,Monthly
1449,64.0,Female,Sandals,Footwear,7087,Vadodara,M,Black,Summer,3.6,No,Free Shipping,Yes,Yes,11,Net Banking,Every 3 Months
1450,18.0,Female,Jeans,Clothing,2935,vadodara,L,Lavender,Winter,2.5,No,Store Pickup,Yes,Yes,20,UPI,Every 3 Months
1451,25.0,Female,T-Shirt,Clothing,3363,Kochi,S,Teal,Winter,3.4,No,Free Shipping,Yes,Yes,25, Debit Card ,Quarterly
1452,54.0,Male,Jacket,Outerwear,2634, Surat ,M,Maroon,Fall,2.5,No,Next Day Air,Yes,Yes,35, PhonePe ,Quarterly
1453,60.0,F,Jacket,Outerwear,1769, Bhopal ,L,Blue,Spring,4.7,No,2-Day Shipping,Yes,Yes,11,Debit Card,Quarterly
1454,36.0,female,Shoes,Footwear,6815,HYDERABAD,S,Teal,Winter,3.2,No,2-Day Shipping,Yes,Yes,41,UPI,Fortnightly
1455,66.0,Male,,Footwear,3698,Bengaluru  ,L,Maroon,Winter,2.9,No,Free Shipping,Yes,Yes,17,Paytm,Annually
1456,60.0,Female,Kurti,Clothing,5928,VARANASI,L,Silver,Fall,4.9,No,Express,Yes,Yes,1,Debit Card,Every 3 Months
1457,59.0,Other,Coat,Outerwear,7566,bhopal,S,Olive,Spring,2.7,No,Store Pickup,Yes,Yes,30,Debit Card,Every 3 Months
1458,58.0,Male,T-Shirt,Clothing,4076, Pune ,S,Gray,Spring,4.7,No,Express,Yes,Yes,47,Debit Card,Fortnightly
1459,35.0,Female,Saree,Clothing,2077,Chandigarh,M,Peach,Spring,2.9,No,2-Day Shipping,Yes,Yes,34,Paytm,Weekly
1460,20.0,F,Mojaris,Footwear,2618,Delhi,L,Yellow,Winter,4.8,No,Express,Yes,Yes,18,Net Banking,Fortnightly
1461,70.0,Male,Loafers,Footwear,6561, Kolkata ,L,Violet,Fall,4.6,No,Standard,Yes,Yes,33,Debit Card,Bi-Weekly
1462,54.0,Male,Sunglasses,Accessories,7260,Surat,S,Red,Summer,5.0,No,2-Day Shipping,Yes,Yes,42,GOOGLE PAY,Quarterly
1463,38.0,F,Boots,Footwear,6745,Surat,S,Charcoal,Summer,4.8,No,2-Day Shipping,Yes,Yes,2,Credit Card,Quarterly
1464,54.0,Female,Watch,Accessories,3817,Agra,M,Beige,Summer,4.9,No,Store Pickup,Yes,Yes,1,Paytm,Monthly
1465,33.0,Female,Scarf,Accessories,6948,CHANDIGARH,M,Peach,Winter,4.6,No,2-Day Shipping,Yes,Yes,23,Google Pay,Quarterly
1466,46.0,Male,Belt,Accessories,5411,Mumbai,XL,Violet,Winter,3.9,No,Store Pickup,Yes,Yes,42,Paytm,Bi-Weekly
1467,58.0,Male,T-Shirt,Clothing,5277,Kochi,M,Green,Summer,4.5,No,Store Pickup,Yes,Yes,3,Paytm,Annually
1468,30.0,male,Belt,Accessories,1982,Mumbai,XL,Olive,Winter,4.7,No,Store Pickup,Yes,Yes,16,Net Banking,Fortnightly
1469,42.0,Male,Shawl,Accessories,3086, Hyderabad ,S,Silver,Fall,3.9,No,Express,Yes,Yes,46,Credit Card,Fortnightly
1470,28.0,Male,Watch,Accessories,7288,Nagpur  ,M,Purple,Winter,4.4,No,Standard,Yes,Yes,31,PhonePe,Every 3 Months
1471,43.0,male,Slippers,Footwear,2045,Bengaluru,M,Silver,Spring,3.9,No,Next Day Air,Yes,Yes,15,net banking,Every 3 Months
1472,31.0,Female,Cap,Accessories,5397,Patna  ,S,Gray,Spring,2.8,No,2-Day Shipping,Yes,Yes,48,NET BANKING,Every 3 Months
1473,39.0,M,Shawl,Accessories,1753,JAIPUR,L,Turquoise,Spring,3.5,No,Store Pickup,Yes,Yes,11,Google Pay,Weekly
1474,69.0,,Shirt,Clothing,4773, Pune ,M,Violet,Fall,4.3,No,Express,Yes,Yes,20,Paytm,Every 3 Months
1475,31.0,M,Kurta,Clothing,5478,Surat,S,Pink,Fall,3.9,No,Next Day Air,Yes,Yes,6,Cash,Monthly
1476,44.0,Male,Saree,Clothing,4678,Chandigarh,M,Teal,Spring,4.0,No,Express,Yes,Yes,24,Paytm,Monthly
1477,39.0,Male,Shawl,Accessories,4275,VARANASI,M,Magenta,Fall,4.1,No,Next Day Air,Yes,Yes,18,upi,Monthly
1478,24.0,Male,Scarf,Accessories,2201,Mumbai,XL,Silver,Summer,4.3,No,Standard,Yes,Yes,1,Debit Card,Every 3 Months
1479,28.0,Male,Belt,Accessories,1612, Surat ,M,Blue,Summer,4.2,No,Free Shipping,Yes,Yes,13,PhonePe,Bi-Weekly
1480,48.0,Female,Coat,Outerwear,7586,Kochi,L,Black,Spring,4.0,No,Standard,Yes,Yes,2,CREDIT CARD,Weekly
1481,39.0,Female,Watch,Accessories,5479,Varanasi,M,Gold,Fall,3.6,No,Express,Yes,Yes,26,CASH,Quarterly
1482,64.0,M,T-Shirt,Clothing,2352,Chandigarh,S,Gray,Spring,3.3,No,Standard,Yes,Yes,31,,Quarterly
1483,28.0,Male,Cap,Accessories,5084,Bengaluru,S,Magenta,Spring,4.1,No,2-Day Shipping,Yes,Yes,43,Paytm,Weekly
1484,39.0,Female,Sunglasses,Accessories,4615, Nagpur ,S,Yellow,Summer,4.7,No,Next Day Air,Yes,Yes,12,DEBIT CARD,Bi-Weekly
1485,49.0,Female,Shirt,Clothing,3390,Bhopal,M,Teal,Summer,4.4,No,Store Pickup,Yes,Yes,22,Google Pay,Every 3 Months
1486,22.0,Male,Scarf,Accessories,4227,SURAT,L,Red,Spring,3.4,No,Standard,Yes,Yes,3,Net Banking,Fortnightly
1487,25.0,F,Shoes,Footwear,5437,Indore,S,Yellow,Spring,5.0,No,Free Shipping,Yes,Yes,23,Credit Card,Every 3 Months
1488,40.0,Female,Kurta,Clothing,3335,Chennai,L,Black,Summer,4.6,No,Store Pickup,Yes,Yes,26,PhonePe,Annually
1489,23.0,Female,Belt,Accessories,3227,Varanasi,L,Pink,Winter,4.0,No,Standard,Yes,Yes,37,UPI,Weekly
1490,24.0,F,Sunglasses,Accessories,1949,kolkata,XL,Magenta,Summer,4.1,No,Next Day Air,Yes,Yes,42,net banking,Quarterly
1491,66.0,Female,Loafers,Footwear,4089,Agra,L,Olive,Spring,4.9,No,Express,Yes,Yes,15,phonepe,Bi-Weekly
1492,27.0,Female,Jacket,Clothing,3880,chennai,S,Black,Summer,2.7,No,Free Shipping,Yes,Yes,10,Net Banking,Quarterly
1493,62.0,Male,Jacket,Outerwear,2787,BENGALURU,M,Maroon,Summer,4.5,No,Free Shipping,Yes,Yes,3,UPI,Quarterly
1494,70.0,F,Sunglasses,Accessories,3120,Delhi,S,Gold,Fall,2.7,No,Standard,Yes,Yes,44,Google Pay,Quarterly
1495,43.0,Female,Ethnic Top,Clothing,5733,Kolkata  ,M,Gray,Spring,3.0,No,Next Day Air,Yes,Yes,23, PhonePe ,Fortnightly
1496,45.0,Other,Backpack,Accessories,1726,Surat,M,Brown,Winter,4.5,No,Next Day Air,Yes,Yes,6,Net Banking,Weekly
1497,63.0,Female,Kurta,Clothing,7428, Mumbai ,M,Purple,Winter,5.0,No,Standard,Yes,Yes,9,phonepe,Bi-Weekly
1498,69.0,Male,Jacket,Outerwear,2405,bengaluru,S,Magenta,Spring,3.8,No,2-Day Shipping,Yes,Yes,16,PhonePe,Every 3 Months
1499,59.0,Male,Shirt,Clothing,2347,Nagpur,M,Teal,Summer,3.1,No,Standard,Yes,Yes,46,CREDIT CARD,Fortnightly
1500,19.0,M,Shoes,Footwear,6203,Bhopal  ,S,Olive,Fall,3.4,No,Free Shipping,Yes,Yes,24,Google Pay,Every 3 Months
1501,63.0,Male,Trousers,Clothing,5335,vadodara,L,Maroon,Summer,4.8,No,Next Day Air,Yes,Yes,22,cash,Monthly
1502,37.0,Male,Jeans,Clothing,4232,Surat,XL,Silver,Spring,2.7,No,Standard,Yes,Yes,13,UPI,Every 3 Months
1503,37.0,female,Jacket,Clothing,5120,Bhopal  ,M,Black,Summer,3.2,No,Store Pickup,Yes,Yes,20,PHONEPE,Fortnightly
1504,50.0,Male,Jacket,Outerwear,2211,Indore,M,Maroon,Fall,3.9,No,2-Day Shipping,Yes,Yes,46,Google Pay,Quarterly
1505,60.0,Female,Jacket,Outerwear,6156,Ahmedabad  ,M,Teal,Winter,4.2,No,Next Day Air,Yes,Yes,10,cash,Monthly
1506,46.0,Female,Scarf,Accessories,1639,Kochi,M,Teal,Summer,3.0,No,Express,Yes,Yes,39,Debit Card,Monthly
2259,24.0,Male,Kurti,Clothing,5381, Lucknow ,L,Cyan,Winter,4.3,No,Store Pickup,No,No,44,Paytm,Every 3 Months
1508,66.0,Other,Lehenga,Clothing,6374,Ahmedabad,S,Maroon,Winter,3.7,No,2-Day Shipping,Yes,Yes,7,Credit Card,Annually
1509,35.0,Female,Ethnic Top,Clothing,6170,SURAT,L,Beige,Spring,4.4,No,Store Pickup,Yes,Yes,3,Debit Card,Every 3 Months
1510,20.0,Female,Kurta,Clothing,4175,Kochi,XL,White,Summer,4.6,No,Free Shipping,Yes,Yes,44,Google Pay,Annually
1511,55.0,F,Shirt,Clothing,2444,Vadodara,XL,Gray,Fall,3.0,No,Free Shipping,Yes,Yes,31,UPI,Annually
1512,34.0,Female,Shirt,Clothing,6988,Varanasi,M,Violet,Winter,3.6,No,Express,Yes,Yes,48,Google Pay,Weekly
1513,60.0,F,Loafers,Footwear,1767, Pune ,L,Silver,Winter,3.9,No,Standard,Yes,Yes,18,Google Pay,Bi-Weekly
1514,22.0,Female,T-Shirt,Clothing,2673,Bengaluru,M,Red,Spring,4.1,No,Free Shipping,Yes,Yes,27,Paytm,Monthly
1515,26.0,Female,Sandals,Footwear,6770,Bhopal,L,Brown,Winter,3.9,No,2-Day Shipping,Yes,Yes,1,Cash,Weekly
1516,39.0,Female,Trousers,Clothing,6795,BENGALURU,S,Turquoise,Fall,3.9,No,2-Day Shipping,Yes,Yes,34,Credit Card,Weekly
3108,65.0,Female,Trousers,Clothing,2389,Lucknow  ,L,Gray,Winter,4.6,No,Standard,No,No,18,Google Pay,Bi-Weekly
1518,57.0,M,Cap,Accessories,2956,Kochi,M,Violet,Spring,3.4,No,Standard,Yes,Yes,12, Paytm ,Quarterly
1519,68.0,Female,Belt,Accessories,5618,SURAT,M,Yellow,Winter,4.1,No,Next Day Air,Yes,Yes,14,Debit Card,Fortnightly
1520,50.0,Male,Shawl,Accessories,5641,Kochi,L,Cyan,Fall,4.9,No,Next Day Air,Yes,Yes,40,GOOGLE PAY,Weekly
1521,21.0,Female,Scarf,Accessories,4759,Pune,M,Brown,Summer,4.4,No,2-Day Shipping,Yes,Yes,39,DEBIT CARD,Quarterly
1522,29.0,Male,Cap,Accessories,4236,Nagpur,M,White,Summer,2.7,No,2-Day Shipping,Yes,Yes,50,Credit Card,Weekly
1523,38.0,Male,Jeans,Clothing,5462,bhopal,L,Yellow,Spring,4.8,No,Free Shipping,Yes,Yes,5,Paytm,Monthly
1524,54.0,M,Lehenga,Clothing,6544,varanasi,M,White,Summer,3.3,No,2-Day Shipping,Yes,Yes,35,CASH,Annually
1525,22.0,Male,Jacket,Clothing,5691,Hyderabad,L,Pink,Summer,4.4,No,Free Shipping,Yes,Yes,6,Paytm,Bi-Weekly
1526,29.0,M,Belt,Accessories,2374,jaipur,M,Indigo,Winter,4.6,No,2-Day Shipping,Yes,Yes,22,UPI,Fortnightly
1527,41.0,F,Jacket,Outerwear,1563,Kolkata,L,White,Summer,3.1,No,Next Day Air,Yes,Yes,27,Cash,Monthly
1528,26.0,Male,Cap,Accessories,5450, Indore ,L,Red,Fall,4.5,No,2-Day Shipping,Yes,Yes,33,Google Pay,Fortnightly
1529,69.0,Male,T-Shirt,Clothing,5695,MUMBAI,S,Red,Spring,4.0,No,Store Pickup,Yes,Yes,47,Net Banking,Bi-Weekly
1530,20.0,Male,Handbag,Accessories,4557,AHMEDABAD,M,Lavender,Winter,3.1,No,Free Shipping,Yes,Yes,48,Net Banking,Bi-Weekly
1531,59.0,Other,Coat,Outerwear,1436,Chandigarh  ,M,Teal,Spring,3.9,No,Next Day Air,Yes,Yes,22, UPI ,Quarterly
1532,63.0,Male,Handbag,Accessories,6253,Patna,S,Violet,Spring,4.5,No,Next Day Air,Yes,Yes,8,Paytm,Bi-Weekly
1533,68.0,Male,Jacket,Outerwear,3552, Nagpur ,S,Silver,Winter,4.4,No,Next Day Air,Yes,Yes,5,Cash,Every 3 Months
1534,50.0,Male,Boots,Footwear,4319, Ahmedabad ,M,Gold,Summer,3.6,No,2-Day Shipping,Yes,Yes,16,Paytm,Quarterly
1535,55.0,female,Kurta,Clothing,4784, Vadodara ,M,Green,Summer,3.4,No,Free Shipping,Yes,Yes,26,UPI,Fortnightly
1536,36.0,Male,Sneakers,Footwear,5542,Vadodara  ,S,Turquoise,Fall,4.0,No,2-Day Shipping,Yes,Yes,8, Paytm ,Monthly
1537,18.0,Male,Scarf,Accessories,6025, Kochi ,M,Indigo,Summer,2.6,No,Store Pickup,Yes,Yes,17, Cash ,Quarterly
1538,68.0,Male,Shoes,Footwear,6853,Surat,L,Black,Spring,3.2,No,Next Day Air,Yes,Yes,50,PhonePe,Annually
1539,56.0,female,T-Shirt,Clothing,4923,Kolkata  ,L,Charcoal,Fall,3.2,No,Standard,Yes,Yes,22,Credit Card,Bi-Weekly
1540,32.0,Male,Sunglasses,Accessories,4007,Chandigarh  ,M,Turquoise,Spring,5.0,No,2-Day Shipping,Yes,Yes,19,Google Pay,Every 3 Months
1541,28.0,Female,Jacket,Clothing,6949,PATNA,M,Red,Winter,2.9,No,Next Day Air,Yes,Yes,14,Credit Card,Monthly
1542,24.0,Male,Sunglasses,Accessories,5631,Delhi,S,Indigo,Winter,2.9,No,Store Pickup,Yes,Yes,35,Google Pay,Bi-Weekly
1543,59.0,male,Kurta,Clothing,3131,kolkata,M,Maroon,Winter,3.5,No,Next Day Air,Yes,Yes,43, Cash ,Weekly
1544,56.0,M,Lehenga,Clothing,6793,JAIPUR,M,Indigo,Fall,4.0,No,Standard,Yes,Yes,24,Paytm,Annually
1545,30.0,Male,Handbag,Accessories,1611,Ahmedabad,M,Maroon,Spring,3.9,No,Standard,Yes,Yes,17,Net Banking,Bi-Weekly
1546,48.0,Male,Cap,Accessories,3343,Chandigarh,M,Black,Winter,4.9,No,Store Pickup,Yes,Yes,49,Cash,Annually
1547,60.0,Male,Sandals,Footwear,3957, Agra ,XL,Purple,Summer,3.8,No,Express,Yes,Yes,17,upi,Annually
1548,,Male,Cap,Accessories,3341, Jaipur ,L,Teal,Summer,3.5,No,Standard,Yes,Yes,40,Net Banking,Quarterly
1549,69.0,female,Ethnic Top,Clothing,2200,Nagpur,M,Silver,Summer,3.7,No,Store Pickup,Yes,Yes,43,UPI,Weekly
1550,19.0,Female,Sneakers,Footwear,4250,bhopal,M,Black,Spring,2.9,No,2-Day Shipping,Yes,Yes,19,Paytm,Every 3 Months
1551,66.0,Male,Handbag,Accessories,1885,Kochi,S,Black,Summer,2.8,No,Free Shipping,Yes,Yes,40,Google Pay,Quarterly
1552,64.0,Female,Backpack,Accessories,2170,Surat,M,Olive,Summer,3.7,No,2-Day Shipping,Yes,Yes,13,paytm,Monthly
1553,54.0,Female,Jacket,Clothing,3607, Indore ,L,Purple,Spring,3.0,No,Express,Yes,Yes,20,Google Pay,Monthly
1554,27.0,Female,Shirt,Clothing,3260,Varanasi  ,M,Indigo,Spring,4.8,No,Free Shipping,Yes,Yes,21,Paytm,Quarterly
1555,64.0,Male,Saree,Clothing,3694,delhi,S,Lavender,Winter,2.7,No,Standard,Yes,Yes,18,Net Banking,Bi-Weekly
1556,43.0,Female,Kurta,Clothing,3603,Lucknow,S,Cyan,Winter,4.5,No,Free Shipping,Yes,Yes,44, Paytm ,Quarterly
1557,43.0,Male,Jacket,Clothing,4398,Ahmedabad  ,M,Gold,Fall,2.7,No,Standard,Yes,Yes,26,Paytm,Quarterly
1558,27.0,M,Backpack,Accessories,2529, Vadodara ,L,Magenta,Fall,3.5,No,Next Day Air,Yes,Yes,34,Net Banking,Quarterly
1559,35.0,Male,Belt,Accessories,5428,Delhi,XL,Teal,Fall,3.5,No,Express,Yes,Yes,24, UPI ,Every 3 Months
1560,43.0,Male,Cap,Accessories,6975,Mumbai,L,Beige,Fall,4.5,No,Store Pickup,Yes,Yes,23,google pay,Fortnightly
1561,57.0,Male,Watch,Accessories,6274, Delhi ,M,Teal,Winter,3.8,No,Free Shipping,Yes,Yes,3,Debit Card,Weekly
1562,50.0,M,Wallet,Accessories,2900,Delhi,M,Indigo,Summer,3.8,No,Standard,Yes,Yes,2,Paytm,Quarterly
1563,37.0,Female,Handbag,Accessories,5445, Jaipur ,M,Purple,Winter,3.2,No,Next Day Air,Yes,Yes,23,credit card,Bi-Weekly
1564,68.0,Other,Trousers,Clothing,3204,PATNA,M,Teal,Fall,4.3,No,Next Day Air,Yes,Yes,8,credit card,Weekly
1565,22.0,M,Cap,Accessories,2340,delhi,XL,Turquoise,Summer,4.5,No,Next Day Air,Yes,Yes,30,CASH,Every 3 Months
1566,58.0,Male,Sunglasses,Accessories,7037, Patna ,L,Peach,Fall,4.2,No,Free Shipping,Yes,Yes,48, Cash ,Annually
1567,48.0,Male,Mojaris,Footwear,7273,varanasi,S,Green,Winter,3.0,No,Free Shipping,Yes,Yes,21,UPI,Bi-Weekly
1568,30.0,Other,Backpack,Accessories,2290,PUNE,M,Turquoise,Spring,4.1,No,Standard,Yes,Yes,9, PhonePe ,Monthly
1569,51.0,Female,Loafers,Footwear,5644,Mumbai,L,Yellow,Spring,4.6,No,Store Pickup,Yes,Yes,8, Debit Card ,Monthly
1570,20.0,Male,Lehenga,Clothing,4864,Kolkata,M,Orange,Summer,2.9,No,Standard,Yes,Yes,29,UPI,Weekly
1571,30.0,M,Jacket,Clothing,3124,Pune,L,Brown,Winter,4.8,No,Next Day Air,Yes,Yes,3,phonepe,Every 3 Months
1572,28.0,Female,Handbag,Accessories,6742,kochi,L,Silver,Winter,4.5,No,Next Day Air,Yes,Yes,11,UPI,Fortnightly
1573,37.0,Male,Shirt,Clothing,7053,VADODARA,L,White,Summer,3.4,No,2-Day Shipping,Yes,Yes,16,Cash,Monthly
1574,36.0,Female,Kurta,Clothing,2199,SURAT,L,Indigo,Summer,4.3,No,2-Day Shipping,Yes,Yes,25,Credit Card,Weekly
1575,18.0,M,Jeans,Clothing,1964,Mumbai,S,Magenta,Spring,4.2,No,Free Shipping,Yes,Yes,32,Paytm,Bi-Weekly
1576,52.0,male,Shirt,Clothing,2181,,M,Turquoise,Spring,3.6,No,Next Day Air,Yes,Yes,28,Google Pay,Fortnightly
1577,56.0,Male,Kurti,Clothing,5490, Bhopal ,M,White,Spring,3.7,No,2-Day Shipping,Yes,Yes,36,cash,Monthly
1578,68.0,Male,Sandals,Footwear,2474,NAGPUR,S,Olive,Spring,4.0,No,Standard,Yes,Yes,7,Paytm,Fortnightly
1579,62.0,Male,T-Shirt,Clothing,7393,Ahmedabad  ,S,Maroon,Winter,4.9,No,2-Day Shipping,Yes,Yes,2,Credit Card,Quarterly
1580,35.0,Female,Jacket,Outerwear,5886, Chandigarh ,M,Violet,Summer,3.1,No,Free Shipping,Yes,Yes,6,net banking,Monthly
1581,65.0,female,Loafers,Footwear,5165, Bengaluru ,L,Cyan,Summer,3.7,No,Standard,Yes,Yes,30,Google Pay,Annually
1582,69.0,Female,Sunglasses,Accessories,5760,Kolkata,L,Teal,Fall,4.2,No,Free Shipping,Yes,Yes,46,PhonePe,Quarterly
1583,28.0,F,Scarf,Accessories,3228,Jaipur,L,Red,Spring,2.5,No,Next Day Air,Yes,Yes,39,PHONEPE,Monthly
1584,37.0,Male,Backpack,Accessories,7079,KOLKATA,XL,Yellow,Summer,4.3,No,Next Day Air,Yes,Yes,8,Credit Card,Annually
1585,41.0,Female,Shirt,Clothing,7259,JAIPUR,S,Silver,Spring,3.1,No,Store Pickup,Yes,Yes,46,Google Pay,Quarterly
1586,37.0,Male,Ethnic Top,Clothing,1940,Pune,M,Charcoal,Fall,3.0,No,Next Day Air,Yes,Yes,40,Paytm,Fortnightly
1587,25.0,Female,Boots,Footwear,5845,jaipur,M,Purple,Fall,4.0,No,Express,Yes,Yes,21,Credit Card,Weekly
1588,41.0,Male,Jeans,Clothing,7266,VADODARA,M,Beige,Summer,3.5,No,Free Shipping,Yes,Yes,33,PhonePe,Fortnightly
1589,48.0,Other,Scarf,Accessories,1692,bhopal,L,Cyan,Winter,3.2,No,Next Day Air,Yes,Yes,3,Net Banking,Monthly
1590,42.0,female,Sneakers,Footwear,5384,AHMEDABAD,M,Silver,Summer,2.7,No,Store Pickup,Yes,Yes,48,credit card,Weekly
1591,54.0,Male,Trousers,Clothing,6014, Ahmedabad ,S,Pink,Winter,3.0,No,Free Shipping,Yes,Yes,8, Net Banking ,Annually
1592,18.0,Male,Ethnic Top,Clothing,7316,Vadodara,L,Gold,Winter,2.9,No,Next Day Air,Yes,Yes,24,Paytm,Annually
1593,56.0,,Boots,Footwear,6289, Varanasi ,M,Cyan,Summer,3.3,No,Free Shipping,Yes,Yes,10,UPI,Every 3 Months
1594,61.0,M,Jeans,Clothing,7038, Surat ,M,Black,Spring,4.9,No,2-Day Shipping,Yes,Yes,25,Net Banking,Monthly
1595,40.0,Female,Shawl,Accessories,3166,,XL,Charcoal,Summer,3.7,No,Store Pickup,Yes,Yes,3,Net Banking,Fortnightly
1596,34.0,Female,Handbag,Accessories,2716,Chandigarh  ,S,Magenta,Spring,3.5,No,Standard,Yes,Yes,45,Debit Card,Fortnightly
1597,42.0,M,Sunglasses,Accessories,2097,Varanasi,S,Pink,Fall,4.7,No,Store Pickup,Yes,Yes,15,Debit Card,Monthly
1598,43.0,Male,Handbag,Accessories,1681,Indore,XL,Maroon,Winter,2.6,No,Store Pickup,Yes,Yes,34,CASH,Quarterly
1599,47.0,Female,Backpack,Accessories,6271,HYDERABAD,M,Teal,Fall,4.1,No,Express,Yes,Yes,21,Debit Card,Bi-Weekly
1600,48.0,M,Saree,Clothing,4224,Kolkata,M,Orange,Winter,2.8,No,2-Day Shipping,Yes,Yes,22,UPI,Bi-Weekly
1601,20.0,male,Shoes,Footwear,1844,Bengaluru  ,S,Yellow,Spring,4.7,No,Next Day Air,Yes,Yes,24,Paytm,Weekly
1602,65.0,Other,T-Shirt,Clothing,4550,Jaipur,XL,Red,Spring,2.9,No,Store Pickup,Yes,Yes,33,Cash,Monthly
1603,54.0,F,Wallet,Accessories,3473,Lucknow  ,S,Charcoal,Winter,2.8,No,Free Shipping,Yes,Yes,13,Google Pay,Fortnightly
1604,23.0,Male,Kurta,Clothing,7485,Kochi,L,Black,Summer,4.3,No,Next Day Air,Yes,Yes,17,Net Banking,Bi-Weekly
1605,18.0,male,T-Shirt,Clothing,6767,Chandigarh,M,White,Summer,4.8,No,2-Day Shipping,Yes,Yes,25,CREDIT CARD,Every 3 Months
1606,70.0,Other,Sunglasses,Accessories,3495,vadodara,M,Lavender,Winter,3.4,No,Next Day Air,Yes,Yes,15,PAYTM,Bi-Weekly
1607,55.0,Female,Ethnic Top,Clothing,1451,Bhopal  ,S,White,Spring,4.3,No,Standard,Yes,Yes,4,upi,Fortnightly
1608,49.0,Female,Jeans,Clothing,5407,Bhopal,S,Gray,Fall,2.7,No,Free Shipping,Yes,Yes,43,Net Banking,Quarterly
1609,26.0,Male,Loafers,Footwear,4521,Patna,XL,Cyan,Fall,4.6,No,Next Day Air,Yes,Yes,12,cash,Bi-Weekly
1610,33.0,Female,Trousers,Clothing,7028,PATNA,S,Brown,Fall,4.1,No,Standard,Yes,Yes,3,Phone Pay,Monthly
1611,20.0,Female,Lehenga,Clothing,2345,Agra,L,Purple,Spring,3.4,No,2-Day Shipping,Yes,Yes,1,Debit Card,Annually
1612,41.0,F,Shirt,Clothing,2011, Agra ,L,Yellow,Winter,4.5,No,Next Day Air,Yes,Yes,6,Debit Card,Monthly
1613,18.0,Female,Lehenga,Clothing,5230,KOCHI,M,Indigo,Summer,4.4,No,Standard,Yes,Yes,26,Paytm,Monthly
1614,26.0,Male,Wallet,Accessories,2468, Hyderabad ,S,Black,Summer,4.0,No,Next Day Air,Yes,Yes,6,net banking,Fortnightly
1615,30.0,Female,Shirt,Clothing,3133,patna,S,Gray,Summer,3.4,No,Free Shipping,Yes,Yes,22,Debit Card,Bi-Weekly
1616,64.0,Male,Watch,Accessories,4757,Ahmedabad,M,Indigo,Fall,3.2,No,Standard,Yes,Yes,45, Debit Card ,Bi-Weekly
1617,26.0,Male,Shawl,Accessories,2948, Agra ,M,Green,Spring,3.4,No,Standard,Yes,Yes,50,Net Banking,Quarterly
1618,43.0,Female,Trousers,Clothing,4724,Bhopal,M,Peach,Winter,4.3,No,Standard,Yes,Yes,50,PAYTM,Fortnightly
1619,63.0,Other,Sneakers,Footwear,5387,VADODARA,L,Purple,Summer,5.0,No,Standard,Yes,Yes,39,Paytm,Quarterly
1620,57.0,female,Handbag,Accessories,5903, Kolkata ,L,Beige,Winter,3.5,No,Store Pickup,Yes,Yes,50,Cash,Bi-Weekly
1621,25.0,Male,Backpack,Accessories,3645,vadodara,M,Charcoal,Winter,3.1,No,2-Day Shipping,Yes,Yes,27,UPI,Every 3 Months
1622,68.0,Male,Sunglasses,Accessories,3557,agra,L,Gray,Summer,3.9,No,2-Day Shipping,Yes,Yes,38,UPI,Fortnightly
1623,31.0,female,Trousers,Clothing,3259,CHENNAI,S,Brown,Winter,4.0,No,Store Pickup,Yes,Yes,37,DEBIT CARD,Every 3 Months
1624,64.0,Male,Scarf,Accessories,4399,jaipur,M,Cyan,Summer,3.5,No,Next Day Air,Yes,Yes,50,Cash,Annually
1625,38.0,Other,Lehenga,Clothing,2531,Bengaluru,M,White,Winter,3.6,No,Free Shipping,Yes,Yes,40,Paytm,Every 3 Months
1626,34.0,Other,Kurti,Clothing,3572,lucknow,L,Beige,Winter,3.0,No,Next Day Air,Yes,Yes,3,Paytm,Bi-Weekly
1627,32.0,,Loafers,Footwear,2769, Agra ,L,Orange,Summer,2.6,No,Next Day Air,Yes,Yes,45,Debit Card,Bi-Weekly
1628,69.0,male,Scarf,Accessories,1446, Bengaluru ,M,Olive,Winter,2.9,No,Next Day Air,Yes,Yes,8,google pay,Annually
1629,45.0,F,Jacket,Clothing,4834,Surat,S,Teal,Winter,3.1,No,Next Day Air,Yes,Yes,7,PhonePe,Monthly
1630,35.0,Other,Jacket,Clothing,6723,Delhi,S,Silver,Spring,,No,Next Day Air,Yes,Yes,13,Credit Card,Quarterly
1631,63.0,Male,Slippers,Footwear,3555,Pune  ,M,Gold,Summer,2.9,No,Store Pickup,Yes,Yes,29,Credit Card,Every 3 Months
1632,65.0,F,Saree,Clothing,2893, Bhopal ,L,Violet,Summer,3.9,No,2-Day Shipping,Yes,Yes,7,Net Banking,Fortnightly
1633,35.0,Female,Belt,Accessories,2014,NAGPUR,S,White,Summer,,No,2-Day Shipping,Yes,Yes,50,Debit Card,Every 3 Months
1634,54.0,Female,T-Shirt,Clothing,6112,Varanasi,M,Peach,Spring,4.4,No,2-Day Shipping,Yes,Yes,33,CASH,Bi-Weekly
1635,28.0,Female,Coat,Outerwear,1752,CHENNAI,S,Orange,Summer,3.6,No,Store Pickup,Yes,Yes,30,net banking,Every 3 Months
1636,68.0,male,Scarf,Accessories,1921,hyderabad,L,Violet,Summer,3.2,No,Standard,Yes,Yes,40,Credit Card,Annually
1637,58.0,Male,Sneakers,Footwear,1795,bhopal,L,Green,Fall,4.0,No,Free Shipping,Yes,Yes,49,UPI,Fortnightly
1638,35.0,male,Ethnic Top,Clothing,1619, Varanasi ,M,Peach,Spring,3.5,No,Next Day Air,Yes,Yes,32,Cash,Fortnightly
1639,68.0,Male,Jacket,Outerwear,3930,vadodara,M,Black,Spring,4.6,No,Free Shipping,Yes,Yes,18,Net Banking,Weekly
1640,41.0,Male,Cap,Accessories,4688,Nagpur,L,Blue,Summer,3.3,No,Free Shipping,Yes,Yes,50,Cash,Annually
1641,65.0,F,Belt,Accessories,3640,AGRA,S,Magenta,Spring,4.0,No,2-Day Shipping,Yes,Yes,13,Net Banking,Weekly
1642,50.0,Male,Kurta,Clothing,2241,Jaipur,L,Violet,Summer,3.4,No,Free Shipping,Yes,Yes,1,UPI,Every 3 Months
1643,18.0,male,Coat,Outerwear,5159,HYDERABAD,M,Beige,Spring,4.2,No,Store Pickup,Yes,Yes,16, Google Pay ,Fortnightly
1644,38.0,male,Scarf,Accessories,5852,MUMBAI,L,Pink,Summer,3.9,No,2-Day Shipping,Yes,Yes,6,Debit Card,Monthly
1645,68.0,Female,Coat,Outerwear,6873,,S,Beige,Summer,3.9,No,Next Day Air,Yes,Yes,21,UPI,Monthly
1646,53.0,Female,Scarf,Accessories,2518,mumbai,L,Green,Summer,2.8,No,Standard,Yes,Yes,36,debit card,Every 3 Months
1647,58.0,male,Sunglasses,Accessories,5640,Surat,S,Silver,Summer,3.7,No,Standard,Yes,Yes,20,Debit Card,Every 3 Months
1648,34.0,female,Shoes,Footwear,5816,Mumbai  ,M,Purple,Summer,4.9,No,Store Pickup,Yes,Yes,8,Net Banking,Quarterly
1649,36.0,M,Ethnic Top,Clothing,5047,HYDERABAD,M,Gray,Summer,2.6,No,Express,Yes,Yes,22,Cash,Monthly
1650,58.0,Female,Kurta,Clothing,4924,Kolkata,M,White,Summer,4.9,No,Free Shipping,Yes,Yes,3, Paytm ,Quarterly
1651,60.0,Female,Cap,Accessories,2809,pune,M,Silver,Winter,3.4,No,Next Day Air,Yes,Yes,46,PHONEPE,Fortnightly
1652,59.0,male,Coat,Outerwear,5911,Lucknow,M,Blue,Winter,3.9,No,Standard,Yes,Yes,42, PhonePe ,Monthly
1653,65.0,F,Jeans,Clothing,2698,agra,M,Orange,Summer,4.0,No,Next Day Air,Yes,Yes,1,debit card,Fortnightly
1654,31.0,Female,Handbag,Accessories,7147,Agra,L,Silver,Winter,3.0,No,2-Day Shipping,Yes,Yes,29,PhonePe,Bi-Weekly
1655,43.0,Male,Backpack,Accessories,1759,BHOPAL,L,Gray,Spring,2.6,No,Store Pickup,Yes,Yes,14,phonepe,Quarterly
1656,37.0,Female,T-Shirt,Clothing,6013,Bengaluru  ,L,Gold,Spring,3.2,No,Next Day Air,Yes,Yes,4,Credit Card,Monthly
2528,19.0,Male,Trousers,Clothing,2709,Mumbai,M,Gold,Fall,3.6,No,Express,No,No,33,Net Banking,Every 3 Months
1658,69.0,M,Shirt,Clothing,2604,Vadodara,L,Turquoise,Spring,3.2,No,Store Pickup,Yes,Yes,4,CREDIT CARD,Bi-Weekly
1659,32.0,Male,Watch,Accessories,5073,Ahmedabad,S,Pink,Spring,4.1,No,Store Pickup,Yes,Yes,47,Paytm,Weekly
1660,53.0,Male,Handbag,Accessories,2855,Surat,M,Black,Fall,3.9,No,Next Day Air,Yes,Yes,44,Google Pay,Annually
1661,59.0,Male,Jacket,Clothing,3297,Delhi,L,Yellow,Winter,4.1,No,Standard,Yes,Yes,37,,Monthly
1662,64.0,Other,Watch,Accessories,6467,bengaluru,S,Beige,Summer,2.7,No,2-Day Shipping,Yes,Yes,21,UPI,Quarterly
1663,63.0,Male,Sunglasses,Accessories,1976,ahmedabad,M,Olive,Winter,4.6,No,Free Shipping,Yes,Yes,46,Net Banking,Fortnightly
1664,43.0,Male,Kurti,Clothing,1510,hyderabad,XL,Gold,Summer,3.5,No,Standard,Yes,Yes,1,Net Banking,Bi-Weekly
1665,19.0,Male,Shawl,Accessories,3874, Indore ,M,Purple,Spring,5.0,No,Next Day Air,Yes,Yes,35,Net Banking,Weekly
1666,40.0,Female,Jacket,Outerwear,3181, Lucknow ,L,Pink,Fall,3.4,No,Next Day Air,Yes,Yes,49,UPI,Monthly
1667,51.0,Female,Saree,Clothing,4953,Bhopal  ,M,Blue,Summer,3.1,No,Store Pickup,Yes,Yes,47,Credit Card,Annually
1668,51.0,Female,Watch,Accessories,3192,kochi,L,Brown,Winter,3.4,No,2-Day Shipping,Yes,Yes,24, Debit Card ,Every 3 Months
1669,66.0,Female,Trousers,Clothing,2478,Kochi,L,Charcoal,Summer,4.0,No,Standard,Yes,Yes,28,PhonePe,Fortnightly
1670,42.0,Female,Jeans,Clothing,4482,mumbai,L,Maroon,Winter,2.7,No,Store Pickup,Yes,Yes,22, Paytm ,Quarterly
1671,22.0,F,Trousers,Clothing,5279, Chennai ,L,Cyan,Fall,3.6,No,Free Shipping,Yes,Yes,20,Google Pay,Weekly
1672,31.0,Female,Saree,Clothing,1646,Chennai  ,M,Olive,Winter,4.0,No,Free Shipping,Yes,Yes,25,Credit Card,Weekly
1673,18.0,Male,Loafers,Footwear,5454,Kolkata,L,Gold,Fall,3.8,No,Free Shipping,Yes,Yes,15,debit card,Quarterly
1674,21.0,Male,Kurti,Clothing,4791,Patna,M,Violet,Fall,3.4,No,Next Day Air,Yes,Yes,49,Paytm,Bi-Weekly
1675,35.0,Female,Coat,Outerwear,4132,Jaipur,M,Peach,Winter,3.2,No,Free Shipping,Yes,Yes,10,net banking,Fortnightly
1676,35.0,Male,Trousers,Clothing,6873,surat,M,Beige,Spring,4.7,No,Next Day Air,Yes,Yes,21,DEBIT CARD,Annually
1677,27.0,Male,Handbag,Accessories,3352,Kochi  ,M,Cyan,Winter,3.1,No,Next Day Air,Yes,Yes,34,,Weekly
1678,65.0,female,Jacket,Clothing,2689,PUNE,L,Silver,Summer,3.3,No,Next Day Air,No,No,41,Credit Card,Weekly
1679,41.0,Other,,Clothing,5217, Varanasi ,S,Magenta,Summer,4.8,No,2-Day Shipping,No,No,30,Paytm,Fortnightly
1680,60.0,male,Trousers,Clothing,3849, Mumbai ,S,Black,Fall,4.5,No,Next Day Air,No,No,24,Cash,Bi-Weekly
1681,61.0,Female,Boots,Footwear,2712,PUNE,M,Olive,Summer,3.4,No,Store Pickup,No,No,6,PhonePe,Annually
1682,24.0,F,Sandals,Footwear,7132,,L,Green,Winter,3.7,No,2-Day Shipping,No,No,14,Paytm,Bi-Weekly
1683,65.0,F,Shirt,Clothing,7199,Nagpur,M,Yellow,Fall,4.9,No,2-Day Shipping,No,No,37,Google Pay,Bi-Weekly
1684,23.0,Other,Coat,Outerwear,4308,Mumbai,S,Lavender,Spring,3.5,No,Next Day Air,No,No,37,PAYTM,Quarterly
1685,30.0,Female,Jacket,Clothing,6835, Bengaluru ,M,Indigo,Spring,4.6,No,Standard,No,No,28, Cash ,Weekly
1686,33.0,Male,Shirt,Clothing,3706,CHENNAI,M,Pink,Winter,4.6,No,Standard,No,No,43,upi,Bi-Weekly
1687,22.0,M,Wallet,Accessories,5690,chennai,L,Red,Fall,4.2,No,Store Pickup,No,No,25,Cash,Annually
1688,67.0,Male,Saree,Clothing,5183, Delhi ,S,Magenta,Winter,3.7,No,Free Shipping,No,No,4,PAYTM,Annually
1689,28.0,Female,Scarf,Accessories,2067,Ahmedabad,S,Peach,Winter,3.0,No,Next Day Air,No,No,13, Net Banking ,Fortnightly
1690,32.0,Other,Kurti,Clothing,5387,BHOPAL,L,Turquoise,Winter,4.6,No,Store Pickup,No,No,32,Debit Card,Monthly
1691,40.0,Female,Coat,Outerwear,2438,Hyderabad,M,Black,Summer,3.2,No,Free Shipping,No,No,1, Net Banking ,Annually
1692,64.0,Male,Sneakers,Footwear,4752,PATNA,L,Blue,Summer,3.5,No,Next Day Air,No,No,4,Net Banking,Annually
1693,,female,Sunglasses,Accessories,5615,Surat,M,Beige,Winter,2.6,No,Standard,No,No,33,Credit Card,Bi-Weekly
1694,63.0,Other,Jacket,Outerwear,6778, Chandigarh ,XL,Olive,Fall,4.9,No,Standard,No,No,45,upi,Fortnightly
1695,20.0,Male,Kurti,Clothing,5011,Lucknow,M,Turquoise,Summer,2.7,No,Express,No,No,20,Credit Card,Fortnightly
1696,54.0,Male,Watch,Accessories,7243, Bengaluru ,S,Yellow,Fall,4.7,No,2-Day Shipping,No,No,1,Debit Card,Fortnightly
1697,31.0,Other,Backpack,Accessories,5341,Kochi,S,Turquoise,Spring,4.0,No,Free Shipping,No,No,7,Google Pay,Bi-Weekly
1698,36.0,Female,Jacket,Clothing,6413,indore,L,Lavender,Fall,3.5,No,Next Day Air,No,No,48, PhonePe ,Every 3 Months
1699,25.0,Male,Backpack,Accessories,3061,LUCKNOW,XL,Turquoise,Winter,4.8,No,Standard,No,No,46,GPay,Quarterly
1700,20.0,Male,,Clothing,5131,Lucknow,L,Teal,Spring,4.0,No,Free Shipping,No,No,34,UPI,Annually
1701,62.0,female,T-Shirt,Clothing,5181,Bhopal,L,Black,Fall,4.1,No,Express,No,No,36,Debit Card,Monthly
1702,69.0,Male,Cap,Accessories,3234,Jaipur,XL,Blue,Winter,3.8,No,Next Day Air,No,No,44,Net Banking,Every 3 Months
1703,54.0,Male,T-Shirt,Clothing,6147,Delhi,XL,Yellow,Summer,5.0,No,Express,No,No,48,Debit Card,Weekly
1704,39.0,Male,Handbag,Accessories,1497,Chennai,M,Black,Spring,4.0,No,Next Day Air,No,No,12,Net Banking,Annually
1705,56.0,Male,Sandals,Footwear,1587,VARANASI,M,Lavender,Summer,3.9,No,Store Pickup,No,No,19,Phone Pay,Every 3 Months
1706,39.0,Male,Sunglasses,Accessories,2350, Ahmedabad ,L,Cyan,Summer,3.4,No,2-Day Shipping,No,No,49,Paytm,Bi-Weekly
1707,37.0,Male,Handbag,Accessories,6503, Chandigarh ,M,Brown,Spring,3.0,No,Standard,No,No,25,UPI,Fortnightly
1708,25.0,Female,Jacket,Clothing,6054,Bhopal,L,Maroon,Fall,4.9,No,2-Day Shipping,No,No,25, PhonePe ,Bi-Weekly
1709,35.0,Male,Shoes,Footwear,4248, Delhi ,L,Cyan,Spring,3.2,No,Express,No,No,1, Cash ,Quarterly
1710,45.0,Male,Ethnic Top,Clothing,6354,VARANASI,M,Pink,Winter,3.8,No,Standard,No,No,19,CASH,Annually
1711,19.0,F,Ethnic Top,Clothing,4258,Chandigarh,XL,Orange,Fall,3.8,No,Store Pickup,No,No,7,credit card,Quarterly
1712,21.0,Male,Shirt,Clothing,6844,Chennai,M,Lavender,Spring,4.7,No,Express,No,No,19,NET BANKING,Monthly
1713,65.0,F,Jacket,Clothing,6495, Surat ,S,Beige,Fall,3.8,No,2-Day Shipping,No,No,9,phonepe,Fortnightly
1714,49.0,Male,Jacket,Outerwear,1815,CHENNAI,M,Pink,Winter,4.6,No,Free Shipping,No,No,37,Credit Card,Quarterly
1715,30.0,Male,Jeans,Clothing,5396,bhopal,S,Charcoal,Summer,4.4,No,Standard,No,No,15,Cash,Monthly
1716,23.0,Female,Trousers,Clothing,5033,chennai,XL,Gray,Spring,3.4,No,2-Day Shipping,No,No,30,Cash,Bi-Weekly
1717,69.0,M,Lehenga,Clothing,3505,nagpur,M,Cyan,Winter,4.7,No,Standard,No,No,30,Credit Card,Every 3 Months
1718,29.0,Male,Shirt,Clothing,3568,Nagpur,L,Orange,Summer,2.9,No,Express,No,No,16,DEBIT CARD,Bi-Weekly
1719,54.0,Female,Kurta,Clothing,7225,Bhopal,L,Pink,Winter,3.4,No,2-Day Shipping,No,No,14,PhonePe,Every 3 Months
1720,45.0,M,Ethnic Top,Clothing,2819,Surat,M,White,Winter,3.2,No,Free Shipping,No,No,8,Debit Card,Quarterly
1721,25.0,Female,Trousers,Clothing,6468, Surat ,S,Beige,Winter,2.8,No,Express,No,No,40,cash,Bi-Weekly
1722,34.0,Female,Watch,Accessories,2196,Kolkata,S,Magenta,Spring,4.3,No,Free Shipping,No,No,24,debit card,Monthly
1723,46.0,Male,Lehenga,Clothing,3705,bhopal,L,Violet,Summer,3.3,No,Standard,No,No,14, Net Banking ,Fortnightly
1724,70.0,Female,Cap,Accessories,1474,Varanasi  ,XL,Gold,Spring,3.3,No,Standard,No,No,39,google pay,Annually
1725,42.0,Male,Mojaris,Footwear,5421,Vadodara,S,Teal,Winter,3.3,No,Free Shipping,No,No,21, Google Pay ,Weekly
1726,45.0,Female,Scarf,Accessories,2377,kochi,M,Indigo,Spring,3.0,No,Next Day Air,No,No,32,debit card,Quarterly
1727,57.0,female,Coat,Outerwear,1953,MUMBAI,S,Olive,Summer,2.8,No,Express,No,No,45,DEBIT CARD,Weekly
1728,49.0,F,Lehenga,Clothing,3957,Jaipur,S,Violet,Spring,4.0,No,Express,No,No,19, Net Banking ,Monthly
1729,23.0,Male,Jacket,Clothing,3750, Chennai ,L,Black,Fall,,No,Express,No,No,1,Credit Card,Every 3 Months
1730,47.0,Female,Kurti,Clothing,1692,Varanasi,M,Brown,Winter,3.8,No,Store Pickup,No,No,12,DEBIT CARD,Fortnightly
1731,23.0,M,Kurti,Clothing,1804,DELHI,S,Silver,Fall,4.2,No,Free Shipping,No,No,26,UPI,Weekly
1732,21.0,male,Backpack,Accessories,6673,Bengaluru,M,Gray,Fall,3.1,No,Next Day Air,No,No,12,PhonePe,Monthly
1733,45.0,Female,Belt,Accessories,3870, Kolkata ,S,Charcoal,Winter,2.6,No,Free Shipping,No,No,36,UPI,Every 3 Months
1734,67.0,Male,Kurti,Clothing,6242,CHENNAI,L,Black,Summer,3.4,No,Express,No,No,22,,Annually
1735,31.0,Other,Kurti,Clothing,7177,Chennai,L,Brown,Spring,3.1,No,Next Day Air,No,No,16,UPI,Quarterly
1736,58.0,Male,Saree,Clothing,2623,delhi,M,Purple,Winter,3.6,No,Express,No,No,31, Paytm ,Annually
1737,57.0,F,,Clothing,4656, Nagpur ,M,Purple,Summer,2.6,No,2-Day Shipping,No,No,43,PAYTM,Quarterly
1738,42.0,Male,Shawl,Accessories,7509,AGRA,L,Gray,Summer,4.2,No,Store Pickup,No,No,50, Google Pay ,Bi-Weekly
1739,,Male,Sunglasses,Accessories,4685,KOCHI,M,Green,Spring,2.9,No,2-Day Shipping,No,No,37,UPI,Weekly
1740,21.0,Male,Shawl,Accessories,7268,bhopal,L,Silver,Winter,4.2,No,Express,No,No,23,Phone Pay,Weekly
1741,69.0,Female,Trousers,Clothing,1754,LUCKNOW,L,Charcoal,Fall,3.3,No,Next Day Air,No,No,10,Net Banking,Every 3 Months
1742,41.0,Male,Ethnic Top,Clothing,3758,Varanasi,XL,Teal,Winter,,No,Next Day Air,No,No,20,GOOGLE PAY,Monthly
1743,51.0,female,Boots,Footwear,5928,VADODARA,XL,White,Spring,4.3,No,Express,No,No,18,Paytm,Every 3 Months
1744,23.0,M,Lehenga,Clothing,5207,Chandigarh  ,XL,Brown,Winter,3.3,No,Standard,No,No,3, Google Pay ,Weekly
1745,57.0,Male,Cap,Accessories,4575,MUMBAI,L,Teal,Winter,3.0,No,Standard,No,No,23,UPI,Weekly
1746,40.0,Male,Jeans,Clothing,2165, Vadodara ,L,Red,Winter,3.6,No,Store Pickup,No,No,27,UPI,Weekly
1747,65.0,Male,,Accessories,3380,Pune,L,Brown,Summer,3.1,No,Store Pickup,No,No,44,UPI,Fortnightly
1748,61.0,Female,Coat,Outerwear,1699,surat,M,Yellow,Winter,2.9,No,Express,No,No,41,,Quarterly
1749,34.0,Female,Trousers,Clothing,6957,Chandigarh,L,Teal,Winter,3.9,No,2-Day Shipping,No,No,41,UPI,Annually
1750,43.0,M,Trousers,Clothing,5241,vadodara,L,Pink,Fall,3.2,No,2-Day Shipping,No,No,36,Debit Card,Every 3 Months
1751,31.0,Female,Sunglasses,Accessories,6423,Bhopal,M,White,Fall,3.1,No,Express,No,No,38,PAYTM,Every 3 Months
1752,57.0,Female,Trousers,Clothing,3034,Kolkata  ,M,Silver,Winter,3.2,No,2-Day Shipping,No,No,34,Cash,Annually
1753,34.0,Male,Shoes,Footwear,2057,Varanasi,L,Blue,Winter,3.3,No,Store Pickup,No,No,14,Paytm,Quarterly
1754,25.0,Male,Kurta,Clothing,1917,Patna,L,Black,Fall,4.8,No,Next Day Air,No,No,23,Credit Card,Fortnightly
1755,66.0,Male,Lehenga,Clothing,7147,Varanasi  ,S,Beige,Fall,3.8,No,2-Day Shipping,No,No,18,PAYTM,Fortnightly
1756,56.0,Male,Backpack,Accessories,1693,indore,XL,Charcoal,Spring,4.6,No,Next Day Air,No,No,45,Paytm,Monthly
1757,49.0,Male,Sunglasses,Accessories,4236,vadodara,S,Cyan,Fall,2.8,No,Free Shipping,No,No,14,GOOGLE PAY,Weekly
1758,19.0,Male,Ethnic Top,Clothing,7117,Lucknow,L,Yellow,Fall,3.6,No,Standard,No,No,48,Cash,Annually
1759,27.0,Female,Sunglasses,Accessories,4119, Ahmedabad ,M,Silver,Winter,4.3,No,Free Shipping,No,No,17,Cash,Bi-Weekly
1760,68.0,Male,Shirt,Clothing,4220, Vadodara ,L,Green,Spring,4.0,No,Next Day Air,No,No,1,UPI,Weekly
1761,20.0,Male,Shirt,Clothing,3116,Delhi,XL,Peach,Spring,3.5,No,Standard,No,No,39,DEBIT CARD,Weekly
1762,21.0,Male,Jacket,Clothing,7177, Ahmedabad ,S,Green,Fall,4.9,No,2-Day Shipping,No,No,24,Debit Card,Weekly
1763,36.0,Male,Loafers,Footwear,3071,Kolkata,M,Brown,Summer,3.1,No,Express,No,No,41, Google Pay ,Fortnightly
1764,37.0,Male,Shawl,Accessories,7154,Chennai,M,Lavender,Winter,3.9,No,Store Pickup,No,No,28,Debit Card,Annually
1765,61.0,Female,Ethnic Top,Clothing,4009,Surat,M,Charcoal,Summer,3.0,No,Store Pickup,No,No,34,Google Pay,Quarterly
1766,68.0,Other,Shirt,Clothing,6686,Surat,M,Orange,Spring,4.1,No,2-Day Shipping,No,No,41,Cash,Quarterly
1767,60.0,Female,Shirt,Clothing,4165,MUMBAI,S,Cyan,Winter,4.3,No,2-Day Shipping,No,No,27, Cash ,Bi-Weekly
1768,69.0,Male,Watch,Accessories,6800,delhi,L,Lavender,Fall,3.8,No,2-Day Shipping,No,No,46,Net Banking,Fortnightly
1769,25.0,F,Loafers,Footwear,3447,Chandigarh  ,M,Indigo,Summer,3.9,No,2-Day Shipping,No,No,2, Cash ,Every 3 Months
1770,32.0,Female,Kurta,Clothing,5730,lucknow,L,Brown,Winter,4.3,No,Free Shipping,No,No,45,Debit Card,Monthly
1771,53.0,Male,Watch,Accessories,1742,Vadodara,M,Pink,Fall,4.3,No,Express,No,No,34, Paytm ,Weekly
1772,46.0,Female,Trousers,Clothing,6159,Vadodara,XL,Turquoise,Fall,,No,Store Pickup,No,No,9,Cash,Annually
1773,58.0,Male,Sandals,Footwear,2567, Nagpur ,M,Gold,Summer,3.1,No,2-Day Shipping,No,No,1,Net Banking,Annually
1774,21.0,Female,Coat,Outerwear,6940, Ahmedabad ,M,Blue,Summer,2.7,No,Free Shipping,No,No,17,phonepe,Annually
1775,46.0,M,Kurti,Clothing,6023,Surat,M,Lavender,Spring,3.7,No,Express,No,No,6, UPI ,Weekly
1776,18.0,Female,Jacket,Outerwear,3524, Ahmedabad ,M,Violet,Spring,3.3,No,2-Day Shipping,No,No,12,PHONEPE,Bi-Weekly
1777,56.0,female,Jacket,Outerwear,4815,Nagpur  ,L,Cyan,Summer,3.4,No,Free Shipping,No,No,10,Paytm,Every 3 Months
1778,18.0,F,Boots,Footwear,3304, Bhopal ,L,Purple,Winter,4.7,No,Free Shipping,No,No,4,,Fortnightly
1779,49.0,Male,Wallet,Accessories,7065,Ahmedabad,M,Red,Winter,4.9,No,Store Pickup,No,No,8,Google Pay,Bi-Weekly
1780,29.0,Male,Scarf,Accessories,4529,Kochi,M,Charcoal,Winter,4.3,No,Free Shipping,No,No,41,Net Banking,Weekly
1781,67.0,Female,Shawl,Accessories,6141,Hyderabad,S,Gray,Summer,4.2,No,Next Day Air,No,No,49,DEBIT CARD,Weekly
1782,31.0,Female,Jeans,Clothing,2664,Delhi,M,Pink,Fall,3.7,No,Express,No,No,49,Debit Card,Quarterly
1783,52.0,Female,Ethnic Top,Clothing,6778, Delhi ,M,Lavender,Fall,2.7,No,Next Day Air,No,No,40, Paytm ,Fortnightly
1784,42.0,Male,Scarf,Accessories,3509, Agra ,L,Lavender,Winter,3.3,No,Free Shipping,No,No,30, Debit Card ,Monthly
1785,32.0,Female,Cap,Accessories,2413,Indore,L,Yellow,Summer,4.8,No,Standard,No,No,4,Paytm,Quarterly
1786,47.0,M,Wallet,Accessories,1992, Kochi ,S,Peach,Fall,4.1,No,Next Day Air,No,No,22,Net Banking,Monthly
1787,45.0,M,Jacket,Outerwear,2514,Indore,M,Brown,Spring,4.6,No,2-Day Shipping,No,No,22,Phone Pay,Monthly
1788,20.0,Male,Saree,Clothing,2662,Chennai,L,Gold,Fall,4.9,No,2-Day Shipping,No,No,10,Credit Card,Quarterly
1789,66.0,M,,Clothing,3076,Jaipur,L,Pink,Summer,3.1,No,Store Pickup,No,No,23,Google Pay,Bi-Weekly
1790,52.0,Female,Lehenga,Clothing,2578,Mumbai,L,Peach,Spring,3.0,No,2-Day Shipping,No,No,43,Debit Card,Quarterly
1791,50.0,Male,Backpack,Accessories,2095,Vadodara,S,Violet,Summer,3.7,No,Store Pickup,No,No,31,credit card,Bi-Weekly
1792,62.0,,Kurti,Clothing,7515,Kolkata,S,Purple,Winter,4.0,No,Store Pickup,No,No,38,Credit Card,Annually
1793,38.0,Female,Loafers,Footwear,4225, Jaipur ,M,Peach,Fall,3.0,No,Express,No,No,22,Credit Card,Every 3 Months
1794,65.0,,Handbag,Accessories,7018,DELHI,S,White,Fall,3.8,No,Store Pickup,No,No,45,UPI,Every 3 Months
1795,60.0,Male,Sunglasses,Accessories,3016, Jaipur ,L,Indigo,Spring,3.7,No,Express,No,No,21,Credit Card,Fortnightly
1796,68.0,Female,Saree,Clothing,1333,Indore,S,Violet,Fall,4.0,No,2-Day Shipping,No,No,9,Cash,Fortnightly
1797,62.0,Male,Jeans,Clothing,2783,Patna  ,S,Brown,Spring,3.1,No,Store Pickup,No,No,34,Paytm,Weekly
1798,62.0,F,Wallet,Accessories,2690,Jaipur,L,Maroon,Spring,3.9,No,2-Day Shipping,No,No,26,upi,Weekly
1799,40.0,Female,Lehenga,Clothing,6077, Patna ,L,Magenta,Winter,3.7,No,Express,No,No,1,Cash,Weekly
1800,32.0,male,Saree,Clothing,3611,Jaipur,M,Charcoal,Fall,3.9,No,Express,No,No,47,upi,Weekly
1801,22.0,Male,Coat,Outerwear,4412,,XL,Indigo,Winter,2.7,No,Express,No,No,30, Credit Card ,Weekly
1802,33.0,Male,Lehenga,Clothing,4386,Hyderabad,M,Turquoise,Spring,3.9,No,Express,No,No,48,Debit Card,Fortnightly
1803,57.0,Female,Shirt,Clothing,7079,Mumbai  ,L,Turquoise,Winter,2.6,No,Store Pickup,No,No,31, Debit Card ,Bi-Weekly
1804,60.0,Male,Slippers,Footwear,7239,kolkata,S,Gray,Summer,3.5,No,Free Shipping,No,No,33,Debit Card,Fortnightly
1805,30.0,Male,Kurta,Clothing,3201,kochi,L,Peach,Winter,4.4,No,Next Day Air,No,No,39,Debit Card,Weekly
1806,41.0,M,Kurta,Clothing,4461,Hyderabad,L,Gold,Spring,4.9,No,Store Pickup,No,No,46,Paytm,Weekly
1807,58.0,Other,Belt,Accessories,5128,Kolkata  ,M,Green,Fall,3.9,No,Standard,No,No,24,Net Banking,Annually
1808,34.0,Male,Sneakers,Footwear,3461,agra,L,Gold,Summer,3.5,No,Standard,No,No,37,debit card,Fortnightly
1809,67.0,M,Jacket,Outerwear,5406,Kolkata,M,Lavender,Spring,4.3,No,Next Day Air,No,No,7,Google Pay,Monthly
1810,58.0,Female,Cap,Accessories,7336,Mumbai,S,Blue,Fall,3.4,No,Free Shipping,No,No,6,Credit Card,Fortnightly
1811,41.0,Female,Jacket,Clothing,2110,Vadodara,M,Magenta,Fall,2.7,No,Standard,No,No,16, UPI ,Bi-Weekly
1812,42.0,Female,Backpack,Accessories,5952, Patna ,L,Blue,Summer,3.6,No,Standard,No,No,33, Google Pay ,Annually
1813,50.0,Female,Boots,Footwear,4763,Jaipur  ,S,Blue,Summer,4.9,No,Express,No,No,18, Debit Card ,Bi-Weekly
1814,40.0,Female,Lehenga,Clothing,4717,Agra,M,Olive,Spring,3.5,No,Free Shipping,No,No,24,Google Pay,Weekly
1815,32.0,Female,Lehenga,Clothing,6997,Patna  ,M,White,Summer,3.8,No,Free Shipping,No,No,24,UPI,Quarterly
1816,51.0,Female,Shoes,Footwear,5516,Chandigarh,L,White,Winter,4.5,No,2-Day Shipping,No,No,48, Debit Card ,Every 3 Months
1817,26.0,Female,Watch,Accessories,5782,delhi,M,Purple,Summer,4.0,No,Express,No,No,4,Google Pay,Weekly
1818,32.0,Female,Trousers,Clothing,1858, Pune ,M,White,Summer,4.7,No,Free Shipping,No,No,20,paytm,Weekly
1819,58.0,Male,Shawl,Accessories,2987,SURAT,M,White,Fall,3.8,No,Express,No,No,47,Paytm,Every 3 Months
1820,51.0,Male,Kurti,Clothing,6614,delhi,S,Peach,Spring,4.5,No,Next Day Air,No,No,50,Credit Card,Quarterly
1821,19.0,Female,Lehenga,Clothing,6884,BHOPAL,XL,Gold,Fall,5.0,No,Express,No,No,31,NET BANKING,Monthly
1822,57.0,Other,Kurti,Clothing,4045,PUNE,M,Teal,Spring,2.8,No,Express,No,No,29,Credit Card,Quarterly
1823,66.0,Female,Ethnic Top,Clothing,6401,Surat,S,Cyan,Summer,4.4,No,Standard,No,No,4,Cash,Annually
1824,62.0,Male,T-Shirt,Clothing,3574,agra,L,Pink,Fall,4.7,No,Free Shipping,No,No,40,Google Pay,Bi-Weekly
1825,58.0,Female,Lehenga,Clothing,3558,Delhi,XL,Magenta,Winter,3.8,No,Express,No,No,31,UPI,Monthly
1826,,male,Boots,Footwear,5483,Nagpur,M,Pink,Winter,4.9,No,Next Day Air,No,No,41,PAYTM,Weekly
1827,45.0,Female,Trousers,Clothing,4550,Nagpur,M,Turquoise,Winter,4.2,No,Express,No,No,44,phonepe,Annually
1828,20.0,Female,Shirt,Clothing,2834,bengaluru,S,Pink,Spring,4.9,No,2-Day Shipping,No,No,31,Net Banking,Weekly
1829,33.0,Male,Coat,Outerwear,5885,Bhopal,L,Gray,Spring,3.9,No,Express,No,No,45,Credit Card,Every 3 Months
1830,30.0,Male,Backpack,Accessories,7250,Kolkata,M,White,Spring,4.9,No,2-Day Shipping,No,No,50,CASH,Quarterly
1831,50.0,male,Shawl,Accessories,6189,Chandigarh,M,Blue,Winter,4.8,No,Express,No,No,7,Paytm,Annually
1832,62.0,Male,Trousers,Clothing,5304,Bengaluru,M,Cyan,Summer,3.3,No,Free Shipping,No,No,5, Cash ,Every 3 Months
1833,69.0,Male,Backpack,Accessories,2181,Ahmedabad,M,Blue,Fall,4.6,No,Free Shipping,No,No,48,debit card,Monthly
1834,34.0,Male,Shawl,Accessories,4118,Kochi,M,Yellow,Spring,4.5,No,2-Day Shipping,No,No,19,Google Pay,Fortnightly
2212,50.0,Male,Jacket,Clothing,6514,bhopal,L,Purple,Winter,3.2,No,Free Shipping,No,No,45,Net Banking,Every 3 Months
1836,65.0,M,Watch,Accessories,5495,Lucknow,M,Lavender,Fall,3.2,No,2-Day Shipping,No,No,45, Net Banking ,Quarterly
1837,66.0,Female,Jeans,Clothing,3820,MUMBAI,M,Teal,Fall,4.2,No,2-Day Shipping,No,No,35,Paytm,Monthly
1838,41.0,Other,Handbag,Accessories,5827,Kochi,M,Beige,Winter,4.8,No,Free Shipping,No,No,8,Paytm,Monthly
1839,37.0,Female,Shawl,Accessories,1692,JAIPUR,L,Blue,Fall,4.1,No,Next Day Air,No,No,11,Google Pay,Quarterly
1840,32.0,Male,Lehenga,Clothing,5905, Bengaluru ,XL,Purple,Winter,3.7,No,Store Pickup,No,No,32,Credit Card,Annually
1841,42.0,Female,Slippers,Footwear,7403,Ahmedabad,M,Gold,Winter,2.6,No,Store Pickup,No,No,46,Credit Card,Every 3 Months
1842,31.0,Female,Jeans,Clothing,4426,Indore,L,Blue,Winter,3.0,No,Standard,No,No,7,PhonePe,Every 3 Months
1843,61.0,Female,Shawl,Accessories,5937, Mumbai ,M,Black,Summer,4.4,No,Express,No,No,1, Net Banking ,Annually
1844,,Male,Jacket,Outerwear,5808,Kolkata  ,M,Charcoal,Fall,4.7,No,Next Day Air,No,No,32,PhonePe,Monthly
1845,60.0,Female,Jeans,Clothing,1808,Bhopal,M,Purple,Spring,2.7,No,2-Day Shipping,No,No,31,Credit Card,Annually
1846,51.0,Male,Shoes,Footwear,5718, Chennai ,M,Orange,Winter,2.8,No,2-Day Shipping,No,No,39,Credit Card,Quarterly
1847,68.0,Male,Backpack,Accessories,4162,Mumbai,M,Yellow,Summer,2.9,No,Standard,No,No,9,Net Banking,Quarterly
1848,46.0,Male,Sneakers,Footwear,7385,INDORE,XL,Cyan,Summer,4.4,No,Free Shipping,No,No,49,Cash,Weekly
1849,19.0,Male,Ethnic Top,Clothing,5548,Chennai,XL,Yellow,Winter,2.7,No,Express,No,No,34,Net Banking,Every 3 Months
1850,30.0,Other,Lehenga,Clothing,3026,Surat,M,Maroon,Winter,4.5,No,Store Pickup,No,No,35,Credit Card,Monthly
1851,51.0,Female,Backpack,Accessories,5580,bhopal,S,Black,Winter,2.8,No,Store Pickup,No,No,50,CREDIT CARD,Weekly
1852,28.0,Male,Kurti,Clothing,5913, Hyderabad ,S,Lavender,Fall,,No,Free Shipping,No,No,4,Paytm,Fortnightly
1853,41.0,Male,Ethnic Top,Clothing,5983,surat,XL,Violet,Winter,3.8,No,Store Pickup,No,No,32, PhonePe ,Weekly
1854,29.0,Male,Saree,Clothing,5104,Chandigarh,XL,Olive,Spring,2.9,No,Express,No,No,11,google pay,Fortnightly
1855,25.0,Female,Shirt,Clothing,4696,Indore  ,M,Teal,Spring,3.8,No,Express,No,No,49,Net Banking,Annually
1856,60.0,Female,T-Shirt,Clothing,5896,Kolkata,XL,Teal,Spring,4.7,No,Standard,No,No,9,UPI,Annually
1857,63.0,Male,Sunglasses,Accessories,4242,kochi,XL,Beige,Summer,3.2,No,Free Shipping,No,No,30,Google Pay,Bi-Weekly
1858,51.0,Female,Ethnic Top,Clothing,6228,vadodara,L,Maroon,Summer,4.0,No,Next Day Air,No,No,33,Net Banking,Monthly
1859,22.0,Male,Cap,Accessories,5373,BHOPAL,S,Peach,Spring,4.9,No,2-Day Shipping,No,No,8,Debit Card,Annually
1860,54.0,M,Backpack,Accessories,1946, Chandigarh ,L,Beige,Summer,3.7,No,Store Pickup,No,No,29, Net Banking ,Fortnightly
1861,18.0,Male,Jacket,Clothing,4986,Patna,M,Silver,Summer,4.8,No,Next Day Air,No,No,4,UPI,Monthly
1862,29.0,Female,Shoes,Footwear,4592,Chandigarh,S,Peach,Fall,3.6,No,Standard,No,No,19,Paytm,Monthly
1863,59.0,Female,Handbag,Accessories,2792,Indore,M,Turquoise,Winter,4.6,No,Express,No,No,10,Debit Card,Fortnightly
1864,25.0,M,Sandals,Footwear,1761, Surat ,L,Orange,Spring,4.3,No,2-Day Shipping,No,No,39,PhonePe,Monthly
1865,19.0,M,Shawl,Accessories,5490,Surat,S,Cyan,Fall,,No,2-Day Shipping,No,No,21,UPI,Quarterly
1866,56.0,Male,Kurti,Clothing,4629,Hyderabad,S,Silver,Summer,3.8,No,Store Pickup,No,No,12,Credit Card,Monthly
1867,31.0,F,Kurta,Clothing,3479,Chandigarh,XL,Gold,Winter,4.2,No,Standard,No,No,9,Debit Card,Fortnightly
1868,45.0,Female,Ethnic Top,Clothing,3921,Agra  ,M,Brown,Fall,3.4,No,2-Day Shipping,No,No,20,Paytm,Quarterly
1869,23.0,Male,Handbag,Accessories,4423,surat,M,Silver,Spring,4.7,No,Next Day Air,No,No,44,net banking,Fortnightly
1870,18.0,Male,Trousers,Clothing,5952,HYDERABAD,S,Beige,Spring,3.9,No,2-Day Shipping,No,No,16,net banking,Every 3 Months
1871,43.0,F,Jacket,Clothing,7468,Patna,L,Violet,Spring,4.3,No,Store Pickup,No,No,27, UPI ,Fortnightly
1872,56.0,Female,Jeans,Clothing,7153,AGRA,XL,Violet,Fall,2.7,No,Standard,No,No,14,credit card,Every 3 Months
1873,43.0,Female,Trousers,Clothing,4903, Mumbai ,M,Lavender,Summer,4.6,No,Standard,No,No,24,,Monthly
1874,64.0,Female,Jeans,Clothing,3372,Kochi  ,XL,Red,Fall,2.9,No,Express,No,No,49,Paytm,Weekly
1875,67.0,Female,Shirt,Clothing,2409,,L,Purple,Fall,3.6,No,Free Shipping,No,No,14,Net Banking,Weekly
1876,63.0,Male,Shoes,Footwear,5437,Indore,M,Brown,Winter,3.9,No,Next Day Air,No,No,6,Debit Card,Quarterly
1877,54.0,M,Lehenga,Clothing,2507,varanasi,M,Gray,Fall,2.6,No,Standard,No,No,20,UPI,Quarterly
1878,69.0,Male,Wallet,Accessories,4577, Kochi ,L,Pink,Fall,3.6,No,Express,No,No,3,Credit Card,Annually
1879,34.0,Female,T-Shirt,Clothing,2347,Surat,L,Magenta,Summer,3.4,No,Store Pickup,No,No,5,phonepe,Monthly
1880,56.0,Male,Lehenga,Clothing,2330,Bengaluru,L,Charcoal,Spring,3.5,No,Express,No,No,46, Cash ,Bi-Weekly
1881,34.0,Male,Shirt,Clothing,2400,Ahmedabad,L,Yellow,Fall,3.1,No,2-Day Shipping,No,No,8, Paytm ,Monthly
1882,58.0,Male,Kurti,Clothing,3033,Indore,M,Red,Winter,4.3,No,Standard,No,No,13,UPI,Bi-Weekly
1883,44.0,male,Scarf,Accessories,3908,Lucknow,L,Blue,Winter,5.0,No,Store Pickup,No,No,25,Net Banking,Quarterly
1884,25.0,Female,Watch,Accessories,4207,Hyderabad,M,Cyan,Spring,4.9,No,Store Pickup,No,No,39,Credit Card,Fortnightly
1885,27.0,Male,Jacket,Clothing,2189,vadodara,S,Pink,Summer,4.3,No,Next Day Air,No,No,15,PHONEPE,Bi-Weekly
1886,26.0,Male,Backpack,Accessories,3950,Mumbai,S,Maroon,Winter,4.4,No,Standard,No,No,35,Debit Card,Monthly
1887,18.0,Female,Wallet,Accessories,6732,Nagpur,L,Beige,Spring,4.4,No,Next Day Air,No,No,46,Credit Card,Bi-Weekly
1888,64.0,Male,Saree,Clothing,3310,Patna,XL,Gold,Fall,3.5,No,Express,No,No,3,cash,Monthly
1889,62.0,Female,T-Shirt,Clothing,6548,Hyderabad  ,XL,Turquoise,Winter,3.4,No,Free Shipping,No,No,48,Phone Pay,Weekly
1890,59.0,Female,Shirt,Clothing,4241,Chandigarh  ,L,Peach,Spring,2.5,No,Next Day Air,No,No,27,UPI,Weekly
1891,36.0,F,Scarf,Accessories,4431, Pune ,M,Lavender,Spring,3.4,No,Store Pickup,No,No,5,Net Banking,Weekly
1892,69.0,Female,Handbag,Accessories,5653,Bhopal  ,M,Gray,Summer,2.6,No,Next Day Air,No,No,48, Credit Card ,Quarterly
1893,,Male,Jacket,Outerwear,2282,lucknow,M,Blue,Fall,4.6,No,2-Day Shipping,No,No,12, Cash ,Weekly
1894,28.0,Female,T-Shirt,Clothing,1626,Pune,L,Red,Summer,3.7,No,Express,No,No,10,CREDIT CARD,Fortnightly
1895,42.0,M,Trousers,Clothing,6921,patna,M,Purple,Fall,2.5,No,Free Shipping,No,No,48,google pay,Bi-Weekly
1896,31.0,Male,Kurti,Clothing,4556,PUNE,L,Indigo,Fall,4.5,No,Express,No,No,3,Paytm,Monthly
1897,57.0,Male,Sandals,Footwear,3746, Nagpur ,M,Gold,Fall,2.9,No,Standard,No,No,19,credit card,Monthly
1898,53.0,Male,Shawl,Accessories,7408,Lucknow,L,Teal,Winter,2.9,No,Free Shipping,No,No,11, Cash ,Fortnightly
1899,59.0,Female,Shirt,Clothing,7277, Lucknow ,L,Magenta,Fall,3.5,No,Next Day Air,No,No,25,phonepe,Monthly
1900,32.0,Male,Saree,Clothing,2828,hyderabad,L,Maroon,Winter,4.2,No,Store Pickup,No,No,42,Paytm,Weekly
1901,65.0,Female,Scarf,Accessories,6376,Varanasi,S,Blue,Summer,3.3,No,Free Shipping,No,No,34,upi,Quarterly
1902,56.0,Male,T-Shirt,Clothing,5592, Hyderabad ,S,Beige,Winter,3.9,No,Store Pickup,No,No,50, Cash ,Quarterly
1903,31.0,Male,Shoes,Footwear,1778,Pune,S,Olive,Spring,5.0,No,Store Pickup,No,No,21,Paytm,Monthly
1904,59.0,female,Saree,Clothing,4880,Delhi,M,Gold,Summer,3.3,No,Standard,No,No,37,Google Pay,Weekly
1905,22.0,Male,T-Shirt,Clothing,5300,Bhopal  ,S,Silver,Spring,4.2,No,Free Shipping,No,No,46, Net Banking ,Monthly
1906,47.0,F,Slippers,Footwear,2754, Patna ,M,Teal,Summer,4.9,No,2-Day Shipping,No,No,14, UPI ,Fortnightly
1907,23.0,Male,Watch,Accessories,2260,Lucknow,M,Green,Spring,4.6,No,2-Day Shipping,No,No,24,Credit Card,Fortnightly
1908,69.0,Male,Lehenga,Clothing,5533,SURAT,L,Orange,Fall,4.8,No,Store Pickup,No,No,36,Cash,Every 3 Months
1909,18.0,M,Watch,Accessories,5219,,XL,Charcoal,Winter,2.7,No,Next Day Air,No,No,19, Debit Card ,Bi-Weekly
1910,50.0,Female,T-Shirt,Clothing,6372, Jaipur ,S,Black,Spring,4.3,No,Store Pickup,No,No,12,upi,Monthly
1911,29.0,Male,Sneakers,Footwear,2786,Jaipur,S,Yellow,Fall,3.8,No,Express,No,No,13,cash,Quarterly
1912,65.0,Male,Sunglasses,Accessories,6111,SURAT,M,Gray,Spring,4.9,No,Express,No,No,32,Net Banking,Bi-Weekly
1913,29.0,M,T-Shirt,Clothing,4352,Lucknow,S,Charcoal,Winter,3.4,No,2-Day Shipping,No,No,5,Net Banking,Bi-Weekly
1914,49.0,Female,Shirt,Clothing,3664,Lucknow,M,Peach,Winter,3.6,No,Express,No,No,29,UPI,Annually
1915,28.0,Other,T-Shirt,Clothing,7209,Ahmedabad  ,L,Green,Fall,3.4,No,Standard,No,No,40,Google Pay,Fortnightly
1916,51.0,F,Sunglasses,Accessories,5493,INDORE,M,Magenta,Fall,4.7,No,2-Day Shipping,No,No,44,PhonePe,Weekly
1917,26.0,M,Kurti,Clothing,3568,Nagpur,S,Beige,Winter,,No,Next Day Air,No,No,3,UPI,Bi-Weekly
1918,38.0,Female,Jeans,Clothing,5355,Chennai  ,L,Black,Winter,3.4,No,Free Shipping,No,No,35,Cash,Bi-Weekly
1919,35.0,F,,Clothing,2408,Hyderabad,S,Purple,Summer,4.6,No,Standard,No,No,33,Net Banking,Monthly
1920,34.0,F,Watch,Accessories,4113,vadodara,M,Olive,Summer,3.1,No,Express,No,No,20, PhonePe ,Bi-Weekly
1921,51.0,Female,T-Shirt,Clothing,6238,Agra  ,M,Purple,Spring,2.8,No,Standard,No,No,40,Paytm,Every 3 Months
1922,47.0,Female,Kurti,Clothing,2624, Hyderabad ,M,Green,Fall,3.5,No,Store Pickup,No,No,13,Debit Card,Annually
1923,18.0,M,Backpack,Accessories,4728,PUNE,S,Peach,Summer,4.6,No,Standard,No,No,9,Google Pay,Monthly
1924,64.0,,Loafers,Footwear,2560,LUCKNOW,XL,Blue,Summer,4.3,No,Standard,No,No,7,NET BANKING,Annually
1925,30.0,Female,Jacket,Outerwear,4774,Vadodara,M,Gray,Fall,4.8,No,Free Shipping,No,No,42,Credit Card,Quarterly
1926,59.0,male,Sandals,Footwear,2497,agra,L,Black,Winter,2.9,No,Express,No,No,44,Net Banking,Fortnightly
1927,66.0,Male,Watch,Accessories,6787,hyderabad,M,Silver,Spring,3.0,No,Express,No,No,6,Cash,Annually
1928,40.0,F,Trousers,Clothing,2370,Lucknow  ,M,Pink,Summer,2.9,No,Standard,No,No,8,CASH,Every 3 Months
1929,25.0,M,Shawl,Accessories,6954,Delhi,S,Lavender,Summer,3.7,No,Standard,No,No,10,Cash,Weekly
1930,59.0,Female,T-Shirt,Clothing,2359,VADODARA,L,Brown,Fall,4.7,No,Standard,No,No,46,UPI,Quarterly
1931,66.0,male,Shirt,Clothing,3719,Chennai,L,Turquoise,Spring,3.5,No,Store Pickup,No,No,26,Debit Card,Weekly
1932,54.0,M,Belt,Accessories,2999,SURAT,S,Olive,Spring,2.7,No,Store Pickup,No,No,6,Debit Card,Every 3 Months
1933,42.0,Male,Shirt,Clothing,2663,NAGPUR,M,White,Spring,5.0,No,Free Shipping,No,No,47,PHONEPE,Every 3 Months
1934,,Male,Shoes,Footwear,4916,BENGALURU,L,Violet,Summer,4.1,No,Next Day Air,No,No,28,upi,Annually
1935,34.0,Male,Jacket,Outerwear,3112,Bhopal,L,Gold,Winter,2.7,No,Free Shipping,No,No,23,Cash,Annually
1936,19.0,Male,Kurti,Clothing,4968,MUMBAI,XL,Violet,Spring,4.8,No,Free Shipping,No,No,45,DEBIT CARD,Fortnightly
1937,70.0,Female,Sunglasses,Accessories,4336,DELHI,S,Teal,Summer,4.3,No,2-Day Shipping,No,No,44,Net Banking,Every 3 Months
1938,43.0,Female,Kurta,Clothing,4027, Nagpur ,M,Olive,Summer,4.5,No,2-Day Shipping,No,No,11,Cash,Monthly
1939,46.0,Male,Jacket,Clothing,1776,Indore,L,Blue,Spring,3.8,No,Standard,No,No,39, Cash ,Bi-Weekly
1940,66.0,Male,Scarf,Accessories,4214,chennai,L,Magenta,Winter,3.7,No,Store Pickup,No,No,20,Cash,Every 3 Months
1941,50.0,Male,Wallet,Accessories,6829, Surat ,L,Gray,Fall,3.9,No,2-Day Shipping,No,No,48, Google Pay ,Fortnightly
1942,55.0,male,Boots,Footwear,7605,BENGALURU,XL,Peach,Winter,3.3,No,Standard,No,No,46,Credit Card,Quarterly
1943,63.0,Male,Kurta,Clothing,2067, Pune ,M,Cyan,Fall,3.4,No,Express,No,No,22, Paytm ,Monthly
1944,32.0,Male,Shirt,Clothing,3828,Chandigarh,L,Violet,Summer,3.8,No,Next Day Air,No,No,45,Net Banking,Annually
1945,30.0,Male,Kurti,Clothing,3560,Lucknow,M,Gold,Winter,2.7,No,Free Shipping,No,No,49,Paytm,Every 3 Months
1946,35.0,Male,Trousers,Clothing,2827, Jaipur ,M,Gold,Winter,2.9,No,2-Day Shipping,No,No,9,PhonePe,Every 3 Months
1947,59.0,Male,Jacket,Clothing,3771, Kochi ,M,White,Summer,4.5,No,Standard,No,No,41,debit card,Quarterly
1948,59.0,Female,Jacket,Clothing,2500,PATNA,M,Gray,Summer,2.6,No,Store Pickup,No,No,2, Paytm ,Monthly
1949,54.0,Male,Kurti,Clothing,2933, Mumbai ,L,Brown,Winter,3.1,No,Next Day Air,No,No,39,PhonePe,Bi-Weekly
1950,63.0,Female,T-Shirt,Clothing,5905,BENGALURU,L,Gray,Winter,4.7,No,Store Pickup,No,No,12,Credit Card,Quarterly
1951,43.0,Female,Handbag,Accessories,5786,Pune,L,Blue,Summer,4.6,No,Free Shipping,No,No,26,CASH,Every 3 Months
1952,33.0,Female,Backpack,Accessories,3964,Vadodara,L,Gold,Summer,2.7,No,Next Day Air,No,No,32,Net Banking,Bi-Weekly
1953,57.0,Female,Shoes,Footwear,6077,Bengaluru,L,Yellow,Summer,4.6,No,2-Day Shipping,No,No,50, Net Banking ,Bi-Weekly
1954,25.0,Male,Saree,Clothing,2616,Lucknow,XL,Green,Spring,4.8,No,Standard,No,No,3,UPI,Fortnightly
1955,26.0,male,Cap,Accessories,5621,Pune,M,Pink,Winter,4.2,No,Free Shipping,No,No,3, Google Pay ,Quarterly
1956,50.0,Male,Jacket,Clothing,4004,,M,Pink,Winter,4.9,No,Express,No,No,37, Credit Card ,Monthly
1957,70.0,Female,Lehenga,Clothing,2831,nagpur,M,Pink,Winter,4.9,No,Express,No,No,20,CREDIT CARD,Fortnightly
1958,,Female,Watch,Accessories,4149,Chandigarh,M,Cyan,Spring,4.5,No,Store Pickup,No,No,26,Paytm,Bi-Weekly
1959,39.0,Female,Ethnic Top,Clothing,4974,Pune  ,M,Gray,Winter,2.7,No,Store Pickup,No,No,47,PAYTM,Quarterly
1960,46.0,Male,Loafers,Footwear,6843,Kochi  ,M,White,Fall,3.1,No,Store Pickup,No,No,7,Google Pay,Every 3 Months
1961,57.0,F,Trousers,Clothing,5442,Agra,L,Red,Summer,3.3,No,2-Day Shipping,No,No,40,NET BANKING,Annually
1962,47.0,Male,Sandals,Footwear,4499,hyderabad,L,Black,Summer,2.6,No,Free Shipping,No,No,45,UPI,Quarterly
1963,40.0,Male,Belt,Accessories,3382, Kolkata ,M,Silver,Fall,4.4,No,Standard,No,No,20,Credit Card,Fortnightly
1964,52.0,Female,Shirt,Clothing,2164,Lucknow,L,Pink,Spring,3.9,No,Standard,No,No,11,Debit Card,Weekly
1965,40.0,Male,Saree,Clothing,3819,PUNE,S,Cyan,Summer,4.6,No,Express,No,No,50,PAYTM,Monthly
1966,67.0,Female,Trousers,Clothing,6892,Patna  ,M,White,Fall,4.9,No,Express,No,No,25,Net Banking,Quarterly
1967,67.0,Male,Jacket,Outerwear,7094,Kochi,XL,Purple,Winter,3.7,No,Express,No,No,5,Credit Card,Fortnightly
1968,37.0,Female,Trousers,Clothing,6253,Hyderabad,L,Yellow,Fall,3.7,No,Standard,No,No,4,UPI,Annually
1969,67.0,Male,Trousers,Clothing,5131,Ahmedabad  ,S,Blue,Spring,4.2,No,Standard,No,No,25,net banking,Weekly
1970,64.0,female,T-Shirt,Clothing,2353,chennai,S,Cyan,Winter,3.5,No,Next Day Air,No,No,11,PhonePe,Fortnightly
1971,28.0,Female,Backpack,Accessories,6990, Delhi ,M,Indigo,Spring,2.9,No,Next Day Air,No,No,4,UPI,Bi-Weekly
1972,54.0,Female,Shawl,Accessories,2288,Hyderabad,XL,Indigo,Spring,3.4,No,Next Day Air,No,No,1,Credit Card,Monthly
1973,54.0,Male,Handbag,Accessories,2270,Bengaluru,M,Silver,Summer,3.3,No,Express,No,No,48,Credit Card,Every 3 Months
1974,24.0,F,Jeans,Clothing,1622,,XL,Red,Fall,4.5,No,Standard,No,No,9,Google Pay,Every 3 Months
1975,27.0,Male,Shawl,Accessories,3221,AHMEDABAD,M,Peach,Winter,4.6,No,2-Day Shipping,No,No,2, Net Banking ,Fortnightly
1976,53.0,Male,Jacket,Outerwear,5826,DELHI,L,Turquoise,Fall,2.9,No,Express,No,No,4,net banking,Quarterly
1977,32.0,Male,Belt,Accessories,3967,Kolkata,M,Pink,Spring,3.2,No,Next Day Air,No,No,43,Net Banking,Fortnightly
1978,24.0,Female,Boots,Footwear,3861, Jaipur ,M,Teal,Summer,2.6,No,Free Shipping,No,No,32,Credit Card,Annually
1979,45.0,Male,Cap,Accessories,5960,Pune,L,Magenta,Spring,3.8,No,Store Pickup,No,No,1,net banking,Quarterly
1980,49.0,Female,Jacket,Clothing,7238,HYDERABAD,L,Blue,Spring,2.8,No,Store Pickup,No,No,38,Net Banking,Fortnightly
1981,51.0,Female,Shoes,Footwear,6907,Patna,M,Green,Winter,4.4,No,Store Pickup,No,No,25,Paytm,Fortnightly
1982,69.0,Male,Sneakers,Footwear,6687,Nagpur,L,Violet,Summer,4.7,No,Express,No,No,42,DEBIT CARD,Quarterly
1983,41.0,Female,Handbag,Accessories,5921,Mumbai,M,Turquoise,Summer,2.7,No,2-Day Shipping,No,No,32,GOOGLE PAY,Monthly
1984,59.0,Male,Belt,Accessories,7382,CHENNAI,M,Pink,Summer,2.6,No,Next Day Air,No,No,21,Credit Card,Quarterly
1985,26.0,female,Lehenga,Clothing,4531,Bhopal,M,Black,Summer,3.4,No,2-Day Shipping,No,No,26, Net Banking ,Fortnightly
1986,23.0,Other,Scarf,Accessories,7354,Ahmedabad,M,Gold,Spring,3.9,No,2-Day Shipping,No,No,6,UPI,Fortnightly
1987,62.0,Male,Coat,Outerwear,3471, Kolkata ,L,Green,Summer,3.4,No,2-Day Shipping,No,No,14,Credit Card,Quarterly
1988,69.0,Male,Handbag,Accessories,1533,Ahmedabad,XL,White,Summer,3.4,No,Express,No,No,4,UPI,Quarterly
1989,46.0,male,T-Shirt,Clothing,6090,Vadodara,M,Gold,Winter,3.9,No,Free Shipping,No,No,26,UPI,Weekly
1990,35.0,M,Sunglasses,Accessories,3043,Bengaluru,S,Charcoal,Spring,4.0,No,Express,No,No,39,Credit Card,Bi-Weekly
1991,32.0,Male,,Accessories,7297,Bhopal,L,White,Spring,3.4,No,2-Day Shipping,No,No,15,UPI,Annually
1992,46.0,,Sandals,Footwear,2313,BENGALURU,M,Brown,Summer,3.7,No,Next Day Air,No,No,1,Debit Card,Every 3 Months
1993,33.0,Other,Saree,Clothing,7485, Kolkata ,L,Gold,Winter,4.9,No,2-Day Shipping,No,No,28,PhonePe,Monthly
1994,32.0,Male,Kurti,Clothing,7151,mumbai,S,Purple,Spring,5.0,No,Express,No,No,17,google pay,Weekly
1995,33.0,Female,Sunglasses,Accessories,5105,Bhopal,M,Brown,Fall,2.9,No,Next Day Air,No,No,24,CREDIT CARD,Weekly
1996,67.0,Female,Mojaris,Footwear,5839,Mumbai,S,Teal,Spring,3.0,No,Standard,No,No,29,Cash,Quarterly
1997,67.0,Female,,Footwear,2183,Kolkata,L,Indigo,Summer,3.3,No,Next Day Air,No,No,18,PhonePe,Every 3 Months
1998,42.0,F,Handbag,Accessories,1736, Nagpur ,M,Purple,Fall,4.7,No,Express,No,No,10,NET BANKING,Bi-Weekly
1999,20.0,F,Trousers,Clothing,3428,bengaluru,M,Orange,Fall,3.4,No,2-Day Shipping,No,No,19,upi,Quarterly
2000,39.0,female,Saree,Clothing,6543,Mumbai,L,Indigo,Winter,4.6,No,2-Day Shipping,No,No,26,UPI,Monthly
2001,26.0,Other,Belt,Accessories,2222,Varanasi  ,M,Lavender,Winter,3.6,No,2-Day Shipping,No,No,25,google pay,Bi-Weekly
2002,51.0,F,Cap,Accessories,6794,ahmedabad,S,Purple,Winter,2.6,No,Free Shipping,No,No,2,PhonePe,Fortnightly
2003,31.0,M,T-Shirt,Clothing,5039,Bhopal,M,Red,Summer,2.7,No,Express,No,No,19,phonepe,Every 3 Months
2004,68.0,Female,Loafers,Footwear,5369,HYDERABAD,S,Blue,Spring,3.1,No,Express,No,No,32,credit card,Quarterly
2005,44.0,female,Sandals,Footwear,5227, Chennai ,L,Blue,Fall,3.2,No,2-Day Shipping,No,No,13,Net Banking,Bi-Weekly
2006,18.0,Male,Sneakers,Footwear,6138,Patna  ,M,Cyan,Winter,3.4,No,Store Pickup,No,No,30,UPI,Fortnightly
2007,58.0,Female,Scarf,Accessories,7334,SURAT,S,Pink,Fall,4.4,No,Express,No,No,2,Cash,Annually
2008,26.0,,Trousers,Clothing,1746,Indore,M,Silver,Summer,3.2,No,2-Day Shipping,No,No,8,Paytm,Quarterly
2009,57.0,male,Trousers,Clothing,3416,lucknow,M,Gray,Spring,2.5,No,Free Shipping,No,No,27,Net Banking,Every 3 Months
2010,37.0,male,Shoes,Footwear,7594,INDORE,M,Indigo,Summer,3.8,No,Next Day Air,No,No,26,Cash,Bi-Weekly
2011,24.0,Female,Jacket,Clothing,1715,bhopal,M,Maroon,Summer,4.4,No,2-Day Shipping,No,No,3,Credit Card,Bi-Weekly
2012,57.0,Female,Loafers,Footwear,6906,Nagpur,M,Beige,Spring,3.7,No,Express,No,No,4,Credit Card,Monthly
2013,48.0,Female,Kurti,Clothing,3992, Indore ,L,Green,Fall,3.2,No,Store Pickup,No,No,5,CREDIT CARD,Fortnightly
2014,39.0,Male,Sunglasses,Accessories,5156,Bhopal,M,Peach,Winter,4.9,No,Standard,No,No,25,Google Pay,Quarterly
2015,51.0,,Kurta,Clothing,2053,AHMEDABAD,L,Black,Summer,3.9,No,Standard,No,No,47,Google Pay,Bi-Weekly
2016,57.0,Female,Cap,Accessories,6122,VARANASI,S,Pink,Summer,4.5,No,Next Day Air,No,No,8, Net Banking ,Fortnightly
2017,53.0,Male,Mojaris,Footwear,3543, Bengaluru ,S,Violet,Winter,3.4,No,Standard,No,No,20,CREDIT CARD,Fortnightly
2018,70.0,Female,Kurta,Clothing,2446,Indore,S,Green,Winter,4.1,No,Next Day Air,No,No,42, Debit Card ,Every 3 Months
2019,60.0,Male,Cap,Accessories,7292,Patna,S,Gold,Fall,4.5,No,Store Pickup,No,No,20,Paytm,Weekly
2020,31.0,Male,Kurti,Clothing,5272,,S,Red,Winter,4.7,No,Store Pickup,No,No,23,phonepe,Fortnightly
2021,41.0,M,Jeans,Clothing,1555,Ahmedabad  ,M,Beige,Winter,4.8,No,Next Day Air,No,No,26,PHONEPE,Quarterly
2022,62.0,Female,Handbag,Accessories,2642,Chennai,M,Green,Winter,4.4,No,Standard,No,No,48,UPI,Quarterly
2023,59.0,Male,Scarf,Accessories,2696, Varanasi ,S,Black,Winter,4.0,No,Store Pickup,No,No,16,PhonePe,Bi-Weekly
2024,46.0,Male,T-Shirt,Clothing,5033,Ahmedabad,S,Teal,Winter,4.1,No,Store Pickup,No,No,28,cash,Bi-Weekly
2025,62.0,Male,Jeans,Clothing,1632,BHOPAL,L,Silver,Fall,3.7,No,Express,No,No,39,PhonePe,Weekly
2026,42.0,Male,Trousers,Clothing,2046,Delhi,M,Turquoise,Summer,3.0,No,Express,No,No,43,paytm,Fortnightly
2027,37.0,Other,Belt,Accessories,2751,,M,Orange,Winter,3.6,No,Express,No,No,45,PhonePe,Every 3 Months
2028,50.0,male,Loafers,Footwear,5382,Kolkata,S,Gold,Fall,4.8,No,Standard,No,No,50,Cash,Every 3 Months
2029,29.0,F,Sneakers,Footwear,6408,Vadodara,XL,Purple,Fall,3.7,No,2-Day Shipping,No,No,10,Paytm,Bi-Weekly
2030,25.0,Male,Backpack,Accessories,1922, Ahmedabad ,M,Pink,Spring,4.6,No,Next Day Air,No,No,40,Google Pay,Quarterly
2031,66.0,Female,Backpack,Accessories,5096,Pune,S,Green,Summer,2.8,No,Standard,No,No,38,paytm,Monthly
2032,21.0,Female,Jacket,Clothing,3795,delhi,L,Charcoal,Spring,4.0,No,Standard,No,No,2,Google Pay,Monthly
2033,46.0,Male,Kurta,Clothing,2615, Indore ,M,Maroon,Winter,4.2,No,Next Day Air,No,No,13,paytm,Annually
2034,57.0,M,Jeans,Clothing,4253,Bhopal,L,Olive,Summer,3.6,No,Express,No,No,33, Credit Card ,Annually
2035,61.0,F,Saree,Clothing,2123,Kolkata,M,Peach,Spring,2.9,No,Store Pickup,No,No,27,Cash,Monthly
2036,53.0,Male,Kurti,Clothing,5305,Varanasi,S,Yellow,Summer,4.1,No,Express,No,No,43,Debit Card,Weekly
2037,37.0,Male,Ethnic Top,Clothing,4605,mumbai,S,Lavender,Winter,3.1,No,Next Day Air,No,No,46,Net Banking,Weekly
2038,39.0,Male,Watch,Accessories,6592,Kochi,S,Green,Summer,,No,Express,No,No,7,google pay,Bi-Weekly
2039,53.0,Female,T-Shirt,Clothing,5177,Hyderabad,L,Orange,Spring,4.4,No,Next Day Air,No,No,35,Google Pay,Fortnightly
2040,35.0,Female,Jeans,Clothing,3950,DELHI,M,Olive,Spring,3.1,No,Next Day Air,No,No,31,phonepe,Bi-Weekly
2041,69.0,,Scarf,Accessories,1909, Vadodara ,XL,Gray,Spring,2.9,No,Free Shipping,No,No,42,Google Pay,Quarterly
2042,66.0,Female,Jacket,Outerwear,2240,patna,S,Lavender,Winter,3.2,No,Next Day Air,No,No,14,paytm,Bi-Weekly
2043,19.0,Male,Sneakers,Footwear,3880, Mumbai ,M,Red,Spring,4.0,No,2-Day Shipping,No,No,35,CREDIT CARD,Monthly
2044,47.0,Male,Wallet,Accessories,2431,Jaipur,M,Charcoal,Summer,2.7,No,Standard,No,No,49, Credit Card ,Weekly
2045,49.0,Male,Kurti,Clothing,4958,Mumbai,L,Orange,Spring,3.0,No,Free Shipping,No,No,17,PhonePe,Fortnightly
2046,31.0,male,Watch,Accessories,1644,Jaipur,M,Red,Fall,4.4,No,Express,No,No,26,PAYTM,Quarterly
2047,39.0,male,Ethnic Top,Clothing,2448,Delhi,M,Maroon,Winter,2.8,No,Free Shipping,No,No,30,Paytm,Every 3 Months
2048,58.0,Male,Belt,Accessories,6141, Chandigarh ,M,Silver,Summer,3.1,No,Store Pickup,No,No,32,upi,Annually
2049,45.0,Male,Sneakers,Footwear,4623,Bengaluru,XL,Pink,Winter,3.9,No,Express,No,No,35,net banking,Quarterly
2050,68.0,Male,Sandals,Footwear,1999, Varanasi ,L,Blue,Fall,2.7,No,Standard,No,No,15,GPay,Annually
2051,35.0,M,Scarf,Accessories,7079,Hyderabad,M,Teal,Summer,3.4,No,Store Pickup,No,No,10,PhonePe,Annually
2052,65.0,Female,Jacket,Clothing,6983,vadodara,L,Black,Spring,3.8,No,Free Shipping,No,No,14,credit card,Monthly
2053,45.0,Other,Shawl,Accessories,3612,Kolkata,M,Gray,Winter,3.7,No,2-Day Shipping,No,No,30,cash,Annually
2054,19.0,female,Shawl,Accessories,4687,bengaluru,S,Purple,Spring,4.5,No,2-Day Shipping,No,No,16,Debit Card,Fortnightly
2055,65.0,M,Ethnic Top,Clothing,4347, Chandigarh ,XL,Gold,Spring,2.9,No,Express,No,No,14, UPI ,Annually
2056,28.0,Male,Wallet,Accessories,2440,Surat,M,Silver,Fall,3.4,No,2-Day Shipping,No,No,28,Net Banking,Weekly
2057,55.0,Male,Belt,Accessories,3597, Chennai ,L,Blue,Spring,4.4,No,2-Day Shipping,No,No,29,PAYTM,Monthly
2058,66.0,Male,Kurta,Clothing,2911,Varanasi,L,Yellow,Spring,4.2,No,Standard,No,No,5,Google Pay,Every 3 Months
2059,29.0,M,Kurta,Clothing,7547, Lucknow ,M,Brown,Winter,3.3,No,Store Pickup,No,No,17, Credit Card ,Quarterly
2060,56.0,F,Kurti,Clothing,3620,Bhopal,XL,Beige,Spring,3.7,No,Express,No,No,50,Cash,Weekly
2061,21.0,Other,Handbag,Accessories,4738,surat,M,Blue,Fall,3.2,No,Next Day Air,No,No,23,UPI,Quarterly
2062,32.0,Male,Ethnic Top,Clothing,5114,NAGPUR,S,Magenta,Summer,2.6,No,Store Pickup,No,No,22,Paytm,Annually
2063,54.0,M,Coat,Outerwear,4745,lucknow,L,Silver,Fall,2.8,No,Standard,No,No,15,Credit Card,Quarterly
2064,61.0,Male,Trousers,Clothing,6557,Kolkata  ,M,Cyan,Fall,2.9,No,Standard,No,No,32,Credit Card,Monthly
2065,31.0,M,Slippers,Footwear,7510,vadodara,M,Green,Summer,4.0,No,2-Day Shipping,No,No,5, Paytm ,Monthly
2066,27.0,male,Sneakers,Footwear,2984, Patna ,M,Blue,Spring,2.9,No,Free Shipping,No,No,6,PAYTM,Bi-Weekly
2067,64.0,male,Sneakers,Footwear,6906, Bengaluru ,M,Olive,Fall,4.7,No,Store Pickup,No,No,44,PhonePe,Fortnightly
2068,60.0,M,Shirt,Clothing,1473,LUCKNOW,XL,Beige,Fall,3.1,No,2-Day Shipping,No,No,23,Credit Card,Fortnightly
2069,70.0,Male,Shawl,Accessories,6116,Kochi,XL,Black,Summer,3.9,No,Store Pickup,No,No,44,paytm,Monthly
2070,36.0,Male,Shirt,Clothing,6107,Kolkata,M,Indigo,Fall,3.4,No,Free Shipping,No,No,3,Debit Card,Quarterly
2071,56.0,Male,Cap,Accessories,6497,bengaluru,XL,Red,Spring,3.1,No,Express,No,No,14,Net Banking,Monthly
2072,69.0,M,Jacket,Outerwear,7341,Indore,S,Yellow,Fall,4.8,No,Store Pickup,No,No,37,Cash,Quarterly
2073,39.0,F,Cap,Accessories,4888,Pune,M,Beige,Winter,3.9,No,Next Day Air,No,No,22,Cash,Weekly
2074,38.0,Male,Belt,Accessories,1957, Varanasi ,S,Green,Winter,3.5,No,Next Day Air,No,No,2,Debit Card,Every 3 Months
2075,36.0,Female,Cap,Accessories,4001,Kochi,M,White,Summer,3.1,No,Free Shipping,No,No,44,cash,Fortnightly
2076,46.0,Female,Kurta,Clothing,1971, Jaipur ,S,Turquoise,Fall,4.7,No,Express,No,No,49,UPI,Monthly
3613,47.0,Female,Mojaris,Footwear,2303,INDORE,M,Teal,Summer,3.6,No,Standard,No,No,26,PhonePe,Every 3 Months
2078,64.0,Female,Belt,Accessories,2367,BENGALURU,L,Orange,Fall,3.3,No,Free Shipping,No,No,26,,Annually
2079,49.0,F,T-Shirt,Clothing,3026,Mumbai,M,Blue,Spring,3.2,No,Next Day Air,No,No,40,Cash,Weekly
2080,32.0,Female,Kurti,Clothing,1644,Mumbai,L,Violet,Summer,3.1,No,Next Day Air,No,No,16,Debit Card,Quarterly
2081,29.0,Male,Shawl,Accessories,3695,BENGALURU,S,Gray,Fall,3.5,No,Free Shipping,No,No,17, PhonePe ,Bi-Weekly
2082,24.0,Male,Coat,Outerwear,5992, Vadodara ,S,Cyan,Spring,4.3,No,Standard,No,No,48,PAYTM,Bi-Weekly
2083,41.0,Female,Saree,Clothing,6614,Kochi,M,Yellow,Summer,2.9,No,Free Shipping,No,No,28,GOOGLE PAY,Every 3 Months
2084,41.0,Female,Handbag,Accessories,4401, Varanasi ,L,Orange,Fall,2.7,No,Store Pickup,No,No,26,PhonePe,Fortnightly
2085,32.0,F,Trousers,Clothing,7071,Vadodara  ,S,Brown,Summer,4.0,No,Standard,No,No,43,Credit Card,Quarterly
2086,69.0,Female,Shirt,Clothing,3566,Lucknow,M,Teal,Fall,4.6,No,Free Shipping,No,No,38,Google Pay,Weekly
2087,65.0,female,Kurti,Clothing,6496,Mumbai,L,Beige,Summer,4.7,No,2-Day Shipping,No,No,36, Debit Card ,Every 3 Months
2088,54.0,Female,Backpack,Accessories,6796,Delhi,M,Blue,Summer,4.7,No,Standard,No,No,1,PhonePe,Weekly
2089,39.0,Female,Slippers,Footwear,6566,Hyderabad,L,Orange,Spring,4.0,No,Standard,No,No,49,Paytm,Annually
2090,37.0,Male,Jacket,Outerwear,4266,Kochi,L,Gold,Spring,3.6,No,Free Shipping,No,No,41,Paytm,Every 3 Months
2091,51.0,Female,Jeans,Clothing,5201,Delhi  ,S,Teal,Winter,3.4,No,Free Shipping,No,No,21,CASH,Monthly
2092,26.0,Female,Kurta,Clothing,7355,Kochi  ,XL,Beige,Fall,3.0,No,Next Day Air,No,No,24,PhonePe,Quarterly
2093,42.0,F,Slippers,Footwear,3538, Indore ,M,Silver,Fall,2.6,No,Next Day Air,No,No,27,Credit Card,Weekly
2094,21.0,Female,Trousers,Clothing,6803,Kochi,M,Maroon,Spring,4.2,No,Store Pickup,No,No,4,cash,Annually
2095,53.0,M,T-Shirt,Clothing,1912,Varanasi,M,Indigo,Spring,3.4,No,Standard,No,No,19,Debit Card,Annually
2096,36.0,Male,,Clothing,4659,BENGALURU,M,Gray,Fall,4.0,No,Store Pickup,No,No,1,PhonePe,Fortnightly
2097,21.0,Female,Ethnic Top,Clothing,4064,Bengaluru,L,Blue,Summer,4.7,No,Free Shipping,No,No,27, UPI ,Annually
2098,33.0,Other,Sneakers,Footwear,3414,Jaipur  ,S,Cyan,Winter,3.9,No,Next Day Air,No,No,5,PhonePe,Weekly
2099,49.0,M,Jeans,Clothing,2179,KOLKATA,M,White,Summer,3.3,No,2-Day Shipping,No,No,20,phonepe,Quarterly
2100,31.0,Male,Kurti,Clothing,5668,Patna  ,L,Green,Summer,2.9,No,Express,No,No,50,Debit Card,Annually
2101,68.0,Female,Saree,Clothing,2207, Mumbai ,M,Silver,Spring,4.4,No,Free Shipping,No,No,36,paytm,Fortnightly
2102,49.0,Female,Saree,Clothing,1752,Ahmedabad,M,Blue,Winter,3.6,No,Next Day Air,No,No,12, Cash ,Bi-Weekly
2103,23.0,F,Belt,Accessories,2045,mumbai,M,Brown,Spring,4.5,No,Store Pickup,No,No,23,Credit Card,Monthly
2104,30.0,Female,T-Shirt,Clothing,6514,Hyderabad,S,Red,Summer,3.7,No,Store Pickup,No,No,21,Cash,Weekly
2105,53.0,Male,Sneakers,Footwear,6511,Surat,M,Gold,Spring,2.8,No,Free Shipping,No,No,47,PhonePe,Weekly
2106,65.0,M,Shawl,Accessories,2675,HYDERABAD,M,Silver,Spring,4.5,No,Free Shipping,No,No,38,Google Pay,Bi-Weekly
2107,60.0,Male,Backpack,Accessories,2513,Patna,M,Gray,Fall,4.4,No,Standard,No,No,40,Paytm,Every 3 Months
2108,,Female,Kurta,Clothing,5782,Bhopal  ,M,Black,Winter,3.3,No,Standard,No,No,35,Paytm,Quarterly
2109,54.0,Male,Kurta,Clothing,3417,patna,XL,Beige,Winter,4.2,No,Express,No,No,4,Net Banking,Quarterly
2110,59.0,Female,Scarf,Accessories,2345,Kochi  ,L,Peach,Fall,2.7,No,Free Shipping,No,No,28,PHONEPE,Every 3 Months
2111,52.0,Male,Shirt,Clothing,7078,Varanasi,L,Cyan,Spring,,No,Store Pickup,No,No,36,DEBIT CARD,Every 3 Months
2112,41.0,Male,Sunglasses,Accessories,6365, Vadodara ,XL,Pink,Spring,2.6,No,Free Shipping,No,No,15,GPay,Annually
2113,43.0,F,Shawl,Accessories,5224,kolkata,M,Lavender,Fall,4.5,No,2-Day Shipping,No,No,7,PhonePe,Fortnightly
2114,63.0,Male,Jacket,Clothing,2969,CHANDIGARH,M,Brown,Spring,2.7,No,Store Pickup,No,No,29,google pay,Every 3 Months
2115,37.0,F,Trousers,Clothing,3999,mumbai,M,Magenta,Winter,2.9,No,Standard,No,No,12,paytm,Annually
2116,44.0,Male,Wallet,Accessories,6219,Agra,M,Violet,Winter,3.4,No,Store Pickup,No,No,16,google pay,Bi-Weekly
2117,67.0,Male,Jacket,Outerwear,1905,Agra  ,M,Teal,Summer,2.9,No,Express,No,No,50,Cash,Bi-Weekly
2118,27.0,male,Kurta,Clothing,1913,chennai,L,Brown,Summer,3.8,No,Free Shipping,No,No,11,PHONEPE,Annually
2119,60.0,male,Shirt,Clothing,3330,agra,M,Olive,Fall,4.2,No,2-Day Shipping,No,No,28,UPI,Quarterly
2120,58.0,Female,Sunglasses,Accessories,4231, Mumbai ,M,Indigo,Spring,3.5,No,Store Pickup,No,No,36,UPI,Bi-Weekly
2121,53.0,Male,Cap,Accessories,7283,Lucknow,S,Red,Fall,3.1,No,Next Day Air,No,No,38,Google Pay,Quarterly
2122,43.0,Male,Watch,Accessories,5290, Mumbai ,M,Olive,Winter,3.5,No,2-Day Shipping,No,No,32, Debit Card ,Monthly
2123,32.0,Male,Jacket,Outerwear,2536,Chandigarh,L,Teal,Fall,4.0,No,Express,No,No,42,PhonePe,Weekly
2124,54.0,Female,Coat,Outerwear,5177,Vadodara  ,L,Cyan,Spring,3.7,No,Express,No,No,22,credit card,Bi-Weekly
2125,47.0,Female,Shirt,Clothing,4317,surat,M,Teal,Fall,4.2,No,Next Day Air,No,No,22,UPI,Quarterly
2126,57.0,Other,Coat,Outerwear,6362,Jaipur,M,Beige,Fall,4.8,No,Store Pickup,No,No,31, Net Banking ,Quarterly
2127,63.0,Female,Sandals,Footwear,2836,Agra  ,XL,Magenta,Winter,4.1,No,Express,No,No,28,Paytm,Monthly
2128,70.0,Female,Shoes,Footwear,3559,Jaipur,M,Indigo,Spring,4.5,No,2-Day Shipping,No,No,40,Cash,Weekly
2129,62.0,Female,Coat,Outerwear,3520,Bengaluru,L,Cyan,Fall,2.7,No,2-Day Shipping,No,No,21,PhonePe,Weekly
2130,40.0,male,Lehenga,Clothing,4317,JAIPUR,L,Orange,Fall,2.8,No,Store Pickup,No,No,12,phonepe,Every 3 Months
2131,25.0,Female,Sunglasses,Accessories,5199,KOCHI,L,Violet,Summer,3.7,No,Free Shipping,No,No,33,Cash,Annually
2132,19.0,Female,Kurti,Clothing,4002,Agra,M,Red,Fall,3.6,No,Express,No,No,9,upi,Fortnightly
2133,25.0,F,Kurta,Clothing,6359,pune,M,Magenta,Fall,4.7,No,2-Day Shipping,No,No,15,Cash,Weekly
2134,21.0,,Backpack,Accessories,2564,indore,M,Olive,Summer,3.8,No,Standard,No,No,13,Cash,Annually
2135,55.0,Female,Loafers,Footwear,3093,INDORE,XL,Maroon,Winter,2.9,No,Standard,No,No,35,Credit Card,Fortnightly
2136,34.0,male,Belt,Accessories,7165,DELHI,S,Yellow,Winter,4.6,No,Next Day Air,No,No,1,Net Banking,Every 3 Months
2137,47.0,female,Watch,Accessories,6864,Hyderabad,M,Red,Summer,2.8,No,Standard,No,No,25,Cash,Fortnightly
2138,27.0,Male,Lehenga,Clothing,3932,HYDERABAD,XL,Purple,Winter,4.6,No,2-Day Shipping,No,No,20,Paytm,Every 3 Months
2139,67.0,Female,Jeans,Clothing,3201,Pune  ,M,Teal,Fall,2.8,No,Next Day Air,No,No,36,Credit Card,Quarterly
2140,40.0,male,Shoes,Footwear,6932,Ahmedabad,M,Red,Winter,3.0,No,Free Shipping,No,No,33,Paytm,Weekly
3522,52.0,Male,Loafers,Footwear,3585,Patna  ,M,Pink,Winter,3.7,No,Store Pickup,No,No,35,Credit Card,Weekly
2142,24.0,Female,Kurti,Clothing,7512,CHENNAI,M,Peach,Winter,4.1,No,2-Day Shipping,No,No,32,PhonePe,Annually
2143,47.0,Female,Backpack,Accessories,2932,Pune,M,Maroon,Winter,4.3,No,Next Day Air,No,No,21,Paytm,Quarterly
2144,53.0,male,Sneakers,Footwear,4880,VARANASI,L,Red,Fall,3.8,No,Next Day Air,No,No,48,PhonePe,Bi-Weekly
2145,47.0,M,Sneakers,Footwear,1748,Varanasi,L,Orange,Winter,3.7,No,Free Shipping,No,No,25,Google Pay,Quarterly
2146,38.0,Male,Lehenga,Clothing,5471,Hyderabad,S,White,Winter,4.8,No,Standard,No,No,32,Google Pay,Annually
2147,48.0,Female,Watch,Accessories,1666, Kolkata ,XL,White,Summer,4.6,No,Standard,No,No,45, Net Banking ,Every 3 Months
2148,47.0,Female,T-Shirt,Clothing,3276,Pune  ,S,Charcoal,Fall,4.8,No,Standard,No,No,4,UPI,Fortnightly
2149,19.0,Male,Saree,Clothing,3270,Vadodara  ,XL,Turquoise,Winter,4.6,No,2-Day Shipping,No,No,19,Net Banking,Bi-Weekly
2150,38.0,Female,Slippers,Footwear,1400, Chennai ,L,Orange,Winter,4.0,No,Standard,No,No,1,upi,Weekly
2151,57.0,Female,Lehenga,Clothing,2910,Varanasi,M,Orange,Spring,2.6,No,2-Day Shipping,No,No,12,Debit Card,Weekly
2152,70.0,Male,Shirt,Clothing,4272,Bengaluru,L,Brown,Fall,2.6,No,2-Day Shipping,No,No,18,UPI,Monthly
2153,38.0,Female,Jacket,Clothing,3585, Pune ,L,Magenta,Summer,4.5,No,Next Day Air,No,No,43,google pay,Bi-Weekly
2154,35.0,male,Jeans,Clothing,7017,Kochi,M,Violet,Fall,4.2,No,Free Shipping,No,No,31,Paytm,Annually
2155,46.0,Female,Shawl,Accessories,5400,Pune,M,Violet,Spring,3.4,No,Store Pickup,No,No,33,Cash,Every 3 Months
2156,32.0,Male,Belt,Accessories,4003,Chennai,L,Yellow,Fall,3.7,No,Store Pickup,No,No,46,Cash,Monthly
2157,38.0,Male,Saree,Clothing,6029,Chennai  ,M,Maroon,Winter,3.6,No,Next Day Air,No,No,41,Cash,Bi-Weekly
2158,41.0,Male,Shawl,Accessories,4976,Mumbai  ,L,Turquoise,Winter,4.0,No,Next Day Air,No,No,41,,Fortnightly
2159,19.0,Male,Handbag,Accessories,6259,kolkata,XL,Olive,Spring,4.6,No,Standard,No,No,9,Cash,Fortnightly
2160,18.0,Female,Kurti,Clothing,4357,Surat,M,Peach,Fall,3.0,No,Free Shipping,No,No,34,upi,Annually
2161,45.0,Male,Lehenga,Clothing,6956,LUCKNOW,L,Charcoal,Winter,3.3,No,Express,No,No,21,Cash,Annually
2162,23.0,Male,Jeans,Clothing,5179,Pune,S,Peach,Summer,3.8,No,Express,No,No,5,Credit Card,Fortnightly
2163,60.0,Female,Kurta,Clothing,3654,chennai,S,Black,Summer,2.7,No,Free Shipping,No,No,32,Credit Card,Weekly
2164,52.0,Male,Slippers,Footwear,4310,delhi,L,Gray,Spring,4.5,No,Express,No,No,44,Google Pay,Monthly
2165,42.0,Male,Shoes,Footwear,1307, Patna ,S,Olive,Winter,4.8,No,Next Day Air,No,No,46,debit card,Bi-Weekly
2166,29.0,Other,Lehenga,Clothing,3956,Vadodara,M,Turquoise,Summer,4.2,No,Express,No,No,42,Paytm,Every 3 Months
2167,31.0,Other,Jacket,Outerwear,6427,PATNA,S,Purple,Spring,3.5,No,Express,No,No,50,Google Pay,Bi-Weekly
2168,30.0,Male,Kurti,Clothing,3605,Vadodara,L,Green,Winter,4.9,No,Standard,No,No,33,upi,Fortnightly
2169,23.0,Male,Handbag,Accessories,5736,CHENNAI,M,Beige,Spring,4.1,No,Next Day Air,No,No,32,Google Pay,Quarterly
2170,31.0,Female,Coat,Outerwear,3177,patna,M,Brown,Fall,2.9,No,Next Day Air,No,No,32,Google Pay,Bi-Weekly
2171,40.0,M,Saree,Clothing,2327, Hyderabad ,M,Turquoise,Fall,4.0,No,Next Day Air,No,No,37,,Every 3 Months
2172,39.0,Male,Saree,Clothing,7404,Nagpur  ,M,Yellow,Summer,4.6,No,Store Pickup,No,No,9,UPI,Fortnightly
2173,28.0,M,Shirt,Clothing,6686,bengaluru,S,Lavender,Fall,2.8,No,Store Pickup,No,No,6,upi,Fortnightly
2174,23.0,Male,Shawl,Accessories,7313, Nagpur ,S,Cyan,Summer,5.0,No,2-Day Shipping,No,No,36,Net Banking,Quarterly
2175,42.0,female,Backpack,Accessories,3681,CHANDIGARH,S,Olive,Spring,2.9,No,Store Pickup,No,No,1,google pay,Annually
2176,68.0,F,Saree,Clothing,3867, Varanasi ,M,Silver,Spring,3.3,No,Free Shipping,No,No,48,Google Pay,Fortnightly
2177,24.0,F,Belt,Accessories,6907,Hyderabad,S,Red,Winter,3.4,No,2-Day Shipping,No,No,44,Credit Card,Quarterly
2178,24.0,Female,Belt,Accessories,7019,Mumbai,XL,Green,Winter,3.0,No,Express,No,No,9,Net Banking,Bi-Weekly
2179,21.0,Male,Cap,Accessories,7194, Varanasi ,M,Gold,Summer,4.7,No,Standard,No,No,32,Paytm,Annually
2180,49.0,M,Jacket,Clothing,6054,,L,Lavender,Fall,2.9,No,Next Day Air,No,No,14,CREDIT CARD,Monthly
2181,41.0,Female,Coat,Outerwear,2922,Vadodara,M,Yellow,Summer,4.1,No,Store Pickup,No,No,43,Debit Card,Quarterly
2182,22.0,male,Cap,Accessories,4805,AHMEDABAD,M,Black,Fall,3.2,No,Free Shipping,No,No,32,Paytm,Bi-Weekly
2183,42.0,Male,Saree,Clothing,7458,Bengaluru,M,Maroon,Winter,2.7,No,Store Pickup,No,No,26,Net Banking,Bi-Weekly
2184,30.0,Female,T-Shirt,Clothing,2763,Jaipur,M,Maroon,Spring,4.7,No,Store Pickup,No,No,2,DEBIT CARD,Monthly
2185,38.0,Female,,Footwear,2393,VARANASI,S,Gold,Spring,3.2,No,Free Shipping,No,No,16,Paytm,Every 3 Months
2186,40.0,Male,Trousers,Clothing,2424,kolkata,M,Violet,Winter,2.5,No,Express,No,No,50,Google Pay,Every 3 Months
2187,55.0,Female,Mojaris,Footwear,1666,Lucknow,XL,Teal,Winter,4.3,No,Next Day Air,No,No,6,Net Banking,Every 3 Months
2188,37.0,Female,Lehenga,Clothing,5785,Lucknow  ,M,Violet,Spring,4.4,No,Free Shipping,No,No,20,Net Banking,Annually
2189,41.0,Male,Coat,Outerwear,4025,PATNA,M,Brown,Winter,4.7,No,Next Day Air,No,No,9, Credit Card ,Weekly
2190,38.0,Female,Saree,Clothing,6991,nagpur,XL,Brown,Fall,4.0,No,Express,No,No,47,Paytm,Bi-Weekly
2191,42.0,male,Shawl,Accessories,5504, Jaipur ,S,Maroon,Spring,4.6,No,Express,No,No,33,Debit Card,Annually
2192,26.0,Male,Shirt,Clothing,5056,Nagpur,S,Maroon,Summer,3.8,No,Next Day Air,No,No,46,PAYTM,Bi-Weekly
2193,41.0,Female,Handbag,Accessories,2559,Jaipur,L,Yellow,Winter,3.2,No,Next Day Air,No,No,9,UPI,Monthly
2194,27.0,Female,Jeans,Clothing,5856,Jaipur,L,Turquoise,Spring,5.0,No,Express,No,No,8,Paytm,Monthly
2195,61.0,Male,T-Shirt,Clothing,2318,delhi,M,Silver,Summer,3.5,No,Standard,No,No,48, Cash ,Quarterly
2196,58.0,Male,Jeans,Clothing,4626,Mumbai  ,M,Brown,Fall,3.7,No,Next Day Air,No,No,2,google pay,Monthly
2197,25.0,M,Trousers,Clothing,4532,Indore  ,M,Gray,Spring,4.8,No,Next Day Air,No,No,31,PHONEPE,Weekly
2198,33.0,female,Loafers,Footwear,6642, Delhi ,M,Indigo,Summer,3.7,No,2-Day Shipping,No,No,40,UPI,Monthly
2199,57.0,Male,Watch,Accessories,5854,lucknow,L,Turquoise,Summer,3.5,No,Free Shipping,No,No,35,PHONEPE,Monthly
2200,39.0,Male,Backpack,Accessories,3465,Vadodara,M,Maroon,Summer,4.9,No,Store Pickup,No,No,40,NET BANKING,Monthly
2201,60.0,Male,Shawl,Accessories,3680,Ahmedabad,L,Charcoal,Summer,4.7,No,Next Day Air,No,No,27,GPay,Every 3 Months
2202,39.0,Male,Ethnic Top,Clothing,1689,Chandigarh  ,L,Peach,Spring,4.9,No,2-Day Shipping,No,No,10,Cash,Annually
2203,42.0,Male,Jacket,Clothing,2684,Mumbai,M,Red,Summer,4.3,No,Next Day Air,No,No,23,Net Banking,Weekly
2204,53.0,F,Lehenga,Clothing,6038,ahmedabad,M,Indigo,Winter,3.1,No,Free Shipping,No,No,32, PhonePe ,Quarterly
2205,20.0,Male,Kurti,Clothing,999999,Ahmedabad  ,S,Lavender,Winter,3.4,No,2-Day Shipping,No,No,6,Net Banking,Monthly
2206,46.0,Male,Jeans,Clothing,4996,Nagpur,XL,Red,Fall,2.7,No,Express,No,No,27,Paytm,Weekly
2207,46.0,female,Loafers,Footwear,3768,Surat  ,L,Green,Spring,2.6,No,Store Pickup,No,No,25,PhonePe,Fortnightly
2208,69.0,Female,Watch,Accessories,2657,Nagpur,M,Gray,Fall,2.9,No,Next Day Air,No,No,11,Credit Card,Annually
2209,28.0,male,Watch,Accessories,3464,Patna,XL,Violet,Summer,2.7,No,2-Day Shipping,No,No,23,Google Pay,Monthly
2210,42.0,Male,Loafers,Footwear,1472, Agra ,XL,Beige,Summer,4.5,No,2-Day Shipping,No,No,44,,Quarterly
2211,30.0,F,Watch,Accessories,1897,Chennai,M,Orange,Summer,3.1,No,Store Pickup,No,No,35,Phone Pay,Fortnightly
2212,50.0,Male,Jacket,Clothing,6514,bhopal,L,Purple,Winter,3.2,No,Free Shipping,No,No,45,Net Banking,Every 3 Months
2213,,Female,Kurti,Clothing,5756, Delhi ,M,Brown,Winter,3.3,No,Next Day Air,No,No,22,Cash,Quarterly
2214,54.0,Male,Handbag,Accessories,7119, Chennai ,M,Maroon,Fall,2.9,No,Express,No,No,18,Net Banking,Quarterly
2215,50.0,Male,Shawl,Accessories,7486, Ahmedabad ,L,Gold,Fall,4.1,No,Standard,No,No,20,Net Banking,Weekly
2216,25.0,M,Boots,Footwear,7244,Patna,M,Indigo,Winter,2.7,No,Express,No,No,28,Credit Card,Fortnightly
2217,41.0,Female,Kurta,Clothing,2808,Ahmedabad  ,XL,Silver,Winter,4.0,No,Store Pickup,No,No,15,UPI,Bi-Weekly
2218,35.0,Female,Shawl,Accessories,2055,Chandigarh,XL,Red,Fall,2.6,No,Store Pickup,No,No,42,PhonePe,Fortnightly
2219,67.0,Male,Backpack,Accessories,5207,Delhi,M,Magenta,Winter,3.5,No,Store Pickup,No,No,20,Debit Card,Quarterly
2220,33.0,Male,Ethnic Top,Clothing,6779, Patna ,S,Purple,Fall,2.8,No,Store Pickup,No,No,16,Credit Card,Fortnightly
2221,19.0,M,Watch,Accessories,4624,Agra,XL,Beige,Fall,4.5,No,Store Pickup,No,No,47,Paytm,Annually
2222,25.0,M,Jacket,Clothing,6735,bengaluru,XL,White,Fall,3.0,No,Free Shipping,No,No,34,PhonePe,Annually
2223,32.0,Female,Saree,Clothing,4864,nagpur,M,Teal,Summer,4.4,No,Store Pickup,No,No,30,Cash,Weekly
2224,30.0,Male,Slippers,Footwear,5064,Chennai  ,M,Gray,Fall,4.7,No,Next Day Air,No,No,5,debit card,Quarterly
2225,18.0,Female,Wallet,Accessories,1985,varanasi,L,Charcoal,Winter,4.3,No,Standard,No,No,38,Cash,Quarterly
2226,38.0,Female,Scarf,Accessories,4899,AHMEDABAD,S,Olive,Spring,4.8,No,Free Shipping,No,No,18,upi,Annually
2227,22.0,Female,Trousers,Clothing,5217,Kochi,L,Blue,Spring,4.8,No,Store Pickup,No,No,28,Paytm,Annually
2228,40.0,Female,Handbag,Accessories,5621,Hyderabad  ,S,Gray,Summer,4.4,No,Next Day Air,No,No,42, PhonePe ,Fortnightly
2229,54.0,Male,Backpack,Accessories,3561, Chandigarh ,M,Green,Fall,3.7,No,Free Shipping,No,No,5,Cash,Weekly
2230,70.0,Male,Lehenga,Clothing,7375,Varanasi,M,Silver,Fall,3.9,No,Express,No,No,50,Paytm,Monthly
2231,52.0,Male,Slippers,Footwear,2691,Surat,S,Teal,Spring,3.8,No,Express,No,No,33,PhonePe,Fortnightly
2232,34.0,Male,Jacket,Outerwear,3706,Agra,M,Beige,Fall,4.1,No,Store Pickup,No,No,1,PhonePe,Weekly
2233,65.0,male,Boots,Footwear,4692,PUNE,L,Lavender,Spring,4.0,No,Store Pickup,No,No,14,,Fortnightly
2234,38.0,Male,T-Shirt,Clothing,2342,Agra,XL,Gray,Summer,4.5,No,Express,No,No,48,Credit Card,Monthly
2235,35.0,Female,Slippers,Footwear,5027,Agra,S,Yellow,Winter,4.0,No,Express,No,No,26,PHONEPE,Weekly
2236,40.0,Male,Kurta,Clothing,6302,Chandigarh,M,Gray,Spring,4.5,No,2-Day Shipping,No,No,44,UPI,Annually
2237,23.0,Female,Shirt,Clothing,6702,Chennai,M,Yellow,Winter,2.7,No,Standard,No,No,18,Debit Card,Fortnightly
2238,45.0,F,Sneakers,Footwear,2378, Chennai ,S,Black,Summer,3.8,No,Next Day Air,No,No,31,credit card,Every 3 Months
2239,40.0,Female,Loafers,Footwear,6400,AHMEDABAD,L,Beige,Winter,3.8,No,Standard,No,No,18,Google Pay,Weekly
2240,42.0,Male,Shawl,Accessories,7076,Lucknow  ,L,Indigo,Summer,3.8,No,2-Day Shipping,No,No,41,credit card,Every 3 Months
2241,57.0,male,Sneakers,Footwear,5133, Kolkata ,L,Green,Winter,4.3,No,Next Day Air,No,No,18,Credit Card,Every 3 Months
2242,18.0,Male,Jacket,Outerwear,5598,Surat,M,Purple,Summer,3.5,No,Free Shipping,No,No,3,PhonePe,Bi-Weekly
2243,18.0,,Kurti,Clothing,4764,indore,M,Orange,Spring,3.8,No,Next Day Air,No,No,5,UPI,Bi-Weekly
2244,56.0,Male,Saree,Clothing,1538,Nagpur,M,Teal,Winter,3.7,No,2-Day Shipping,No,No,13,PHONEPE,Annually
2245,35.0,Female,Ethnic Top,Clothing,2587,Ahmedabad,M,Gold,Summer,4.8,No,2-Day Shipping,No,No,22, Cash ,Annually
2246,49.0,M,Kurta,Clothing,6896,ahmedabad,L,Gray,Fall,4.9,No,Free Shipping,No,No,45,UPI,Fortnightly
2247,49.0,Male,Jacket,Outerwear,7171, Jaipur ,M,Cyan,Fall,4.3,No,Store Pickup,No,No,39,cash,Every 3 Months
2248,34.0,Female,Belt,Accessories,2931,Mumbai,L,Teal,Summer,4.4,No,Next Day Air,No,No,18,UPI,Annually
2249,63.0,M,Jacket,Clothing,5076,Surat,M,Violet,Winter,3.4,No,Free Shipping,No,No,19,Paytm,Fortnightly
2250,42.0,Male,Watch,Accessories,3374, Vadodara ,XL,Indigo,Spring,4.3,No,Next Day Air,No,No,29,phonepe,Weekly
2251,41.0,Female,Loafers,Footwear,6852, Bengaluru ,L,Pink,Summer,4.6,No,Store Pickup,No,No,19,Net Banking,Weekly
2252,26.0,M,Slippers,Footwear,6925,Nagpur  ,L,Gold,Fall,3.8,No,Free Shipping,No,No,22,Net Banking,Monthly
2253,48.0,Female,Mojaris,Footwear,7163,Hyderabad,S,Maroon,Summer,3.9,No,Express,No,No,21, Cash ,Annually
2254,62.0,Male,Kurti,Clothing,2496,hyderabad,M,Brown,Spring,2.6,No,Store Pickup,No,No,22,Google Pay,Monthly
2255,24.0,Female,Shawl,Accessories,5785,Kochi,M,Gold,Winter,4.2,No,Store Pickup,No,No,44, Debit Card ,Every 3 Months
2256,48.0,Male,Coat,Outerwear,2969,JAIPUR,L,Teal,Spring,4.6,No,Store Pickup,No,No,42,Net Banking,Quarterly
2257,31.0,Male,Jacket,Clothing,1831,JAIPUR,M,Turquoise,Fall,5.0,No,Standard,No,No,33,Net Banking,Quarterly
2258,41.0,female,Jeans,Clothing,2354, Vadodara ,L,Olive,Fall,4.2,No,Standard,No,No,6,CREDIT CARD,Annually
2259,24.0,Male,Kurti,Clothing,5381, Lucknow ,L,Cyan,Winter,4.3,No,Store Pickup,No,No,44,Paytm,Every 3 Months
2260,60.0,male,Kurta,Clothing,7243, Hyderabad ,XL,Beige,Spring,3.3,No,Free Shipping,No,No,24,Cash,Annually
2261,38.0,Male,Cap,Accessories,6111,Bhopal  ,M,Blue,Fall,4.9,No,Express,No,No,16, Google Pay ,Quarterly
2262,58.0,M,Shawl,Accessories,5567, Ahmedabad ,L,Gold,Spring,4.4,No,Standard,No,No,12,Debit Card,Fortnightly
2263,53.0,Male,Watch,Accessories,1793,mumbai,M,Green,Winter,,No,2-Day Shipping,No,No,50,Debit Card,Monthly
2264,44.0,Female,Shawl,Accessories,3076, Patna ,XL,Green,Winter,3.5,No,Store Pickup,No,No,42,PhonePe,Quarterly
2265,51.0,female,Shawl,Accessories,6860,Indore,M,Turquoise,Summer,3.9,No,2-Day Shipping,No,No,50,UPI,Monthly
2266,36.0,Female,Coat,Outerwear,7240, Mumbai ,XL,Yellow,Fall,3.9,No,Store Pickup,No,No,10,Cash,Quarterly
2267,20.0,male,T-Shirt,Clothing,3358, Chandigarh ,M,Yellow,Fall,4.3,No,Store Pickup,No,No,32,PhonePe,Weekly
2268,32.0,Male,Belt,Accessories,3781,Lucknow,S,Blue,Spring,3.8,No,Express,No,No,37,Debit Card,Weekly
2269,66.0,Female,Trousers,Clothing,2084,Surat,L,Charcoal,Spring,2.7,No,2-Day Shipping,No,No,15,PhonePe,Monthly
2270,49.0,F,Trousers,Clothing,2744,,M,Yellow,Fall,4.4,No,Store Pickup,No,No,27,paytm,Annually
2271,27.0,Male,Ethnic Top,Clothing,5445,Ahmedabad,L,Purple,Spring,3.5,No,Express,No,No,7,Cash,Weekly
2272,29.0,male,Saree,Clothing,7445,Vadodara,M,Green,Summer,3.4,No,Free Shipping,No,No,49,GOOGLE PAY,Quarterly
2273,29.0,male,Jacket,Outerwear,2772,Jaipur,L,Charcoal,Spring,4.0,No,Standard,No,No,44,debit card,Monthly
2274,55.0,Male,Coat,Outerwear,7186,AHMEDABAD,L,Silver,Winter,4.8,No,Express,No,No,13,Cash,Bi-Weekly
2275,57.0,Female,T-Shirt,Clothing,2086,Kochi,L,Turquoise,Spring,4.5,No,Next Day Air,No,No,38,Net Banking,Fortnightly
2276,29.0,Male,Jacket,Clothing,1872,VADODARA,M,Gray,Winter,4.4,No,Standard,No,No,10,Paytm,Weekly
2277,31.0,F,Lehenga,Clothing,6322,Varanasi,L,Red,Summer,4.1,No,2-Day Shipping,No,No,25,Google Pay,Weekly
2278,25.0,Male,Shawl,Accessories,4059,Varanasi,M,Beige,Summer,4.6,No,Next Day Air,No,No,18,Net Banking,Quarterly
2279,,Male,Watch,Accessories,1799,bhopal,M,Maroon,Fall,3.8,No,Store Pickup,No,No,6,Paytm,Every 3 Months
2280,53.0,F,Shoes,Footwear,5161,Agra,L,Indigo,Spring,2.9,No,Free Shipping,No,No,35, Credit Card ,Quarterly
2281,22.0,Male,Slippers,Footwear,1715,KOCHI,M,Red,Summer,2.8,No,Standard,No,No,31,UPI,Fortnightly
2282,28.0,Male,Jacket,Clothing,1875,Nagpur,XL,Maroon,Summer,3.0,No,Store Pickup,No,No,41, Net Banking ,Annually
2283,18.0,Female,Boots,Footwear,7252,Bengaluru  ,S,Red,Fall,4.2,No,2-Day Shipping,No,No,8,Net Banking,Annually
2284,44.0,F,Wallet,Accessories,3313,pune,S,Black,Winter,4.1,No,Free Shipping,No,No,34,upi,Fortnightly
2285,32.0,Female,Jacket,Clothing,4851,NAGPUR,XL,Black,Fall,4.1,No,Express,No,No,20,upi,Annually
2286,34.0,male,Sunglasses,Accessories,7469,Bhopal,L,Pink,Summer,4.6,No,2-Day Shipping,No,No,38,Credit Card,Every 3 Months
2287,67.0,Male,Kurta,Clothing,2688,JAIPUR,L,Blue,Spring,2.5,No,Store Pickup,No,No,35,Debit Card,Quarterly
2288,66.0,Female,Jeans,Clothing,3243,surat,L,Green,Summer,3.0,No,Store Pickup,No,No,6,Debit Card,Annually
2289,28.0,Male,Sunglasses,Accessories,6860, Vadodara ,M,Orange,Fall,3.8,No,Next Day Air,No,No,50,CREDIT CARD,Weekly
2290,70.0,Female,Jeans,Clothing,5997,Patna,M,Orange,Fall,4.1,No,Free Shipping,No,No,47,UPI,Weekly
2291,37.0,Male,Sandals,Footwear,3780,Ahmedabad  ,L,Magenta,Winter,3.3,No,Standard,No,No,23,UPI,Quarterly
2292,28.0,Male,Coat,Outerwear,2106,KOCHI,M,Indigo,Spring,5.0,No,2-Day Shipping,No,No,13,Google Pay,Quarterly
2293,43.0,Female,Ethnic Top,Clothing,2626,ahmedabad,S,Beige,Spring,3.8,No,Next Day Air,No,No,31,Google Pay,Monthly
2294,37.0,Other,Jeans,Clothing,5237,kochi,L,Green,Fall,3.3,No,Express,No,No,16,net banking,Every 3 Months
2295,54.0,Male,Watch,Accessories,7023,pune,M,Red,Winter,5.0,No,Express,No,No,40,PhonePe,Annually
2296,50.0,Male,Wallet,Accessories,1464, Bhopal ,L,Beige,Spring,2.9,No,2-Day Shipping,No,No,45,NET BANKING,Quarterly
2297,46.0,Male,Scarf,Accessories,6724,Chandigarh,M,Green,Fall,2.5,No,Next Day Air,No,No,50, Cash ,Every 3 Months
2298,60.0,Male,Jeans,Clothing,6203,chandigarh,M,Orange,Summer,4.7,No,Standard,No,No,1,CASH,Quarterly
2299,40.0,Male,Belt,Accessories,6656, Patna ,L,Cyan,Spring,2.9,No,2-Day Shipping,No,No,10,Cash,Every 3 Months
2300,64.0,Male,Coat,Outerwear,4136, Vadodara ,M,Violet,Summer,3.7,No,Store Pickup,No,No,48,Paytm,Every 3 Months
2301,18.0,Female,Coat,Outerwear,6518,Mumbai,XL,Lavender,Summer,4.4,No,2-Day Shipping,No,No,38,Google Pay,Monthly
2302,37.0,Male,Ethnic Top,Clothing,1336,Surat,L,Turquoise,Winter,2.9,No,Next Day Air,No,No,21,Google Pay,Annually
2303,36.0,,Wallet,Accessories,2858,Varanasi,L,Pink,Summer,3.6,No,Store Pickup,No,No,38,GOOGLE PAY,Monthly
2304,51.0,Male,Belt,Accessories,5150,vadodara,S,Beige,Spring,4.8,No,2-Day Shipping,No,No,31,Google Pay,Fortnightly
2305,26.0,Female,Kurti,Clothing,5282,SURAT,L,Silver,Winter,4.7,No,Free Shipping,No,No,9,Net Banking,Fortnightly
2306,68.0,Male,Wallet,Accessories,4528, Agra ,M,Gold,Summer,2.6,No,Free Shipping,No,No,47,Credit Card,Weekly
2307,27.0,Female,Sunglasses,Accessories,5670,bhopal,L,Silver,Winter,3.4,No,Standard,No,No,8,PhonePe,Bi-Weekly
2308,28.0,F,Saree,Clothing,7148,Patna  ,L,Green,Fall,3.5,No,Next Day Air,No,No,30, Google Pay ,Annually
2309,49.0,Female,Backpack,Accessories,5899,Chandigarh,M,Teal,Winter,3.4,No,2-Day Shipping,No,No,22,Debit Card,Quarterly
2310,70.0,Female,Ethnic Top,Clothing,7067,Chennai,S,Gold,Fall,5.0,No,2-Day Shipping,No,No,3,Paytm,Quarterly
2311,30.0,Male,Shawl,Accessories,5144,Delhi,M,Cyan,Spring,4.6,No,Standard,No,No,15,Cash,Monthly
2312,27.0,Female,Sandals,Footwear,1942, Bengaluru ,L,Gold,Spring,4.8,No,2-Day Shipping,No,No,10,Google Pay,Every 3 Months
2313,19.0,Female,Lehenga,Clothing,2342,Agra,L,Violet,Summer,3.7,No,Free Shipping,No,No,19,Credit Card,Every 3 Months
2314,64.0,F,Kurti,Clothing,2309, Pune ,M,Black,Summer,4.7,No,Next Day Air,No,No,36,DEBIT CARD,Fortnightly
2315,42.0,M,Belt,Accessories,6966,BHOPAL,XL,Brown,Winter,4.4,No,Express,No,No,12,Cash,Every 3 Months
2316,69.0,F,Kurti,Clothing,5816,Surat,M,Indigo,Winter,3.5,No,2-Day Shipping,No,No,49,UPI,Quarterly
2317,28.0,Male,Shoes,Footwear,3041,CHENNAI,L,Yellow,Winter,3.8,No,Standard,No,No,7,NET BANKING,Annually
2318,47.0,Male,Jacket,Outerwear,2747, Surat ,M,Purple,Summer,4.7,No,Next Day Air,No,No,28,upi,Monthly
2319,69.0,Male,Kurta,Clothing,2223, Ahmedabad ,L,White,Spring,3.1,No,Store Pickup,No,No,30,Cash,Annually
2320,56.0,Male,Loafers,Footwear,2702,Lucknow,XL,Turquoise,Winter,5.0,No,Free Shipping,No,No,29,PHONEPE,Monthly
2321,28.0,Female,Slippers,Footwear,4008,Indore,M,Olive,Spring,,No,Free Shipping,No,No,9,UPI,Every 3 Months
2322,50.0,Female,Mojaris,Footwear,2158, Ahmedabad ,M,Beige,Winter,3.0,No,Next Day Air,No,No,27,Google Pay,Fortnightly
2323,,Female,Coat,Outerwear,6175,Delhi,S,Lavender,Spring,4.5,No,Store Pickup,No,No,21,Cash,Fortnightly
2324,35.0,Female,Handbag,Accessories,7127,bhopal,L,White,Winter,4.7,No,Express,No,No,36, Credit Card ,Monthly
2325,59.0,M,Coat,Outerwear,2096, Chennai ,L,Brown,Winter,3.5,No,Free Shipping,No,No,19,PhonePe,Annually
2326,44.0,Female,Sandals,Footwear,4210,Bengaluru,M,Charcoal,Summer,4.4,No,2-Day Shipping,No,No,47,Debit Card,Weekly
2327,66.0,Male,Kurta,Clothing,4612,Delhi,L,Maroon,Winter,2.6,No,Standard,No,No,38,Google Pay,Annually
2328,20.0,Female,Kurta,Clothing,7084,Hyderabad,M,Red,Winter,4.2,No,2-Day Shipping,No,No,22,UPI,Bi-Weekly
2329,45.0,Female,T-Shirt,Clothing,2731,ahmedabad,M,Maroon,Fall,2.6,No,Express,No,No,29,Paytm,Bi-Weekly
2330,49.0,Female,Wallet,Accessories,7081,Bengaluru,S,Teal,Spring,4.8,No,Free Shipping,No,No,42,NET BANKING,Annually
2331,60.0,Male,Scarf,Accessories,4816,Lucknow,L,Orange,Summer,2.9,No,Store Pickup,No,No,47,Google Pay,Every 3 Months
2332,61.0,Female,Scarf,Accessories,5612,Mumbai,S,Olive,Spring,4.3,No,2-Day Shipping,No,No,10,paytm,Bi-Weekly
2333,36.0,Male,Watch,Accessories,3826,chandigarh,XL,Olive,Fall,2.6,No,Store Pickup,No,No,10,debit card,Monthly
2334,33.0,Male,Kurta,Clothing,5717,Lucknow,M,Beige,Spring,3.8,No,Next Day Air,No,No,1,Paytm,Every 3 Months
2335,49.0,female,Slippers,Footwear,6120,Kochi,L,Green,Summer,4.2,No,Standard,No,No,7,debit card,Monthly
2336,31.0,Male,Coat,Outerwear,2795,pune,M,Black,Summer,3.9,No,Store Pickup,No,No,10,PhonePe,Fortnightly
2337,19.0,F,Backpack,Accessories,7089,Mumbai  ,M,Green,Winter,3.1,No,Free Shipping,No,No,11,Credit Card,Weekly
2338,39.0,Male,Shoes,Footwear,5642, Jaipur ,S,Violet,Fall,3.6,No,Store Pickup,No,No,5,UPI,Annually
2339,66.0,Male,Mojaris,Footwear,5248,Indore,S,Silver,Fall,4.0,No,Express,No,No,21,net banking,Quarterly
2340,25.0,Female,Saree,Clothing,5037,Patna,L,Maroon,Spring,3.4,No,Next Day Air,No,No,24,UPI,Quarterly
2341,63.0,Male,Ethnic Top,Clothing,1981,Jaipur,M,Cyan,Summer,2.6,No,Standard,No,No,37,Net Banking,Fortnightly
2342,56.0,Male,Jacket,Outerwear,2173,Varanasi,L,Teal,Summer,4.5,No,Express,No,No,22,Google Pay,Every 3 Months
2343,20.0,male,Lehenga,Clothing,6751,Hyderabad  ,M,Olive,Fall,4.9,No,Standard,No,No,16,Cash,Fortnightly
2344,58.0,male,T-Shirt,Clothing,3745,LUCKNOW,M,Red,Summer,4.4,No,2-Day Shipping,No,No,44,UPI,Monthly
2345,34.0,Female,Sandals,Footwear,6713,bhopal,XL,Lavender,Fall,3.5,No,Express,No,No,14,phonepe,Bi-Weekly
2346,28.0,Male,Kurti,Clothing,2497,Nagpur  ,S,Orange,Winter,,No,Express,No,No,23,UPI,Every 3 Months
2347,22.0,,Jacket,Outerwear,4839, Kochi ,L,Brown,Winter,3.1,No,Standard,No,No,46,GOOGLE PAY,Fortnightly
2348,37.0,female,Wallet,Accessories,4833,kochi,S,Gray,Fall,4.2,No,Express,No,No,46,UPI,Every 3 Months
2349,54.0,Male,Loafers,Footwear,6162,Mumbai  ,M,Orange,Spring,4.9,No,Next Day Air,No,No,16,Credit Card,Every 3 Months
2350,65.0,Female,Shirt,Clothing,2545, Varanasi ,M,Orange,Fall,3.9,No,Standard,No,No,40,Debit Card,Every 3 Months
2351,57.0,Female,Sandals,Footwear,1776,chandigarh,M,Turquoise,Winter,4.2,No,Free Shipping,No,No,21,Paytm,Annually
2352,38.0,Male,Jeans,Clothing,3642,Indore  ,S,Cyan,Fall,4.9,No,Store Pickup,No,No,25,Paytm,Bi-Weekly
2353,70.0,male,Boots,Footwear,3354,AGRA,M,Yellow,Fall,2.8,No,Store Pickup,No,No,25,Debit Card,Quarterly
2354,56.0,,Backpack,Accessories,5433,Kolkata,M,White,Fall,4.1,No,Standard,No,No,25,Paytm,Every 3 Months
2355,56.0,Other,Kurti,Clothing,5701,Agra,M,Blue,Summer,4.8,No,Next Day Air,No,No,27,Credit Card,Monthly
2356,22.0,Female,Kurta,Clothing,2743,Chennai,S,Purple,Winter,4.1,No,Next Day Air,No,No,12,PhonePe,Monthly
2357,57.0,Male,Wallet,Accessories,4330,HYDERABAD,M,Gray,Summer,3.0,No,Free Shipping,No,No,27,Google Pay,Quarterly
2358,53.0,Female,Jacket,Clothing,4881,Surat,L,Cyan,Fall,4.2,No,2-Day Shipping,No,No,40,Credit Card,Bi-Weekly
2359,53.0,Female,Trousers,Clothing,6894,Hyderabad,L,Pink,Spring,3.8,No,Standard,No,No,38,Google Pay,Quarterly
2360,19.0,Female,Handbag,Accessories,6182,Varanasi,S,Gold,Spring,3.3,No,2-Day Shipping,No,No,44,phonepe,Every 3 Months
2361,49.0,Female,Scarf,Accessories,6162,LUCKNOW,L,Silver,Fall,4.7,No,2-Day Shipping,No,No,27, Credit Card ,Every 3 Months
2362,44.0,Male,Sunglasses,Accessories,4642,Bengaluru,M,Gray,Spring,4.3,No,2-Day Shipping,No,No,30,upi,Every 3 Months
2363,27.0,Female,Saree,Clothing,3009,Chennai,M,Brown,Fall,2.7,No,Standard,No,No,24,cash,Monthly
2364,60.0,Female,Ethnic Top,Clothing,6097,Kolkata,XL,Pink,Winter,4.2,No,Express,No,No,38,Phone Pay,Bi-Weekly
2365,62.0,Female,Backpack,Accessories,4559,Ahmedabad,L,Maroon,Winter,4.2,No,Free Shipping,No,No,4,paytm,Quarterly
2366,52.0,M,Mojaris,Footwear,6821,,S,Peach,Winter,2.5,No,Next Day Air,No,No,32,Credit Card,Monthly
2367,30.0,Male,Sandals,Footwear,4882,Lucknow  ,L,Brown,Winter,3.6,No,Express,No,No,32,PhonePe,Fortnightly
2368,66.0,Male,Jacket,Clothing,6429,KOLKATA,L,Green,Winter,3.4,No,Standard,No,No,28,phonepe,Bi-Weekly
2369,29.0,Male,Scarf,Accessories,2869,Kochi,M,Lavender,Summer,3.3,No,Standard,No,No,6,CREDIT CARD,Every 3 Months
2370,24.0,Female,T-Shirt,Clothing,1860,HYDERABAD,M,Cyan,Winter,4.6,No,Standard,No,No,24,Paytm,Monthly
2371,51.0,Male,Shoes,Footwear,5165, Patna ,M,Black,Spring,3.9,No,Store Pickup,No,No,38,Debit Card,Weekly
2372,67.0,Female,Jeans,Clothing,2062,,M,Charcoal,Winter,3.7,No,Next Day Air,No,No,28,Paytm,Annually
2373,50.0,F,Sandals,Footwear,2979,Nagpur  ,XL,Silver,Spring,3.1,No,Express,No,No,9,PhonePe,Fortnightly
2374,37.0,Female,Lehenga,Clothing,1301,PUNE,M,Gray,Spring,4.9,No,Express,No,No,21,Google Pay,Every 3 Months
2375,69.0,Male,Sunglasses,Accessories,5469,Hyderabad,L,Peach,Winter,4.7,No,Standard,No,No,31,Debit Card,Monthly
2376,60.0,Female,Sunglasses,Accessories,4766,Kochi,L,Peach,Fall,2.9,No,Next Day Air,No,No,18, Net Banking ,Quarterly
2377,21.0,Female,Belt,Accessories,6998,bengaluru,XL,Cyan,Spring,4.1,No,Express,No,No,5,,Weekly
2378,44.0,Female,Shirt,Clothing,7047,CHENNAI,L,Magenta,Fall,4.0,No,Next Day Air,No,No,22, PhonePe ,Annually
2379,26.0,M,Belt,Accessories,5423,INDORE,L,Teal,Summer,2.7,No,Store Pickup,No,No,37,Credit Card,Bi-Weekly
2380,40.0,Male,Shawl,Accessories,5819,Varanasi,M,Peach,Spring,4.0,No,2-Day Shipping,No,No,22,Credit Card,Monthly
2381,41.0,M,Shawl,Accessories,5087,Hyderabad  ,M,Black,Fall,2.5,No,Next Day Air,No,No,36,Credit Card,Fortnightly
2382,62.0,Male,Boots,Footwear,1632,Mumbai  ,M,Teal,Summer,4.5,No,Free Shipping,No,No,23, Paytm ,Annually
2383,39.0,Male,Lehenga,Clothing,4692,VADODARA,M,Turquoise,Spring,3.9,No,Express,No,No,44,UPI,Weekly
2384,53.0,Female,Cap,Accessories,5411,Agra,L,Gold,Spring,4.9,No,2-Day Shipping,No,No,25,Credit Card,Annually
2385,24.0,Female,Jacket,Clothing,2580,Agra,L,Green,Winter,3.3,No,2-Day Shipping,No,No,40,Credit Card,Quarterly
2386,41.0,Male,Watch,Accessories,2150,Nagpur,M,Brown,Fall,3.8,No,Express,No,No,12, Debit Card ,Weekly
2387,19.0,M,Kurta,Clothing,2356,Kochi,L,Blue,Summer,2.9,No,Standard,No,No,14,Google Pay,Monthly
2388,36.0,Female,Scarf,Accessories,7007,AGRA,M,Gold,Summer,4.0,No,2-Day Shipping,No,No,14,Google Pay,Monthly
2389,21.0,M,Ethnic Top,Clothing,5030,PATNA,M,Peach,Fall,4.1,No,Store Pickup,No,No,10,PhonePe,Annually
2390,25.0,Female,Coat,Outerwear,6653,BHOPAL,M,Violet,Spring,3.1,No,Store Pickup,No,No,17,PhonePe,Every 3 Months
2391,65.0,male,Kurta,Clothing,4699,kolkata,XL,Yellow,Winter,4.6,No,Express,No,No,24,PhonePe,Fortnightly
2392,42.0,Male,Saree,Clothing,5605,HYDERABAD,M,Black,Winter,4.6,No,Next Day Air,No,No,31,,Quarterly
2393,40.0,Male,,Clothing,4498,agra,L,Silver,Spring,2.6,No,2-Day Shipping,No,No,36,GOOGLE PAY,Annually
2394,58.0,Female,Saree,Clothing,7137, Indore ,M,Brown,Winter,5.0,No,2-Day Shipping,No,No,38,PhonePe,Every 3 Months
2395,40.0,M,Shoes,Footwear,3635,Patna,L,Peach,Fall,2.9,No,2-Day Shipping,No,No,23,Net Banking,Fortnightly
2396,62.0,Female,Lehenga,Clothing,6314,,M,Cyan,Winter,3.5,No,2-Day Shipping,No,No,47,GOOGLE PAY,Bi-Weekly
2397,38.0,Male,Jacket,Clothing,6054,,M,Olive,Spring,3.7,No,2-Day Shipping,No,No,20,Credit Card,Weekly
2398,37.0,Male,Sunglasses,Accessories,1854,Delhi,L,Black,Fall,2.9,No,Store Pickup,No,No,41,Debit Card,Monthly
2399,65.0,F,Jacket,Outerwear,6199,VADODARA,M,Orange,Winter,4.3,No,Free Shipping,No,No,44,CREDIT CARD,Fortnightly
2400,55.0,Male,Shirt,Clothing,3114,Varanasi,L,Beige,Spring,3.2,No,Store Pickup,No,No,31,PhonePe,Monthly
2401,43.0,Female,Shawl,Accessories,6574,nagpur,M,Peach,Winter,4.2,No,Next Day Air,No,No,11, Credit Card ,Bi-Weekly
2402,43.0,male,Slippers,Footwear,5758,Surat,M,Pink,Winter,4.2,No,Standard,No,No,25,credit card,Bi-Weekly
2403,45.0,Male,Scarf,Accessories,6685, Chandigarh ,M,Brown,Winter,3.8,No,Free Shipping,No,No,31,Net Banking,Weekly
2404,64.0,Female,Shirt,Clothing,1708,Patna,M,Magenta,Fall,4.4,No,Standard,No,No,40,Google Pay,Weekly
2405,28.0,Female,Shirt,Clothing,2376,delhi,L,Cyan,Winter,3.1,No,2-Day Shipping,No,No,23,upi,Bi-Weekly
2406,69.0,male,Jacket,Clothing,7334,nagpur,XL,Silver,Fall,5.0,No,Standard,No,No,5,Net Banking,Quarterly
2407,54.0,female,Scarf,Accessories,4418,Kolkata,M,Indigo,Winter,4.7,No,Standard,No,No,26, Paytm ,Weekly
2408,52.0,male,Kurti,Clothing,2808,HYDERABAD,M,Beige,Summer,3.0,No,Express,No,No,11,,Bi-Weekly
2409,23.0,Female,Mojaris,Footwear,3969,Varanasi,XL,Black,Fall,4.2,No,Next Day Air,No,No,44,phonepe,Every 3 Months
2410,26.0,Female,Wallet,Accessories,2875,Indore,L,Yellow,Spring,3.0,No,Store Pickup,No,No,47,cash,Every 3 Months
2411,48.0,,Sandals,Footwear,3275,Surat,M,Maroon,Summer,3.7,No,Free Shipping,No,No,46,UPI,Monthly
2412,49.0,Male,Ethnic Top,Clothing,7330,Surat,M,Cyan,Summer,2.7,No,Free Shipping,No,No,35,Debit Card,Every 3 Months
2413,53.0,M,Jacket,Outerwear,3789,Kolkata,M,Pink,Winter,4.3,No,2-Day Shipping,No,No,8,Cash,Bi-Weekly
2414,69.0,M,Lehenga,Clothing,7117,SURAT,XL,Violet,Fall,2.7,No,2-Day Shipping,No,No,30,phonepe,Weekly
2415,26.0,Male,Saree,Clothing,1758,Kochi,M,Lavender,Summer,3.7,No,Next Day Air,No,No,14,upi,Bi-Weekly
2416,21.0,Other,Coat,Outerwear,2723,Chandigarh,XL,Lavender,Fall,4.3,No,Standard,No,No,30, Credit Card ,Weekly
2417,59.0,Female,Shoes,Footwear,6089,Pune,S,Black,Summer,4.0,No,Next Day Air,No,No,26,PhonePe,Every 3 Months
2418,21.0,Male,Shawl,Accessories,1986,JAIPUR,M,Olive,Fall,3.3,No,Standard,No,No,32,UPI,Fortnightly
2419,22.0,M,Lehenga,Clothing,5256,Indore,S,Indigo,Fall,4.0,No,Next Day Air,No,No,47,PAYTM,Every 3 Months
2420,26.0,Female,Lehenga,Clothing,2980,Chennai,M,Blue,Fall,2.7,No,Next Day Air,No,No,11,Credit Card,Every 3 Months
2421,41.0,Female,Jacket,Outerwear,6606,Varanasi,S,Green,Winter,4.2,No,Free Shipping,No,No,28,Net Banking,Annually
2422,37.0,Male,Slippers,Footwear,3528, Lucknow ,L,Pink,Spring,4.6,No,Standard,No,No,2,phonepe,Every 3 Months
2423,30.0,Male,Handbag,Accessories,5979,VADODARA,M,Peach,Winter,4.8,No,Store Pickup,No,No,45,Debit Card,Weekly
2424,49.0,male,Shawl,Accessories,6140, Bengaluru ,M,Purple,Summer,2.8,No,Free Shipping,No,No,7,Net Banking,Every 3 Months
2425,49.0,Male,Shawl,Accessories,4402,Patna,M,Peach,Winter,4.5,No,Next Day Air,No,No,28,debit card,Bi-Weekly
2426,58.0,Male,Slippers,Footwear,3691,Chandigarh,S,Olive,Summer,3.0,No,2-Day Shipping,No,No,34,PhonePe,Quarterly
2427,70.0,Male,Jacket,Outerwear,3269,Nagpur  ,M,Olive,Fall,4.6,No,Free Shipping,No,No,26,UPI,Every 3 Months
2428,27.0,male,Jacket,Outerwear,2148,PATNA,M,Purple,Spring,3.3,No,Standard,No,No,45,Net Banking,Quarterly
2429,65.0,Female,Saree,Clothing,3028, Kolkata ,M,Violet,Spring,4.4,No,Next Day Air,No,No,34, Net Banking ,Annually
2430,57.0,Male,Sneakers,Footwear,4179,Nagpur  ,XL,Maroon,Summer,4.4,No,Standard,No,No,47,PhonePe,Fortnightly
2431,20.0,Male,Jacket,Outerwear,7483,Patna,XL,White,Summer,4.3,No,Express,No,No,42,Cash,Quarterly
2432,34.0,Male,Jacket,Clothing,5604,Agra,S,Olive,Fall,3.4,No,Express,No,No,27,Credit Card,Every 3 Months
2433,59.0,Female,Jacket,Outerwear,4897, Agra ,M,Peach,Winter,2.8,No,Store Pickup,No,No,43,Google Pay,Monthly
2434,54.0,Female,Saree,Clothing,5379,Lucknow  ,M,Blue,Spring,3.4,No,Standard,No,No,16,net banking,Bi-Weekly
2435,36.0,Male,Scarf,Accessories,3221,BENGALURU,M,Brown,Spring,5.0,No,Store Pickup,No,No,40,Debit Card,Monthly
2436,21.0,male,Loafers,Footwear,1911,Kochi,S,Black,Fall,4.5,No,Free Shipping,No,No,29,Net Banking,Bi-Weekly
2437,52.0,Female,Kurta,Clothing,1908, Agra ,M,Yellow,Fall,2.7,No,Store Pickup,No,No,38,Net Banking,Quarterly
2438,43.0,Male,Shoes,Footwear,4353,Chennai  ,XL,Magenta,Winter,3.4,No,Store Pickup,No,No,34,UPI,Weekly
2439,32.0,Male,Jeans,Clothing,1557, Chennai ,S,Cyan,Winter,3.4,No,Express,No,No,30,Paytm,Weekly
2440,55.0,Male,Backpack,Accessories,3413,Varanasi,M,Maroon,Summer,2.8,No,Standard,No,No,45,NET BANKING,Annually
2441,31.0,Female,Ethnic Top,Clothing,6696,Nagpur,M,Red,Spring,4.7,No,Standard,No,No,47,PhonePe,Annually
2442,45.0,Female,Watch,Accessories,2571,Lucknow,M,Black,Fall,4.7,No,Free Shipping,No,No,5,Credit Card,Monthly
2443,53.0,F,Lehenga,Clothing,7064,chennai,L,Violet,Winter,4.7,No,Free Shipping,No,No,50,PhonePe,Bi-Weekly
2444,24.0,male,Watch,Accessories,2076, Hyderabad ,M,Green,Spring,3.4,No,2-Day Shipping,No,No,24,Paytm,Bi-Weekly
2445,47.0,Female,Shawl,Accessories,4703,KOLKATA,S,Gold,Fall,3.7,No,Express,No,No,15,Credit Card,Bi-Weekly
2446,63.0,Female,Scarf,Accessories,7270,Hyderabad,M,Brown,Summer,4.1,No,Store Pickup,No,No,50,Paytm,Weekly
2447,38.0,Female,Kurta,Clothing,4848,PUNE,L,Peach,Spring,2.9,No,2-Day Shipping,No,No,7,Credit Card,Monthly
2448,59.0,Male,Trousers,Clothing,3577,Pune,L,Peach,Fall,3.2,No,Store Pickup,No,No,10,GOOGLE PAY,Fortnightly
2449,54.0,Male,Wallet,Accessories,2059,Vadodara,S,Violet,Fall,3.0,No,Free Shipping,No,No,38, Debit Card ,Bi-Weekly
2450,26.0,Female,Coat,Outerwear,4059,Bengaluru,S,Violet,Fall,4.1,No,Express,No,No,31,,Fortnightly
2451,68.0,Other,Trousers,Clothing,5606, Delhi ,M,Magenta,Fall,4.5,No,Standard,No,No,7,Paytm,Quarterly
2452,41.0,Male,Trousers,Clothing,4519,Hyderabad  ,M,Purple,Fall,3.4,No,Store Pickup,No,No,27,UPI,Monthly
2453,68.0,Male,Ethnic Top,Clothing,5083,KOLKATA,L,Purple,Winter,4.1,No,Express,No,No,45,NET BANKING,Every 3 Months
2454,21.0,Female,Jeans,Clothing,7295,Jaipur,XL,Cyan,Spring,4.6,No,Store Pickup,No,No,13,Debit Card,Annually
2455,32.0,Female,Cap,Accessories,5345,Kochi,M,Magenta,Winter,4.6,No,Express,No,No,33,,Annually
2456,20.0,Male,Belt,Accessories,7201,bhopal,L,Lavender,Spring,3.4,No,Express,No,No,25,Cash,Every 3 Months
2457,59.0,Female,Ethnic Top,Clothing,6084, Varanasi ,M,Green,Winter,3.3,No,2-Day Shipping,No,No,5,Google Pay,Monthly
2458,53.0,Female,Wallet,Accessories,2608,Hyderabad,M,Maroon,Fall,3.6,No,2-Day Shipping,No,No,23,phonepe,Quarterly
2459,66.0,Female,Saree,Clothing,6270,Bhopal,L,Turquoise,Fall,4.6,No,Free Shipping,No,No,17,google pay,Weekly
2460,47.0,Male,Ethnic Top,Clothing,2588,lucknow,L,Violet,Fall,4.3,No,2-Day Shipping,No,No,14,google pay,Weekly
2461,58.0,Male,Kurti,Clothing,2815,Pune,S,Lavender,Winter,4.0,No,Store Pickup,No,No,28,PHONEPE,Annually
2462,28.0,Male,Backpack,Accessories,6480,bengaluru,L,Red,Summer,4.8,No,Next Day Air,No,No,19,Credit Card,Weekly
2463,68.0,male,Ethnic Top,Clothing,7499,KOCHI,XL,Orange,Spring,,No,Standard,No,No,31,NET BANKING,Bi-Weekly
2464,60.0,Female,Jeans,Clothing,1620,Lucknow,XL,Indigo,Summer,3.3,No,Standard,No,No,25,Google Pay,Bi-Weekly
2465,47.0,M,Jacket,Outerwear,6210,Indore,L,Teal,Winter,2.8,No,Express,No,No,4,Net Banking,Bi-Weekly
2466,18.0,Female,Shoes,Footwear,4758,Indore,M,Brown,Spring,4.4,No,Free Shipping,No,No,20,Debit Card,Weekly
2467,32.0,Male,,Clothing,6377,LUCKNOW,S,Pink,Summer,3.7,No,Express,No,No,37,NET BANKING,Annually
2468,27.0,Other,Ethnic Top,Clothing,5365,Patna,M,Lavender,Spring,3.6,No,Express,No,No,28,Google Pay,Annually
2469,65.0,Male,Jeans,Clothing,1502, Kolkata ,L,Cyan,Winter,3.7,No,2-Day Shipping,No,No,6,UPI,Weekly
2470,68.0,Male,Sneakers,Footwear,6936, Bhopal ,M,Yellow,Fall,5.0,No,Standard,No,No,27,Debit Card,Annually
2471,55.0,Male,Trousers,Clothing,5490,Jaipur  ,XL,Pink,Fall,2.7,No,Next Day Air,No,No,29,UPI,Fortnightly
2472,30.0,Female,Boots,Footwear,6131,PATNA,M,Gray,Spring,4.3,No,Store Pickup,No,No,1,debit card,Annually
2473,24.0,Male,Ethnic Top,Clothing,5402,Hyderabad,M,Peach,Summer,4.1,No,Standard,No,No,31,paytm,Annually
2474,57.0,Female,Jeans,Clothing,7344,Chandigarh,M,Red,Winter,2.6,No,Next Day Air,No,No,28,PhonePe,Quarterly
2475,23.0,,Kurti,Clothing,5838,varanasi,M,Olive,Fall,3.2,No,Store Pickup,No,No,19,Debit Card,Quarterly
2476,69.0,,Ethnic Top,Clothing,3418,vadodara,S,Lavender,Summer,3.5,No,Next Day Air,No,No,36,Debit Card,Monthly
2477,60.0,female,Shawl,Accessories,4442,chandigarh,M,Turquoise,Summer,3.7,No,Next Day Air,No,No,28,Credit Card,Monthly
2478,25.0,Female,Watch,Accessories,3194,HYDERABAD,L,Turquoise,Spring,3.8,No,2-Day Shipping,No,No,29,Net Banking,Weekly
2479,18.0,Male,Trousers,Clothing,6885,Vadodara,S,Maroon,Winter,4.8,No,2-Day Shipping,No,No,9, Credit Card ,Every 3 Months
2480,37.0,Male,Ethnic Top,Clothing,7239,Delhi,S,Olive,Fall,4.2,No,Standard,No,No,26,,Every 3 Months
2481,61.0,F,Jacket,Clothing,6875,PUNE,XL,Maroon,Summer,2.9,No,Next Day Air,No,No,7,Paytm,Fortnightly
2482,41.0,Male,Scarf,Accessories,6979,KOLKATA,XL,Cyan,Fall,2.9,No,Free Shipping,No,No,35,CREDIT CARD,Weekly
2483,69.0,Male,Shawl,Accessories,6657,Surat,S,Peach,Winter,4.8,No,Next Day Air,No,No,46,Cash,Every 3 Months
2484,32.0,Female,Jeans,Clothing,7223,Vadodara,S,Teal,Fall,2.9,No,Standard,No,No,8,Net Banking,Monthly
2485,60.0,Male,Jeans,Clothing,7175, Chandigarh ,M,Green,Summer,4.8,No,2-Day Shipping,No,No,50,Cash,Every 3 Months
2486,43.0,Male,Jeans,Clothing,4056, Varanasi ,M,Beige,Spring,4.6,No,2-Day Shipping,No,No,37,Credit Card,Annually
2487,61.0,Female,Kurti,Clothing,4162,Surat,L,Magenta,Spring,4.4,No,Store Pickup,No,No,6,Cash,Fortnightly
2488,57.0,Female,Sneakers,Footwear,1472,indore,L,Violet,Spring,3.0,No,Next Day Air,No,No,16,Net Banking,Bi-Weekly
2489,56.0,Male,Backpack,Accessories,6069,PUNE,XL,Charcoal,Summer,4.4,No,Express,No,No,30,UPI,Monthly
2490,66.0,Male,Coat,Outerwear,2642,Lucknow,M,Green,Winter,3.9,No,Express,No,No,50,Cash,Quarterly
2491,52.0,female,Ethnic Top,Clothing,5953,Bhopal,M,Gray,Spring,4.0,No,Free Shipping,No,No,5,Credit Card,Every 3 Months
2492,63.0,Female,Backpack,Accessories,3523,Kochi,M,Magenta,Spring,2.5,No,Express,No,No,15,Credit Card,Monthly
2493,50.0,Male,Scarf,Accessories,7000,Chennai,S,Silver,Summer,4.1,No,Next Day Air,No,No,34,CASH,Bi-Weekly
2494,21.0,Male,Trousers,Clothing,1584,Vadodara,S,Beige,Fall,4.8,No,2-Day Shipping,No,No,6,net banking,Every 3 Months
2495,42.0,Male,Mojaris,Footwear,2074,chennai,S,Peach,Winter,2.6,No,Store Pickup,No,No,26,paytm,Annually
2496,40.0,Female,Backpack,Accessories,2714, Bengaluru ,XL,Orange,Spring,3.1,No,Free Shipping,No,No,34,Paytm,Every 3 Months
2497,67.0,,Backpack,Accessories,5873,CHENNAI,S,Yellow,Summer,3.2,No,Store Pickup,No,No,37,Net Banking,Weekly
2498,35.0,Female,Wallet,Accessories,3194,NAGPUR,M,Violet,Summer,4.2,No,Standard,No,No,28,Google Pay,Annually
2499,18.0,Female,Coat,Outerwear,2768,Agra,S,Green,Fall,2.6,No,Next Day Air,No,No,38,Credit Card,Fortnightly
2500,52.0,F,Jeans,Clothing,5645,Agra,L,Pink,Summer,3.1,No,Next Day Air,No,No,2,Credit Card,Quarterly
2501,59.0,M,Backpack,Accessories,6285,Bhopal,M,Violet,Fall,2.9,No,Store Pickup,No,No,32,debit card,Bi-Weekly
2502,49.0,F,Jacket,Clothing,6957,Jaipur,M,Violet,Fall,4.6,No,Free Shipping,No,No,30,CREDIT CARD,Bi-Weekly
2503,46.0,Female,T-Shirt,Clothing,3368,delhi,L,Pink,Spring,4.1,No,Standard,No,No,17,UPI,Every 3 Months
2504,69.0,M,Boots,Footwear,5652,VADODARA,M,Violet,Summer,2.5,No,Store Pickup,No,No,5,Cash,Bi-Weekly
2505,56.0,Male,Lehenga,Clothing,7075,Hyderabad,M,Turquoise,Winter,4.0,No,Store Pickup,No,No,31,DEBIT CARD,Bi-Weekly
2506,27.0,Female,Sunglasses,Accessories,5586,Lucknow,M,Cyan,Summer,3.5,No,Express,No,No,43,Credit Card,Quarterly
2507,57.0,Male,Shirt,Clothing,6230,Pune,XL,Orange,Spring,4.4,No,Free Shipping,No,No,19,UPI,Annually
2508,58.0,Male,Mojaris,Footwear,2752,Delhi,M,Cyan,Fall,2.9,No,Store Pickup,No,No,32,Google Pay,Every 3 Months
2509,23.0,Female,,Footwear,6681,Nagpur,XL,Indigo,Spring,3.1,No,2-Day Shipping,No,No,5,debit card,Bi-Weekly
2510,19.0,Female,Kurti,Clothing,3771,Mumbai,M,Black,Spring,4.4,No,Free Shipping,No,No,9,Cash,Quarterly
2511,40.0,Male,Jacket,Outerwear,3324,CHANDIGARH,L,Purple,Winter,4.4,No,Standard,No,No,48, Cash ,Weekly
2512,54.0,Female,Watch,Accessories,2418,Jaipur,M,Cyan,Summer,2.7,No,Store Pickup,No,No,1,Net Banking,Quarterly
2513,50.0,Male,Shirt,Clothing,4790,Pune,M,Green,Summer,4.9,No,Free Shipping,No,No,20,Net Banking,Monthly
2514,69.0,Male,Backpack,Accessories,3883,nagpur,L,Teal,Winter,3.5,No,2-Day Shipping,No,No,42,PhonePe,Annually
2515,42.0,Other,Shawl,Accessories,2768,Nagpur,L,Teal,Spring,4.8,No,Free Shipping,No,No,45,Credit Card,Bi-Weekly
2516,37.0,Female,T-Shirt,Clothing,6734, Mumbai ,M,Magenta,Summer,4.2,No,2-Day Shipping,No,No,41,debit card,Monthly
2517,46.0,Female,Jacket,Clothing,5664,Kolkata,XL,Brown,Spring,4.6,No,Standard,No,No,36,cash,Quarterly
2518,64.0,Female,Trousers,Clothing,2924,KOCHI,L,Orange,Spring,2.9,No,Standard,No,No,10,Paytm,Annually
2519,20.0,Female,Loafers,Footwear,3811,Kolkata,XL,Blue,Fall,4.0,No,Store Pickup,No,No,31,Debit Card,Annually
2520,40.0,Male,Jacket,Outerwear,6792,mumbai,L,Magenta,Spring,4.9,No,Standard,No,No,21, Paytm ,Quarterly
2521,64.0,M,Jacket,Outerwear,4263,Delhi,L,Magenta,Summer,3.1,No,Next Day Air,No,No,16,Credit Card,Every 3 Months
2522,29.0,Female,Scarf,Accessories,2284,lucknow,M,Magenta,Fall,4.4,No,Standard,No,No,18,upi,Every 3 Months
2523,20.0,Male,Handbag,Accessories,3940,chennai,S,Olive,Winter,2.5,No,2-Day Shipping,No,No,20,PAYTM,Weekly
2524,43.0,Female,Cap,Accessories,1628,Mumbai  ,S,Cyan,Spring,3.4,No,Express,No,No,21,Debit Card,Annually
2525,60.0,Female,Coat,Outerwear,4495,Indore,M,Purple,Spring,3.7,No,Express,No,No,23,Net Banking,Quarterly
2526,39.0,Female,Trousers,Clothing,5286,mumbai,M,Purple,Winter,4.2,No,Standard,No,No,20,Debit Card,Weekly
2527,47.0,Male,Lehenga,Clothing,1922,LUCKNOW,S,Peach,Spring,3.4,No,Express,No,No,30,Cash,Bi-Weekly
2528,19.0,Male,Trousers,Clothing,2709,Mumbai,M,Gold,Fall,3.6,No,Express,No,No,33,Net Banking,Every 3 Months
2529,52.0,Male,Backpack,Accessories,3370,Indore  ,S,Peach,Fall,4.7,No,2-Day Shipping,No,No,31, Paytm ,Monthly
2530,34.0,Male,Shawl,Accessories,4477,Indore,M,Magenta,Spring,4.7,No,Next Day Air,No,No,48,Google Pay,Monthly
2531,25.0,F,Shirt,Clothing,7175,AGRA,S,Cyan,Spring,3.6,No,Free Shipping,No,No,28,Cash,Weekly
2532,43.0,Male,Sandals,Footwear,2165,Pune,M,Violet,Summer,4.6,No,Free Shipping,No,No,7,GOOGLE PAY,Every 3 Months
2533,55.0,Male,Kurti,Clothing,6424,bhopal,S,Charcoal,Summer,2.6,No,Next Day Air,No,No,4,GPay,Weekly
2534,66.0,M,Shawl,Accessories,3253,surat,S,Blue,Summer,3.1,No,Standard,No,No,49,Paytm,Bi-Weekly
2535,41.0,Other,Belt,Accessories,3260,Ahmedabad,XL,Red,Fall,3.2,No,Free Shipping,No,No,22,Paytm,Weekly
2536,47.0,Male,Coat,Outerwear,6121,Kolkata,S,Purple,Winter,3.9,No,Express,No,No,39,DEBIT CARD,Fortnightly
2537,51.0,Male,Scarf,Accessories,2791,Lucknow,L,Gray,Spring,4.9,No,Express,No,No,45,credit card,Every 3 Months
2538,44.0,Male,Coat,Outerwear,3609, Bengaluru ,M,Purple,Summer,4.1,No,2-Day Shipping,No,No,30, Credit Card ,Fortnightly
2539,18.0,Male,Sunglasses,Accessories,2254, Agra ,M,Silver,Summer,4.2,No,Next Day Air,No,No,33,,Bi-Weekly
2540,33.0,Male,Sandals,Footwear,5305, Nagpur ,M,Purple,Fall,4.1,No,Next Day Air,No,No,24,Net Banking,Bi-Weekly
2541,24.0,M,Watch,Accessories,3023,Pune,M,Charcoal,Summer,3.9,No,Free Shipping,No,No,11,Paytm,Quarterly
2542,33.0,Other,Watch,Accessories,4168,varanasi,M,Silver,Spring,2.7,No,Next Day Air,No,No,13,Cash,Every 3 Months
2543,61.0,M,Sunglasses,Accessories,1605,hyderabad,M,White,Winter,3.7,No,Express,No,No,27, Net Banking ,Annually
2544,27.0,F,Sunglasses,Accessories,4336, Kochi ,L,Peach,Spring,2.7,No,Next Day Air,No,No,30,Cash,Bi-Weekly
2545,46.0,female,,Clothing,5205,Varanasi,M,Red,Spring,2.5,No,Next Day Air,No,No,39,net banking,Quarterly
2546,38.0,Female,Slippers,Footwear,3696,surat,L,Olive,Spring,3.9,No,Free Shipping,No,No,10,credit card,Annually
2547,63.0,Male,Sandals,Footwear,1461,Ahmedabad,L,Gray,Summer,3.0,No,Express,No,No,4,Credit Card,Quarterly
2548,47.0,Male,Jacket,Outerwear,7094,surat,M,Beige,Summer,3.2,No,2-Day Shipping,No,No,16,google pay,Weekly
2549,42.0,Female,Belt,Accessories,4793,,L,Pink,Winter,3.8,No,Standard,No,No,34,GPay,Monthly
2550,41.0,Male,Jacket,Outerwear,4632,KOCHI,M,Red,Fall,2.7,No,Standard,No,No,11,Cash,Every 3 Months
2551,53.0,Female,Loafers,Footwear,3742,Jaipur,XL,Peach,Fall,3.0,No,Store Pickup,No,No,30,CASH,Fortnightly
2552,29.0,Male,Shoes,Footwear,2594,Ahmedabad,M,Maroon,Winter,4.1,No,Next Day Air,No,No,40,Google Pay,Annually
2553,61.0,Male,Belt,Accessories,3798,nagpur,XL,Purple,Spring,3.2,No,2-Day Shipping,No,No,13, PhonePe ,Annually
2554,69.0,Other,Wallet,Accessories,1980,Mumbai,M,Maroon,Summer,4.5,No,Store Pickup,No,No,28,net banking,Every 3 Months
2555,51.0,Male,Watch,Accessories,4927,Bengaluru  ,M,Gray,Summer,4.3,No,Store Pickup,No,No,49,Credit Card,Bi-Weekly
2556,24.0,Male,Jacket,Clothing,5609,Ahmedabad,M,Gray,Fall,3.5,No,Standard,No,No,23,Google Pay,Weekly
2557,24.0,Male,Saree,Clothing,6421,Bhopal,XL,Magenta,Fall,3.1,No,Standard,No,No,4,Google Pay,Quarterly
2558,70.0,Male,Ethnic Top,Clothing,1899, Delhi ,L,Cyan,Spring,3.9,No,Standard,No,No,17,Paytm,Fortnightly
2559,49.0,Male,Kurta,Clothing,2300,lucknow,M,Silver,Fall,2.7,No,Express,No,No,24,Cash,Fortnightly
2560,48.0,Female,Scarf,Accessories,5163, Varanasi ,S,Green,Winter,4.0,No,Free Shipping,No,No,21,Debit Card,Every 3 Months
2561,58.0,F,Mojaris,Footwear,4739,BENGALURU,M,Violet,Spring,2.7,No,Next Day Air,No,No,17,GOOGLE PAY,Bi-Weekly
2562,32.0,Female,Jacket,Clothing,1652,KOLKATA,L,Magenta,Spring,2.7,No,Free Shipping,No,No,22,Paytm,Quarterly
2563,57.0,M,T-Shirt,Clothing,4749,PUNE,XL,Yellow,Spring,4.7,No,Standard,No,No,27,UPI,Fortnightly
2564,69.0,Female,Backpack,Accessories,6044, Varanasi ,XL,Gray,Winter,4.5,No,Standard,No,No,1,Google Pay,Every 3 Months
2565,42.0,female,Belt,Accessories,6845,Vadodara,L,Indigo,Winter,3.0,No,2-Day Shipping,No,No,27,Debit Card,Weekly
2566,30.0,Male,Saree,Clothing,3377,CHANDIGARH,S,Indigo,Fall,3.6,No,Store Pickup,No,No,8,paytm,Quarterly
2567,35.0,F,Cap,Accessories,3045,AGRA,S,Yellow,Fall,3.3,No,Standard,No,No,43,Debit Card,Quarterly
2568,19.0,Female,Scarf,Accessories,1804,Chennai,XL,Gold,Spring,4.3,No,Store Pickup,No,No,24,Google Pay,Fortnightly
2569,52.0,Other,Jeans,Clothing,7305,agra,XL,Green,Winter,4.3,No,Express,No,No,29,UPI,Fortnightly
2570,42.0,M,Ethnic Top,Clothing,5498,CHANDIGARH,M,Charcoal,Spring,4.8,No,Free Shipping,No,No,10,Google Pay,Bi-Weekly
2571,36.0,Male,Slippers,Footwear,2166,bhopal,XL,Olive,Spring,4.0,No,Store Pickup,No,No,12,Paytm,Fortnightly
2572,45.0,female,Belt,Accessories,1914,Lucknow,L,Black,Winter,3.5,No,Standard,No,No,48,UPI,Fortnightly
2573,54.0,male,Ethnic Top,Clothing,3016,Ahmedabad,M,Silver,Fall,3.9,No,Next Day Air,No,No,40,UPI,Quarterly
2574,54.0,Other,Jeans,Clothing,6785, Jaipur ,M,Red,Summer,4.4,No,Store Pickup,No,No,1,UPI,Annually
2575,27.0,Female,Scarf,Accessories,4724,Hyderabad,M,Brown,Summer,4.6,No,2-Day Shipping,No,No,26,PhonePe,Fortnightly
2576,53.0,Female,Trousers,Clothing,7331,Chennai  ,M,Silver,Fall,4.0,No,Express,No,No,9,Paytm,Annually
2577,20.0,M,Ethnic Top,Clothing,3026,Ahmedabad,M,Silver,Winter,4.2,No,Free Shipping,No,No,19,PhonePe,Quarterly
2578,52.0,female,Kurti,Clothing,3072,Jaipur,L,Black,Fall,4.5,No,Next Day Air,No,No,37, Debit Card ,Monthly
2579,54.0,Male,Cap,Accessories,3632,Surat,M,Purple,Fall,3.9,No,Free Shipping,No,No,3,UPI,Quarterly
2580,65.0,Female,Shirt,Clothing,1565,surat,M,Purple,Summer,3.7,No,Express,No,No,40,PhonePe,Weekly
2581,43.0,Female,Shirt,Clothing,2060,INDORE,S,Turquoise,Summer,3.6,No,Store Pickup,No,No,13,Google Pay,Quarterly
2582,57.0,Male,Saree,Clothing,5976,Kochi  ,M,Gold,Winter,4.7,No,Express,No,No,48,PhonePe,Monthly
2583,19.0,Female,Lehenga,Clothing,7363,Ahmedabad,S,Indigo,Fall,3.6,No,2-Day Shipping,No,No,4,CREDIT CARD,Every 3 Months
2584,69.0,Male,Shirt,Clothing,6882,Vadodara,M,Lavender,Fall,2.5,No,Next Day Air,No,No,9,debit card,Weekly
2585,26.0,Male,Kurta,Clothing,2214,Lucknow,L,Blue,Summer,2.9,No,Store Pickup,No,No,26, UPI ,Bi-Weekly
2586,57.0,Male,Belt,Accessories,2665,Varanasi,L,Maroon,Fall,,No,Free Shipping,No,No,19,UPI,Weekly
2587,20.0,Male,Coat,Outerwear,2091,kolkata,L,Yellow,Winter,4.6,No,Express,No,No,1,,Every 3 Months
2588,55.0,Male,Shawl,Accessories,2309,Bhopal,M,Purple,Winter,3.7,No,Express,No,No,29,Net Banking,Every 3 Months
2589,44.0,Male,Belt,Accessories,3560,Mumbai,M,Peach,Summer,3.2,No,Free Shipping,No,No,38, Debit Card ,Bi-Weekly
2590,52.0,Female,Jeans,Clothing,3996,Pune,M,Silver,Winter,4.9,No,2-Day Shipping,No,No,31,Debit Card,Annually
2591,57.0,Female,Scarf,Accessories,5112,Indore,M,Turquoise,Summer,5.0,No,Free Shipping,No,No,35,PAYTM,Annually
2592,40.0,Female,Jacket,Outerwear,4475,Bengaluru,S,Olive,Spring,3.3,No,Express,No,No,40,google pay,Quarterly
2593,23.0,male,Shirt,Clothing,1750,patna,XL,Peach,Summer,4.4,No,Store Pickup,No,No,13,Cash,Quarterly
2594,36.0,,Ethnic Top,Clothing,2863,Bengaluru,S,Indigo,Fall,4.7,No,Store Pickup,No,No,9,DEBIT CARD,Every 3 Months
2595,59.0,Female,Ethnic Top,Clothing,5934,VADODARA,L,Indigo,Fall,3.6,No,Free Shipping,No,No,25,Cash,Every 3 Months
2596,29.0,Male,Shirt,Clothing,4249,Chandigarh,XL,Maroon,Summer,3.2,No,Free Shipping,No,No,3,debit card,Bi-Weekly
2597,63.0,Female,Trousers,Clothing,5697,Ahmedabad,L,Black,Spring,3.0,No,Next Day Air,No,No,35,Cash,Monthly
2598,60.0,male,Scarf,Accessories,1791, Kolkata ,XL,Teal,Summer,4.4,No,Store Pickup,No,No,13,Paytm,Bi-Weekly
2599,64.0,F,Belt,Accessories,6476,Delhi,XL,Olive,Fall,3.3,No,Express,No,No,31,Debit Card,Annually
2600,63.0,Male,Handbag,Accessories,7586, Delhi ,M,Gold,Winter,3.4,No,Express,No,No,48,phonepe,Monthly
2601,21.0,Male,Sunglasses,Accessories,6057, Ahmedabad ,M,Gray,Fall,3.9,No,Express,No,No,6, Credit Card ,Bi-Weekly
2602,61.0,Female,Jeans,Clothing,2318, Chennai ,L,Orange,Winter,2.9,No,Store Pickup,No,No,43,Credit Card,Monthly
2603,65.0,M,Coat,Outerwear,3264,Indore,M,Black,Fall,2.9,No,Free Shipping,No,No,1,CREDIT CARD,Quarterly
2604,69.0,Male,Jeans,Clothing,4517,Chandigarh,M,Teal,Spring,2.7,No,2-Day Shipping,No,No,8,Debit Card,Annually
2605,,Female,Jeans,Clothing,4194,Chennai,M,Beige,Spring,3.4,No,Store Pickup,No,No,6,Cash,Weekly
2606,41.0,Female,Kurta,Clothing,7066,hyderabad,M,White,Spring,3.7,No,2-Day Shipping,No,No,32,Credit Card,Fortnightly
2607,68.0,Female,Slippers,Footwear,7486,Kolkata,L,Turquoise,Spring,4.7,No,Standard,No,No,46,google pay,Bi-Weekly
2608,41.0,Male,Sandals,Footwear,2843,Kochi,XL,Teal,Spring,3.1,No,Express,No,No,38,PHONEPE,Every 3 Months
2609,42.0,Male,Jacket,Outerwear,5285,agra,L,Orange,Fall,4.2,No,2-Day Shipping,No,No,48, Credit Card ,Fortnightly
2610,66.0,Female,Watch,Accessories,7211,JAIPUR,M,Black,Summer,3.0,No,Store Pickup,No,No,18,UPI,Bi-Weekly
2611,66.0,M,Trousers,Clothing,7138,bhopal,M,Violet,Spring,3.1,No,Express,No,No,25,Debit Card,Quarterly
2612,33.0,Male,Jacket,Outerwear,7449,Chandigarh,L,Maroon,Fall,4.2,No,2-Day Shipping,No,No,4,PhonePe,Fortnightly
2613,55.0,Male,Handbag,Accessories,1735,Kochi,M,Turquoise,Winter,3.8,No,Next Day Air,No,No,27,Google Pay,Quarterly
2614,58.0,Male,Handbag,Accessories,6603,Indore,M,Gold,Fall,2.9,No,Express,No,No,14,credit card,Monthly
2615,18.0,Male,Jacket,Outerwear,4846,delhi,M,Turquoise,Spring,4.2,No,Express,No,No,36,Google Pay,Fortnightly
2616,49.0,Male,Jeans,Clothing,4461,Patna,M,Maroon,Fall,3.1,No,2-Day Shipping,No,No,6,debit card,Quarterly
2617,,Male,Slippers,Footwear,4231,PATNA,XL,Purple,Spring,3.6,No,Express,No,No,46, Credit Card ,Annually
2618,31.0,Male,Kurta,Clothing,7195, Mumbai ,S,Maroon,Spring,4.8,No,Standard,No,No,29,UPI,Annually
2619,70.0,Male,Watch,Accessories,5818,Hyderabad,L,Brown,Fall,4.1,No,Express,No,No,12,PHONEPE,Monthly
2620,68.0,Male,T-Shirt,Clothing,2951,KOLKATA,L,Indigo,Winter,3.9,No,Free Shipping,No,No,47,Cash,Weekly
2621,27.0,Other,Shirt,Clothing,1676,Chennai,S,Lavender,Winter,3.0,No,Standard,No,No,28,UPI,Annually
2622,48.0,Female,Sneakers,Footwear,3437,bengaluru,M,Beige,Winter,3.0,No,Express,No,No,21,CREDIT CARD,Annually
2623,63.0,Male,Sunglasses,Accessories,5819,Delhi,M,Yellow,Spring,4.9,No,2-Day Shipping,No,No,15,Paytm,Annually
2624,49.0,Other,Slippers,Footwear,5512, Hyderabad ,M,Gold,Fall,4.8,No,Next Day Air,No,No,38,Net Banking,Annually
2625,19.0,M,Trousers,Clothing,4315,Varanasi,M,Indigo,Summer,3.3,No,Standard,No,No,19,phonepe,Annually
2626,30.0,Male,Trousers,Clothing,3824,MUMBAI,L,Cyan,Summer,2.7,No,Standard,No,No,31,google pay,Weekly
2627,50.0,Male,Jacket,Outerwear,3323,CHENNAI,XL,Silver,Fall,4.2,No,Express,No,No,30,Credit Card,Every 3 Months
2628,66.0,Male,Trousers,Clothing,2005,Bengaluru,L,Silver,Fall,3.6,No,Next Day Air,No,No,40,UPI,Quarterly
2629,25.0,Other,Jacket,Clothing,3900,jaipur,M,Silver,Summer,3.8,No,Next Day Air,No,No,42,Debit Card,Bi-Weekly
2630,61.0,F,Cap,Accessories,3427,Varanasi,M,Peach,Winter,,No,Free Shipping,No,No,25,Cash,Annually
2631,29.0,Male,Trousers,Clothing,6278,Kolkata,S,Pink,Spring,4.2,No,Free Shipping,No,No,20,Paytm,Quarterly
2632,53.0,M,Saree,Clothing,3170,vadodara,S,Violet,Summer,2.7,No,Express,No,No,3,Cash,Weekly
2633,24.0,Other,Wallet,Accessories,1902,kolkata,M,Black,Fall,5.0,No,Next Day Air,No,No,14,Debit Card,Annually
2634,,M,Watch,Accessories,6833,Agra,M,Purple,Fall,4.7,No,Next Day Air,No,No,32,,Fortnightly
2635,26.0,female,Sandals,Footwear,4279,Bhopal,S,Black,Summer,3.2,No,Store Pickup,No,No,20,Net Banking,Every 3 Months
2636,59.0,M,Saree,Clothing,6176,Chandigarh,XL,Peach,Spring,2.9,No,2-Day Shipping,No,No,34,Google Pay,Fortnightly
2637,41.0,Female,Jacket,Outerwear,2842,Mumbai  ,S,Magenta,Winter,4.2,No,Store Pickup,No,No,6,upi,Annually
2638,20.0,Other,Trousers,Clothing,1532,Surat,M,Magenta,Spring,3.7,No,Store Pickup,No,No,2,Phone Pay,Annually
401,39.0,Male,Slippers,Footwear,4810,VARANASI,M,Green,Winter,4.8,Yes,Free Shipping,Yes,Yes,14,credit card,Fortnightly
2640,18.0,Male,Ethnic Top,Clothing,2637,Bhopal,XL,Pink,Winter,2.6,No,Free Shipping,No,No,33,Credit Card,Quarterly
2641,30.0,Male,Ethnic Top,Clothing,5535,Jaipur,L,Olive,Summer,4.0,No,Store Pickup,No,No,45, Credit Card ,Bi-Weekly
2642,25.0,Male,Backpack,Accessories,4590,mumbai,XL,Olive,Winter,2.7,No,Next Day Air,No,No,20,Credit Card,Every 3 Months
2643,39.0,Female,Cap,Accessories,6347,bengaluru,L,Peach,Summer,4.0,No,Store Pickup,No,No,48,Credit Card,Annually
2644,49.0,Male,Shawl,Accessories,3176,BHOPAL,S,Silver,Spring,2.9,No,Next Day Air,No,No,37,UPI,Monthly
2645,25.0,Male,Shirt,Clothing,6278,indore,M,Turquoise,Spring,3.3,No,Standard,No,No,4,PhonePe,Every 3 Months
2646,23.0,Male,Shawl,Accessories,5889,Delhi,L,Olive,Spring,4.0,No,Store Pickup,No,No,24,Google Pay,Bi-Weekly
2647,33.0,Male,Jacket,Clothing,4129, Bengaluru ,S,Lavender,Summer,3.9,No,Next Day Air,No,No,4, Paytm ,Every 3 Months
2648,60.0,Male,Loafers,Footwear,4210,VARANASI,M,Red,Summer,3.3,No,2-Day Shipping,No,No,25,Cash,Annually
2649,51.0,Other,Lehenga,Clothing,6214, Mumbai ,M,Gray,Spring,3.9,No,Next Day Air,No,No,14,Net Banking,Bi-Weekly
2650,23.0,Male,Scarf,Accessories,1694,Jaipur,M,Magenta,Fall,3.9,No,Store Pickup,No,No,14, Credit Card ,Fortnightly
2651,20.0,Male,Kurta,Clothing,2732,Agra,L,Maroon,Summer,4.2,No,Standard,No,No,46,DEBIT CARD,Every 3 Months
2652,51.0,Female,Mojaris,Footwear,3349, Surat ,M,Cyan,Summer,4.6,No,Store Pickup,No,No,27, Credit Card ,Quarterly
2653,23.0,F,Shirt,Clothing,1366,vadodara,L,Cyan,Summer,3.3,No,2-Day Shipping,No,No,46,PhonePe,Monthly
2654,67.0,Female,Kurta,Clothing,2748,Chandigarh,L,Lavender,Fall,4.8,No,Express,No,No,24,PhonePe,Every 3 Months
2655,23.0,Male,Coat,Outerwear,5224,Indore,S,Pink,Fall,4.1,No,Next Day Air,No,No,4,Net Banking,Annually
2656,26.0,female,Scarf,Accessories,6363,nagpur,M,Gray,Summer,3.4,No,Standard,No,No,2,UPI,Fortnightly
2657,52.0,Male,Lehenga,Clothing,5501,CHENNAI,L,Yellow,Winter,3.6,No,Express,No,No,29, UPI ,Fortnightly
2658,52.0,Male,Shirt,Clothing,6046,BHOPAL,M,Pink,Summer,2.7,No,Express,No,No,7,Debit Card,Fortnightly
2659,52.0,Male,Wallet,Accessories,3658,CHANDIGARH,XL,Indigo,Summer,3.2,No,Next Day Air,No,No,39, Debit Card ,Monthly
2660,35.0,Male,Sneakers,Footwear,2708,Surat,L,Gray,Summer,4.4,No,2-Day Shipping,No,No,46,upi,Fortnightly
2661,24.0,Male,Trousers,Clothing,6228,Bengaluru,L,Yellow,Spring,4.9,No,Express,No,No,44,Paytm,Annually
2662,43.0,Female,Loafers,Footwear,7066,Delhi  ,XL,Olive,Fall,4.8,No,Express,No,No,20,debit card,Annually
2663,25.0,Male,Trousers,Clothing,7251,Varanasi,M,Cyan,Summer,2.8,No,2-Day Shipping,No,No,44,UPI,Fortnightly
2664,46.0,Male,Sandals,Footwear,3819, Indore ,L,Silver,Fall,2.9,No,Free Shipping,No,No,23,Credit Card,Annually
2665,22.0,Male,Handbag,Accessories,6290,Mumbai,L,Silver,Winter,3.2,No,Store Pickup,No,No,37,UPI,Weekly
2666,70.0,Male,Kurti,Clothing,5428,Mumbai,L,Red,Winter,3.5,No,Store Pickup,No,No,4,cash,Weekly
2667,49.0,Female,Loafers,Footwear,6971,bengaluru,S,Brown,Winter,4.1,No,Store Pickup,No,No,14,Paytm,Fortnightly
2668,48.0,M,Boots,Footwear,3546, Ahmedabad ,M,Orange,Summer,4.1,No,Free Shipping,No,No,31,UPI,Fortnightly
2669,59.0,F,Coat,Outerwear,5445,Surat,M,Black,Summer,4.8,No,Next Day Air,No,No,9,UPI,Quarterly
2670,39.0,Male,Scarf,Accessories,2057,PUNE,L,Teal,Spring,2.8,No,Free Shipping,No,No,31,Credit Card,Weekly
2671,30.0,Female,Cap,Accessories,3447, Kolkata ,M,Yellow,Fall,4.7,No,Express,No,No,26,Debit Card,Bi-Weekly
2672,37.0,Female,Slippers,Footwear,4758,,XL,Gray,Winter,4.8,No,2-Day Shipping,No,No,41,Credit Card,Every 3 Months
2673,56.0,female,Boots,Footwear,2276,Varanasi,M,Maroon,Spring,2.9,No,Standard,No,No,13,Cash,Annually
2674,67.0,Female,T-Shirt,Clothing,1746,Delhi  ,M,Olive,Summer,2.6,No,2-Day Shipping,No,No,4,Cash,Monthly
2675,40.0,Female,Shawl,Accessories,3109,Ahmedabad,S,Charcoal,Fall,3.3,No,Express,No,No,15,Net Banking,Every 3 Months
2676,24.0,Male,Lehenga,Clothing,2799, Bengaluru ,M,Peach,Winter,3.4,No,Free Shipping,No,No,38,Credit Card,Bi-Weekly
2677,43.0,Other,Backpack,Accessories,5831,Hyderabad,M,Maroon,Spring,3.6,No,Free Shipping,No,No,3,UPI,Fortnightly
2678,45.0,Female,Shirt,Clothing,3189,Surat,L,Olive,Spring,3.8,No,Next Day Air,No,No,6,credit card,Every 3 Months
2679,33.0,F,Handbag,Accessories,6701,Kolkata,M,Magenta,Spring,3.4,No,2-Day Shipping,No,No,34,PhonePe,Bi-Weekly
2680,53.0,M,Saree,Clothing,4984, Surat ,S,Yellow,Spring,3.8,No,Express,No,No,7, Google Pay ,Quarterly
2681,44.0,Male,Kurta,Clothing,2620,Bengaluru,L,Indigo,Fall,3.3,No,Next Day Air,No,No,21,GPay,Annually
2682,23.0,female,Shoes,Footwear,1917,Kochi,L,Olive,Summer,4.8,No,Standard,No,No,17,credit card,Monthly
2683,59.0,male,Loafers,Footwear,4721, Varanasi ,L,Maroon,Winter,3.9,No,2-Day Shipping,No,No,5,Debit Card,Every 3 Months
2684,68.0,Male,Scarf,Accessories,2262,KOCHI,M,Indigo,Summer,4.2,No,Next Day Air,No,No,21,Paytm,Fortnightly
2685,46.0,,Shirt,Clothing,3233,HYDERABAD,M,Gray,Summer,4.7,No,Free Shipping,No,No,42,Cash,Bi-Weekly
2686,56.0,Female,Mojaris,Footwear,1728,BHOPAL,M,Gray,Winter,2.7,No,Express,No,No,49,credit card,Quarterly
2687,40.0,F,Jeans,Clothing,5541,Nagpur,M,Black,Winter,3.8,No,2-Day Shipping,No,No,33,Debit Card,Fortnightly
3588,33.0,Male,Kurti,Clothing,6659,Pune,S,Violet,Summer,4.4,No,Standard,No,No,33,Debit Card,Annually
2689,53.0,Male,Backpack,Accessories,4716,jaipur,XL,Turquoise,Spring,2.9,No,2-Day Shipping,No,No,18,UPI,Every 3 Months
2690,29.0,M,Saree,Clothing,2430,Bengaluru,M,Orange,Fall,3.9,No,Standard,No,No,47,Cash,Quarterly
2691,44.0,Male,Handbag,Accessories,2508, Patna ,L,Yellow,Summer,4.7,No,Free Shipping,No,No,18,Cash,Weekly
2692,43.0,Female,Shirt,Clothing,1818,Surat  ,L,Blue,Winter,3.3,No,2-Day Shipping,No,No,48,debit card,Monthly
2693,40.0,M,Loafers,Footwear,6895,vadodara,XL,Violet,Spring,4.2,No,Free Shipping,No,No,18,Cash,Every 3 Months
2694,55.0,Male,Loafers,Footwear,5310,Agra,L,Lavender,Summer,2.6,No,Standard,No,No,46,Paytm,Quarterly
2695,66.0,Other,Backpack,Accessories,1897,Delhi,M,Olive,Spring,4.9,No,Express,No,No,34,Credit Card,Every 3 Months
2696,50.0,F,Cap,Accessories,6873,Kolkata,M,Orange,Fall,3.6,No,Standard,No,No,10,PHONEPE,Bi-Weekly
2697,57.0,M,Coat,Outerwear,1531, Mumbai ,M,White,Spring,4.7,No,Free Shipping,No,No,12,Debit Card,Monthly
2698,42.0,Male,Jacket,Outerwear,3969,Kochi,L,Red,Winter,3.2,No,Standard,No,No,36,google pay,Quarterly
2699,55.0,Female,Kurta,Clothing,4436,KOLKATA,M,Magenta,Summer,3.6,No,Store Pickup,No,No,34,Debit Card,Quarterly
2700,25.0,Male,Sneakers,Footwear,7221,KOCHI,M,Violet,Fall,3.6,No,2-Day Shipping,No,No,49,net banking,Annually
2701,22.0,Female,Jacket,Clothing,4951,HYDERABAD,XL,Olive,Winter,3.2,No,Standard,No,No,36,PhonePe,Weekly
2702,49.0,Male,Kurti,Clothing,2165,Ahmedabad,L,Silver,Summer,2.8,No,Store Pickup,No,No,18,cash,Fortnightly
2703,70.0,Female,Slippers,Footwear,2600,Bengaluru  ,L,Gray,Fall,4.0,No,Next Day Air,No,No,39,Net Banking,Fortnightly
2704,56.0,Female,Cap,Accessories,3002,Agra  ,XL,Olive,Winter,4.4,No,Free Shipping,No,No,34,PhonePe,Weekly
2705,52.0,Female,Trousers,Clothing,4214,KOCHI,L,Beige,Spring,3.4,No,Next Day Air,No,No,35,Cash,Weekly
2706,65.0,F,Jacket,Outerwear,5903, Varanasi ,S,Turquoise,Spring,5.0,No,Store Pickup,No,No,1,PhonePe,Bi-Weekly
2707,24.0,Female,Sneakers,Footwear,2818,Nagpur,S,Blue,Spring,3.1,No,Express,No,No,48, Paytm ,Quarterly
2708,32.0,Female,Wallet,Accessories,6702, Ahmedabad ,M,Pink,Fall,4.2,No,Standard,No,No,19,PAYTM,Weekly
2709,57.0,Male,Lehenga,Clothing,7241,,M,Teal,Summer,3.3,No,Store Pickup,No,No,44,debit card,Weekly
2710,35.0,Male,Jeans,Clothing,4128,kolkata,S,Cyan,Winter,2.9,No,Standard,No,No,9,Net Banking,Bi-Weekly
2711,69.0,Female,Jacket,Outerwear,3741,Indore,L,Purple,Summer,4.7,No,Standard,No,No,3,Paytm,Fortnightly
2712,30.0,Female,Scarf,Accessories,1555,Agra,L,Red,Spring,4.0,No,Standard,No,No,50,Google Pay,Monthly
2713,37.0,Male,Jacket,Outerwear,7233,kochi,L,Brown,Fall,4.6,No,Standard,No,No,7,net banking,Quarterly
2714,19.0,Male,Coat,Outerwear,4301,agra,M,Magenta,Fall,3.8,No,2-Day Shipping,No,No,20,Cash,Annually
2715,53.0,F,Trousers,Clothing,3526,Bengaluru,S,Olive,Winter,3.6,No,Store Pickup,No,No,16,UPI,Bi-Weekly
2716,25.0,Male,Sneakers,Footwear,6885,Lucknow,XL,Pink,Winter,4.1,No,Express,No,No,29,Debit Card,Fortnightly
2717,47.0,Male,Boots,Footwear,3060, Agra ,L,Black,Spring,2.7,No,Store Pickup,No,No,21,Credit Card,Weekly
2718,18.0,Female,Sunglasses,Accessories,4465,jaipur,XL,Beige,Winter,4.3,No,Free Shipping,No,No,19,,Every 3 Months
2719,22.0,Female,Saree,Clothing,6822,Varanasi,M,Peach,Winter,4.9,No,Next Day Air,No,No,10,Debit Card,Bi-Weekly
2720,69.0,Male,Kurta,Clothing,6109,Patna,S,Peach,Fall,4.2,No,Free Shipping,No,No,4,UPI,Monthly
2721,55.0,M,Wallet,Accessories,4057, Pune ,M,Peach,Spring,2.8,No,Store Pickup,No,No,45,Credit Card,Quarterly
2722,,Male,Slippers,Footwear,5299,Kochi  ,S,Teal,Spring,4.9,No,Free Shipping,No,No,17,Debit Card,Fortnightly
2723,23.0,Male,Wallet,Accessories,6248,jaipur,M,Green,Spring,2.8,No,2-Day Shipping,No,No,22,DEBIT CARD,Fortnightly
2724,54.0,Female,Slippers,Footwear,3730,Agra,XL,Brown,Summer,2.9,No,Store Pickup,No,No,3,PHONEPE,Every 3 Months
2725,52.0,Male,Mojaris,Footwear,6804, Surat ,M,Brown,Spring,2.5,No,Next Day Air,No,No,11,google pay,Fortnightly
2726,64.0,male,Shawl,Accessories,7244,Varanasi,S,Violet,Summer,2.7,No,Free Shipping,No,No,4,Net Banking,Annually
2727,33.0,Male,Cap,Accessories,6811,Kochi  ,L,Blue,Winter,3.3,No,Free Shipping,No,No,11,CREDIT CARD,Bi-Weekly
2728,40.0,Male,T-Shirt,Clothing,6444,Kolkata  ,L,Charcoal,Winter,3.7,No,2-Day Shipping,No,No,47, Google Pay ,Fortnightly
2729,26.0,Female,Saree,Clothing,2093,Hyderabad,M,Pink,Winter,4.0,No,Express,No,No,17, Cash ,Weekly
2730,31.0,Male,Belt,Accessories,5235,Ahmedabad,S,Violet,Summer,4.1,No,Free Shipping,No,No,32,Debit Card,Monthly
2731,23.0,Female,Backpack,Accessories,2409,Nagpur,M,Teal,Winter,4.1,No,Store Pickup,No,No,37,UPI,Annually
2732,52.0,Female,Scarf,Accessories,2275,Jaipur  ,M,Red,Summer,2.5,No,2-Day Shipping,No,No,44,Debit Card,Quarterly
2733,21.0,Male,T-Shirt,Clothing,5482,,L,Orange,Winter,4.2,No,Store Pickup,No,No,27,CREDIT CARD,Every 3 Months
2734,31.0,Female,Watch,Accessories,6117,Varanasi,M,Magenta,Summer,4.7,No,Express,No,No,46,Google Pay,Annually
2735,63.0,Male,Kurta,Clothing,6995,Kochi  ,XL,Yellow,Summer,2.7,No,2-Day Shipping,No,No,13,Phone Pay,Bi-Weekly
2736,46.0,Female,Ethnic Top,Clothing,2185,chandigarh,M,Yellow,Spring,3.0,No,Express,No,No,2,Net Banking,Bi-Weekly
2737,44.0,Male,Trousers,Clothing,1906,Bengaluru  ,M,Pink,Spring,4.8,No,Store Pickup,No,No,45, PhonePe ,Annually
2738,57.0,F,,Accessories,5761,jaipur,S,Indigo,Spring,4.4,No,Free Shipping,No,No,35,debit card,Every 3 Months
2739,50.0,Male,Boots,Footwear,6238,Kochi,M,Charcoal,Summer,4.3,No,2-Day Shipping,No,No,39,UPI,Every 3 Months
2740,33.0,F,T-Shirt,Clothing,5902, Jaipur ,XL,Blue,Winter,2.5,No,Store Pickup,No,No,39,CASH,Every 3 Months
2741,19.0,Other,Sunglasses,Accessories,5099,Hyderabad,M,Lavender,Summer,,No,Free Shipping,No,No,34,net banking,Fortnightly
2742,68.0,Female,Kurti,Clothing,6248,Hyderabad  ,L,Yellow,Fall,4.9,No,2-Day Shipping,No,No,41,Paytm,Monthly
2743,27.0,Male,Sneakers,Footwear,6359,Ahmedabad,M,Black,Spring,3.9,No,Free Shipping,No,No,47,Credit Card,Annually
2744,61.0,Female,Scarf,Accessories,6937,Mumbai  ,S,Beige,Fall,4.1,No,2-Day Shipping,No,No,17,Debit Card,Quarterly
2745,38.0,M,Ethnic Top,Clothing,4769,,M,Silver,Winter,3.3,No,Store Pickup,No,No,40,PhonePe,Monthly
2746,28.0,Male,Slippers,Footwear,7163, Kochi ,M,Magenta,Summer,4.1,No,Standard,No,No,44,PhonePe,Bi-Weekly
2747,39.0,Female,Trousers,Clothing,1807,JAIPUR,M,Orange,Fall,3.7,No,Standard,No,No,21,UPI,Every 3 Months
2748,18.0,Female,Kurta,Clothing,4745,Indore,M,Teal,Winter,3.1,No,Free Shipping,No,No,21,PhonePe,Every 3 Months
2749,24.0,Male,Jacket,Outerwear,7183, Nagpur ,L,Turquoise,Spring,3.0,No,Free Shipping,No,No,16,Credit Card,Annually
2750,64.0,Female,Jacket,Outerwear,4154,Indore,M,Cyan,Spring,3.4,No,Standard,No,No,15,UPI,Annually
2751,51.0,female,Sandals,Footwear,4957,bhopal,L,Pink,Spring,2.7,No,2-Day Shipping,No,No,26, Google Pay ,Every 3 Months
2752,27.0,Female,Shirt,Clothing,4000,bengaluru,S,Indigo,Fall,3.1,No,Free Shipping,No,No,50,UPI,Monthly
2753,48.0,Male,Jeans,Clothing,4798, Chandigarh ,S,Peach,Winter,4.0,No,Free Shipping,No,No,30,Cash,Bi-Weekly
2754,69.0,Male,Wallet,Accessories,4304,Kochi,M,Beige,Spring,3.6,No,Next Day Air,No,No,48,Credit Card,Quarterly
2755,59.0,F,Cap,Accessories,4445,Vadodara,L,Gold,Summer,3.6,No,Free Shipping,No,No,21,Cash,Bi-Weekly
2756,59.0,Male,Sunglasses,Accessories,7229, Chennai ,M,Indigo,Winter,3.3,No,Store Pickup,No,No,18,CREDIT CARD,Annually
2757,42.0,Male,Scarf,Accessories,1602,Indore  ,L,Violet,Winter,4.1,No,Free Shipping,No,No,41, Google Pay ,Monthly
2758,39.0,M,Backpack,Accessories,7227,VARANASI,XL,Brown,Fall,4.3,No,Next Day Air,No,No,11,DEBIT CARD,Monthly
2759,32.0,Male,T-Shirt,Clothing,7321,Chennai,M,Purple,Summer,3.2,No,Standard,No,No,8,UPI,Bi-Weekly
2760,,Female,Loafers,Footwear,4513,Bengaluru,M,Turquoise,Summer,3.9,No,Free Shipping,No,No,42,Credit Card,Every 3 Months
2761,41.0,Female,Kurta,Clothing,5982,bhopal,S,Violet,Fall,5.0,No,Next Day Air,No,No,41,Credit Card,Bi-Weekly
2762,31.0,Female,Sandals,Footwear,6249,Delhi,M,Purple,Fall,3.4,No,Next Day Air,No,No,3,Google Pay,Every 3 Months
2763,58.0,M,Kurta,Clothing,3150,JAIPUR,M,Charcoal,Fall,3.8,No,Store Pickup,No,No,10,Paytm,Every 3 Months
2764,28.0,Male,Belt,Accessories,4066,Jaipur,M,Green,Fall,2.9,No,2-Day Shipping,No,No,35,UPI,Quarterly
2765,63.0,,Saree,Clothing,2881,hyderabad,XL,White,Spring,2.6,No,Next Day Air,No,No,2,Net Banking,Weekly
2766,64.0,Male,Handbag,Accessories,5209,,M,Purple,Summer,4.3,No,2-Day Shipping,No,No,24,Credit Card,Quarterly
2767,66.0,Female,Trousers,Clothing,6864,nagpur,M,Cyan,Winter,2.8,No,Standard,No,No,47,PhonePe,Monthly
2768,31.0,,Jacket,Clothing,6948,Mumbai,M,Green,Spring,4.5,No,Free Shipping,No,No,31,Google Pay,Monthly
2769,55.0,Male,Jacket,Clothing,1888,Delhi,M,Beige,Spring,3.8,No,2-Day Shipping,No,No,28,Paytm,Bi-Weekly
2770,32.0,Female,Jacket,Clothing,6544,Ahmedabad,L,Lavender,Fall,3.0,No,Standard,No,No,13,Paytm,Weekly
2771,50.0,Other,Shoes,Footwear,3467,Patna,S,Blue,Fall,3.3,No,Express,No,No,22,Google Pay,Quarterly
2772,58.0,Female,Jacket,Outerwear,3915,Surat,S,Beige,Summer,3.1,No,2-Day Shipping,No,No,12,Paytm,Fortnightly
2773,18.0,Male,Wallet,Accessories,6953,AHMEDABAD,L,Blue,Spring,3.5,No,Store Pickup,No,No,10,Credit Card,Every 3 Months
2774,39.0,Female,Trousers,Clothing,7364, Bhopal ,S,Maroon,Spring,4.6,No,Express,No,No,45, Paytm ,Quarterly
2775,56.0,Male,Boots,Footwear,2853,bhopal,L,Yellow,Fall,4.1,No,Standard,No,No,42,UPI,Quarterly
2776,37.0,Male,Ethnic Top,Clothing,1968,Kochi,L,Red,Fall,3.6,No,Free Shipping,No,No,16,Net Banking,Weekly
2777,46.0,Male,Watch,Accessories,4779, Surat ,L,Green,Fall,2.9,No,Free Shipping,No,No,6,,Annually
2778,52.0,M,Shirt,Clothing,1935,Surat,M,Magenta,Fall,4.8,No,Standard,No,No,28,Net Banking,Every 3 Months
2779,70.0,Male,Scarf,Accessories,4277,Jaipur,L,Yellow,Spring,3.2,No,Standard,No,No,24,Net Banking,Bi-Weekly
2780,61.0,male,Backpack,Accessories,5037,agra,L,Blue,Winter,4.3,No,Express,No,No,14,Credit Card,Fortnightly
2781,33.0,Male,Slippers,Footwear,5094,varanasi,M,Charcoal,Winter,4.1,No,Next Day Air,No,No,29,Google Pay,Fortnightly
2782,65.0,female,Loafers,Footwear,3041,ahmedabad,M,Blue,Spring,4.6,No,Standard,No,No,33,PhonePe,Weekly
2783,41.0,M,Handbag,Accessories,2547, Agra ,S,Cyan,Spring,3.8,No,Free Shipping,No,No,30,Debit Card,Annually
2784,19.0,female,Trousers,Clothing,2865,kolkata,M,Silver,Spring,4.5,No,Next Day Air,No,No,26, Credit Card ,Quarterly
2785,33.0,Male,Shirt,Clothing,5358,VARANASI,M,Black,Winter,3.1,No,Express,No,No,12,PhonePe,Every 3 Months
2786,53.0,Female,Shirt,Clothing,6183,Agra,S,Green,Summer,2.9,No,Next Day Air,No,No,13,Paytm,Monthly
2787,54.0,Female,Cap,Accessories,3956,Hyderabad,M,Violet,Spring,3.8,No,Next Day Air,No,No,41,Debit Card,Every 3 Months
2788,36.0,male,Sandals,Footwear,5908, Pune ,XL,Pink,Spring,4.1,No,Next Day Air,No,No,4,google pay,Fortnightly
2789,56.0,Female,Slippers,Footwear,6726, Hyderabad ,M,Olive,Summer,3.1,No,Free Shipping,No,No,2,Google Pay,Annually
2790,28.0,Male,Ethnic Top,Clothing,6340,BHOPAL,L,Orange,Fall,5.0,No,Express,No,No,28, Net Banking ,Bi-Weekly
2791,34.0,Female,Kurta,Clothing,4842,Patna,M,Black,Spring,4.5,No,Free Shipping,No,No,24,UPI,Annually
2792,43.0,Male,Scarf,Accessories,4573,Bengaluru,M,Yellow,Fall,2.8,No,Express,No,No,14, Paytm ,Fortnightly
2793,54.0,Male,Saree,Clothing,3482,BHOPAL,L,Violet,Winter,3.2,No,Express,No,No,11,Net Banking,Weekly
2794,37.0,Male,Mojaris,Footwear,4439,mumbai,M,Silver,Spring,3.1,No,Standard,No,No,27,upi,Bi-Weekly
2795,33.0,Other,Jacket,Outerwear,1702,Mumbai,M,Gold,Fall,3.3,No,Standard,No,No,7,,Fortnightly
2796,33.0,M,Cap,Accessories,2757,,M,Magenta,Winter,3.4,No,Store Pickup,No,No,49,Paytm,Annually
2797,55.0,Female,Jacket,Outerwear,5647,DELHI,M,Red,Winter,3.8,No,Store Pickup,No,No,21,credit card,Annually
2798,63.0,Male,Watch,Accessories,3053,Ahmedabad,M,Green,Winter,3.5,No,Express,No,No,10,Debit Card,Every 3 Months
2799,52.0,M,Kurta,Clothing,1544, Kolkata ,XL,Red,Winter,4.8,No,Store Pickup,No,No,37,Cash,Weekly
2800,23.0,Male,Jacket,Clothing,6779, Kolkata ,L,Pink,Spring,3.9,No,Free Shipping,No,No,9,UPI,Every 3 Months
2801,70.0,Male,Jacket,Clothing,5668,Vadodara,L,Violet,Fall,3.4,No,Free Shipping,No,No,14,PhonePe,Bi-Weekly
2802,64.0,Male,Trousers,Clothing,4115,Nagpur,M,Indigo,Winter,2.6,No,Express,No,No,30,debit card,Annually
2803,22.0,Female,Coat,Outerwear,7440, Bhopal ,L,Red,Fall,3.1,No,Store Pickup,No,No,42,Credit Card,Fortnightly
2804,46.0,M,Kurta,Clothing,3455,Kolkata,M,Violet,Winter,3.3,No,Free Shipping,No,No,31,Net Banking,Monthly
2805,65.0,Female,Saree,Clothing,5624, Ahmedabad ,M,Cyan,Spring,2.8,No,Standard,No,No,48,Paytm,Every 3 Months
2806,18.0,M,Cap,Accessories,7099,Agra,S,Black,Fall,4.3,No,Standard,No,No,48,Google Pay,Quarterly
2807,45.0,Male,Jeans,Clothing,2918,Lucknow  ,L,Purple,Spring,2.7,No,Standard,No,No,50, Credit Card ,Annually
2808,56.0,F,Kurti,Clothing,7683,Delhi,M,Charcoal,Spring,4.4,No,2-Day Shipping,No,No,10,NET BANKING,Fortnightly
2809,49.0,Male,Lehenga,Clothing,4549,Patna,M,Beige,Spring,3.9,No,Free Shipping,No,No,45,UPI,Every 3 Months
2810,66.0,Male,Kurti,Clothing,7154,NAGPUR,XL,Teal,Summer,3.0,No,Standard,No,No,27,PhonePe,Quarterly
2811,27.0,Female,Kurti,Clothing,2143,Bengaluru,M,Purple,Summer,4.0,No,Standard,No,No,10,net banking,Fortnightly
2812,69.0,M,Jacket,Outerwear,6644,Ahmedabad,M,Blue,Fall,3.7,No,Store Pickup,No,No,19,Debit Card,Quarterly
2813,66.0,male,Kurti,Clothing,6898,Kochi,XL,Magenta,Fall,3.8,No,Store Pickup,No,No,1,Paytm,Every 3 Months
2814,45.0,Other,T-Shirt,Clothing,3803,bengaluru,S,Maroon,Summer,3.3,No,2-Day Shipping,No,No,39,google pay,Quarterly
2815,31.0,Female,T-Shirt,Clothing,2320,Indore,L,Gold,Winter,3.6,No,Standard,No,No,14,debit card,Monthly
2816,33.0,Male,Ethnic Top,Clothing,4856,Patna,L,Black,Fall,3.9,No,Free Shipping,No,No,40, PhonePe ,Every 3 Months
2817,43.0,Male,Trousers,Clothing,2048,varanasi,M,Black,Spring,3.5,No,Free Shipping,No,No,45,,Weekly
2818,25.0,male,Sunglasses,Accessories,4940,Nagpur,XL,Yellow,Winter,3.4,No,Standard,No,No,6,Google Pay,Weekly
2819,46.0,M,Ethnic Top,Clothing,5311,PATNA,M,Turquoise,Fall,4.7,No,Next Day Air,No,No,12,Paytm,Annually
2820,67.0,F,Trousers,Clothing,2001,KOLKATA,L,Lavender,Spring,3.0,No,Free Shipping,No,No,19,Debit Card,Monthly
2821,26.0,Female,Backpack,Accessories,6816,Nagpur  ,L,Yellow,Summer,3.9,No,Free Shipping,No,No,5, Credit Card ,Bi-Weekly
2822,35.0,Female,Shoes,Footwear,5212,Kochi,L,Olive,Summer,4.5,No,Standard,No,No,37,UPI,Monthly
2823,61.0,Male,Kurti,Clothing,2757,Nagpur,S,Brown,Fall,4.1,No,Standard,No,No,33,Paytm,Quarterly
2824,26.0,Male,Trousers,Clothing,4669,AHMEDABAD,M,Olive,Summer,4.5,No,Standard,No,No,47,net banking,Bi-Weekly
2825,39.0,F,Handbag,Accessories,6814,Chandigarh,M,Purple,Fall,4.0,No,Free Shipping,No,No,49,PhonePe,Quarterly
2826,69.0,M,Backpack,Accessories,4537,VARANASI,M,Yellow,Winter,4.3,No,2-Day Shipping,No,No,28,Credit Card,Annually
2827,32.0,Female,Belt,Accessories,3070,DELHI,L,Brown,Fall,3.6,No,Express,No,No,23,debit card,Annually
2828,20.0,Female,Ethnic Top,Clothing,7391,,M,Magenta,Fall,3.1,No,Next Day Air,No,No,11,Google Pay,Bi-Weekly
817,26.0,Male,Ethnic Top,Clothing,1872,kolkata,L,Cyan,Summer,3.9,Yes,Store Pickup,Yes,Yes,24,,Monthly
2830,56.0,M,Handbag,Accessories,4843,Lucknow,XL,Teal,Fall,3.4,No,Next Day Air,No,No,47,Credit Card,Weekly
2831,63.0,M,Jacket,Clothing,6769,Chandigarh,L,Cyan,Spring,2.9,No,Store Pickup,No,No,13,PHONEPE,Every 3 Months
2832,34.0,Other,Lehenga,Clothing,4007,Jaipur,L,Pink,Winter,5.0,No,Express,No,No,4,,Weekly
2833,29.0,F,Scarf,Accessories,2668,JAIPUR,M,Magenta,Summer,4.6,No,Standard,No,No,40,Cash,Quarterly
2834,43.0,female,T-Shirt,Clothing,4250,Chennai  ,M,Teal,Fall,3.3,No,Free Shipping,No,No,19,Net Banking,Monthly
2835,39.0,Male,Jacket,Outerwear,3274,Nagpur  ,M,Indigo,Fall,2.9,No,2-Day Shipping,No,No,17,NET BANKING,Weekly
2836,33.0,F,T-Shirt,Clothing,6381,Jaipur  ,S,Pink,Winter,4.9,No,Free Shipping,No,No,7,Credit Card,Annually
2837,51.0,F,Kurta,Clothing,3781,NAGPUR,M,Charcoal,Winter,5.0,No,2-Day Shipping,No,No,21,Credit Card,Bi-Weekly
2838,65.0,Male,Sneakers,Footwear,6445,Agra,M,Brown,Summer,4.5,No,Express,No,No,44,UPI,Weekly
2839,,Male,Jacket,Outerwear,3923,Pune  ,M,Blue,Fall,3.7,No,Free Shipping,No,No,2,upi,Weekly
2840,70.0,Female,Belt,Accessories,5845,Jaipur,L,Teal,Summer,2.8,No,Store Pickup,No,No,30, Google Pay ,Monthly
2841,40.0,Male,Ethnic Top,Clothing,3338,Pune  ,L,Pink,Spring,3.5,No,Store Pickup,No,No,41,debit card,Annually
2842,19.0,Male,Kurta,Clothing,2359,PATNA,XL,Magenta,Winter,3.0,No,2-Day Shipping,No,No,31,Net Banking,Weekly
2843,28.0,female,Coat,Outerwear,7618,Chandigarh,L,Green,Fall,4.3,No,Standard,No,No,48,Google Pay,Quarterly
2844,51.0,Male,Trousers,Clothing,2077,kochi,M,White,Summer,3.6,No,Store Pickup,No,No,41,upi,Weekly
2845,32.0,F,Wallet,Accessories,5727,Agra,M,Indigo,Summer,4.4,No,Standard,No,No,42,Cash,Annually
2846,26.0,M,Belt,Accessories,5602,Chandigarh,L,Lavender,Summer,4.1,No,Express,No,No,39,paytm,Every 3 Months
2847,50.0,Male,Saree,Clothing,2880,patna,XL,Black,Fall,2.8,No,Next Day Air,No,No,15,UPI,Bi-Weekly
2848,68.0,Female,Belt,Accessories,1531,Kochi,L,Charcoal,Winter,2.8,No,Free Shipping,No,No,3,GOOGLE PAY,Every 3 Months
2849,33.0,Female,Shoes,Footwear,5542,Patna  ,L,Gray,Fall,4.9,No,Store Pickup,No,No,28,phonepe,Quarterly
2850,56.0,Male,Coat,Outerwear,2007,DELHI,M,Gold,Spring,4.1,No,Express,No,No,27, PhonePe ,Bi-Weekly
1666,40.0,Female,Jacket,Outerwear,3181, Lucknow ,L,Pink,Fall,3.4,No,Next Day Air,Yes,Yes,49,UPI,Monthly
2852,58.0,Male,Lehenga,Clothing,5449,bhopal,L,Teal,Summer,3.0,No,Store Pickup,No,No,42,credit card,Monthly
2853,40.0,Male,Sunglasses,Accessories,5238,Agra,M,Magenta,Spring,3.0,No,Store Pickup,No,No,30,CASH,Weekly
2854,37.0,Male,Wallet,Accessories,3788,Bhopal,M,Magenta,Winter,3.2,No,Next Day Air,No,No,9,phonepe,Weekly
2855,36.0,Male,Slippers,Footwear,2230,Ahmedabad,M,Beige,Fall,2.7,No,Store Pickup,No,No,25,Google Pay,Monthly
2856,29.0,F,Boots,Footwear,7174,Ahmedabad  ,S,Maroon,Winter,3.8,No,2-Day Shipping,No,No,33,PhonePe,Quarterly
2857,65.0,Female,Jacket,Outerwear,3458,Patna  ,M,Indigo,Winter,3.5,No,2-Day Shipping,No,No,31,Cash,Monthly
2858,44.0,Female,Jeans,Clothing,6977,Bhopal,S,Maroon,Spring,3.8,No,Next Day Air,No,No,35,Cash,Monthly
2859,34.0,female,Ethnic Top,Clothing,6639,INDORE,L,Teal,Summer,3.8,No,2-Day Shipping,No,No,46,paytm,Monthly
2860,31.0,Male,Ethnic Top,Clothing,2438,Delhi  ,L,Yellow,Fall,3.4,No,Express,No,No,29,UPI,Annually
2861,28.0,Female,Saree,Clothing,2883,Patna  ,M,Gold,Spring,2.9,No,Next Day Air,No,No,49,upi,Weekly
2862,66.0,F,Coat,Outerwear,4152,PUNE,M,Teal,Fall,3.4,No,Free Shipping,No,No,27,Google Pay,Monthly
2863,68.0,female,Coat,Outerwear,5519, Chennai ,S,Violet,Summer,4.7,No,Store Pickup,No,No,5,Credit Card,Every 3 Months
2864,37.0,Female,Ethnic Top,Clothing,4140,Ahmedabad,M,Yellow,Fall,3.9,No,2-Day Shipping,No,No,18,Cash,Monthly
2865,58.0,Female,Lehenga,Clothing,3358,Kochi,S,Maroon,Fall,3.6,No,Store Pickup,No,No,31,upi,Weekly
2866,28.0,Male,Shirt,Clothing,7187,PATNA,M,Silver,Fall,3.7,No,Free Shipping,No,No,27,net banking,Fortnightly
2867,54.0,F,Kurti,Clothing,5533,SURAT,S,Violet,Summer,3.1,No,Free Shipping,No,No,19,PhonePe,Annually
2868,21.0,F,Mojaris,Footwear,4286,nagpur,L,White,Summer,4.9,No,Next Day Air,No,No,33,Cash,Fortnightly
2869,45.0,Female,Cap,Accessories,3819,Surat,M,Black,Winter,2.6,No,Next Day Air,No,No,42,paytm,Every 3 Months
2870,57.0,Male,Jeans,Clothing,4438,VARANASI,M,White,Summer,4.2,No,Standard,No,No,16,net banking,Weekly
2871,47.0,Male,Backpack,Accessories,2446,Vadodara,M,Blue,Winter,4.8,No,Free Shipping,No,No,49,Credit Card,Every 3 Months
2872,46.0,Female,Trousers,Clothing,3359,VADODARA,S,Black,Summer,2.7,No,2-Day Shipping,No,No,40,Credit Card,Bi-Weekly
2873,63.0,Male,Watch,Accessories,3415,Mumbai,L,Olive,Fall,2.6,No,Next Day Air,No,No,5,Credit Card,Annually
2874,44.0,F,Kurta,Clothing,2843, Hyderabad ,M,Teal,Spring,2.6,No,Free Shipping,No,No,8, Net Banking ,Monthly
2875,36.0,M,T-Shirt,Clothing,2350,Delhi,L,Silver,Summer,3.1,No,Standard,No,No,2,UPI,Annually
2876,24.0,Male,T-Shirt,Clothing,6104,hyderabad,M,Pink,Fall,2.6,No,Free Shipping,No,No,14,DEBIT CARD,Weekly
2877,65.0,Male,Jeans,Clothing,6489,Vadodara,M,Charcoal,Spring,3.4,No,2-Day Shipping,No,No,5,,Fortnightly
2878,32.0,Male,,Clothing,3357,chennai,M,Silver,Summer,3.6,No,Standard,No,No,34,net banking,Monthly
2879,63.0,Male,Ethnic Top,Clothing,6466,Agra,L,Turquoise,Summer,4.3,No,Next Day Air,No,No,13,net banking,Annually
2880,62.0,Male,Jeans,Clothing,4473,Surat,XL,Turquoise,Winter,4.9,No,Free Shipping,No,No,31,google pay,Annually
2881,19.0,M,Kurti,Clothing,4634,AHMEDABAD,L,Beige,Winter,4.8,No,Store Pickup,No,No,43,PhonePe,Quarterly
2882,38.0,male,Watch,Accessories,6861,Varanasi,M,Cyan,Winter,4.2,No,Free Shipping,No,No,6,Debit Card,Annually
2883,59.0,M,Kurta,Clothing,3944,Nagpur,L,Gold,Winter,2.6,No,Store Pickup,No,No,23,Paytm,Bi-Weekly
2884,22.0,male,Jeans,Clothing,3595,DELHI,XL,Silver,Spring,3.2,No,Standard,No,No,10,PhonePe,Weekly
2885,55.0,Female,Boots,Footwear,3644, Bhopal ,M,Purple,Summer,3.4,No,2-Day Shipping,No,No,47,Google Pay,Every 3 Months
2886,29.0,F,Wallet,Accessories,0,agra,M,Yellow,Summer,3.5,No,Next Day Air,No,No,14,Google Pay,Bi-Weekly
2887,42.0,male,Belt,Accessories,2306,Surat,L,Blue,Spring,4.2,No,Free Shipping,No,No,29,Cash,Weekly
2888,23.0,Male,Slippers,Footwear,2130,Jaipur,L,Blue,Winter,2.8,No,Express,No,No,12,Debit Card,Bi-Weekly
2889,70.0,Female,Trousers,Clothing,3321,PUNE,L,Green,Spring,5.0,No,2-Day Shipping,No,No,25,phonepe,Quarterly
2890,64.0,Male,Scarf,Accessories,3033,Mumbai  ,M,Charcoal,Fall,3.3,No,Store Pickup,No,No,21,UPI,Annually
2891,39.0,Female,Lehenga,Clothing,4115,Jaipur,M,Violet,Winter,3.7,No,Free Shipping,No,No,23,cash,Monthly
2892,47.0,Female,Kurta,Clothing,5635,Lucknow,XL,Black,Winter,2.5,No,Free Shipping,No,No,10,Google Pay,Monthly
2893,22.0,Male,Kurti,Clothing,2924,Mumbai  ,M,Teal,Spring,3.2,No,Standard,No,No,47, Credit Card ,Monthly
2894,69.0,M,Watch,Accessories,1633,Agra,S,Orange,Spring,3.1,No,Free Shipping,No,No,44,Paytm,Every 3 Months
2895,35.0,M,,Accessories,2360,Chandigarh  ,S,Brown,Spring,3.5,No,Standard,No,No,41,Net Banking,Annually
2896,56.0,Male,Lehenga,Clothing,6336, Patna ,L,Green,Summer,4.6,No,Standard,No,No,29,PAYTM,Monthly
2897,30.0,Male,Shirt,Clothing,6645,Lucknow,M,Silver,Summer,3.3,No,Free Shipping,No,No,2,Google Pay,Every 3 Months
2898,43.0,Male,Jacket,Outerwear,4535,Kochi  ,L,Violet,Fall,2.5,No,Free Shipping,No,No,2,Credit Card,Fortnightly
2899,23.0,female,Loafers,Footwear,2350,Vadodara  ,XL,Peach,Summer,4.6,No,Express,No,No,29, PhonePe ,Annually
2900,50.0,Male,Boots,Footwear,4985,Agra  ,M,Gold,Spring,4.2,No,2-Day Shipping,No,No,22,Net Banking,Fortnightly
2901,41.0,Male,Ethnic Top,Clothing,4965,Jaipur,XL,Violet,Winter,4.0,No,Standard,No,No,23, Paytm ,Bi-Weekly
2902,41.0,Female,Ethnic Top,Clothing,3150,Pune,L,Olive,Winter,2.6,No,Free Shipping,No,No,46,Credit Card,Quarterly
2903,27.0,M,Sandals,Footwear,2450, Bengaluru ,S,Orange,Spring,4.6,No,Standard,No,No,19,Credit Card,Bi-Weekly
2904,38.0,Male,Scarf,Accessories,3112, Varanasi ,S,Teal,Spring,3.5,No,2-Day Shipping,No,No,24,UPI,Every 3 Months
2905,41.0,Male,Slippers,Footwear,2958,Kolkata  ,M,Gray,Spring,4.0,No,2-Day Shipping,No,No,43,GOOGLE PAY,Monthly
2906,58.0,Female,Shawl,Accessories,4145,Mumbai,L,Black,Winter,4.8,No,Standard,No,No,14,credit card,Fortnightly
2907,58.0,F,Coat,Outerwear,1872,kolkata,M,Indigo,Spring,3.9,No,Standard,No,No,7,cash,Annually
2908,19.0,Male,Scarf,Accessories,6328,Bengaluru,XL,Lavender,Summer,3.7,No,Next Day Air,No,No,50,PHONEPE,Bi-Weekly
2909,43.0,M,Ethnic Top,Clothing,6402,Indore  ,M,Beige,Winter,3.1,No,Store Pickup,No,No,15,Paytm,Every 3 Months
2910,27.0,male,Watch,Accessories,5679, Ahmedabad ,M,Indigo,Winter,3.0,No,Next Day Air,No,No,40,Cash,Every 3 Months
2911,32.0,Male,Shawl,Accessories,2484,MUMBAI,M,Blue,Summer,2.9,No,Store Pickup,No,No,41,UPI,Monthly
2912,,Other,Jeans,Clothing,2785,nagpur,XL,Orange,Fall,2.9,No,Next Day Air,No,No,34,PhonePe,Quarterly
2913,48.0,Female,Boots,Footwear,2714,Jaipur,M,Yellow,Winter,4.0,No,Standard,No,No,27,paytm,Bi-Weekly
2914,43.0,Female,Coat,Outerwear,6065, Bhopal ,L,Cyan,Winter,3.5,No,Express,No,No,12,Google Pay,Every 3 Months
2915,45.0,M,Shirt,Clothing,5481,bengaluru,M,Yellow,Fall,3.8,No,Express,No,No,1,PHONEPE,Bi-Weekly
2916,26.0,Male,Lehenga,Clothing,2099,Chandigarh  ,M,Cyan,Fall,4.5,No,Express,No,No,39,Net Banking,Bi-Weekly
2917,62.0,Female,Jeans,Clothing,5007, Delhi ,M,Green,Winter,2.7,No,Express,No,No,13,paytm,Bi-Weekly
2918,58.0,male,Kurta,Clothing,3485,PATNA,XL,White,Winter,2.9,No,Store Pickup,No,No,50,UPI,Annually
2919,19.0,Male,Scarf,Accessories,5634, Surat ,S,Black,Fall,4.9,No,Free Shipping,No,No,36,NET BANKING,Weekly
2920,64.0,Male,Loafers,Footwear,5094,Chennai  ,L,Charcoal,Winter,3.8,No,Standard,No,No,31, Cash ,Monthly
2921,33.0,Male,Cap,Accessories,5333,Nagpur,XL,Brown,Spring,4.9,No,Free Shipping,No,No,3,Paytm,Bi-Weekly
2922,20.0,Other,Scarf,Accessories,1833, Kolkata ,M,Cyan,Fall,4.6,No,Standard,No,No,11,Net Banking,Fortnightly
2923,45.0,Female,Backpack,Accessories,5027, Chandigarh ,L,Beige,Winter,3.5,No,Express,No,No,16,Credit Card,Quarterly
2924,28.0,F,Saree,Clothing,5153,Vadodara,M,Magenta,Spring,4.2,No,2-Day Shipping,No,No,12,UPI,Quarterly
2925,47.0,Male,Lehenga,Clothing,4853, Hyderabad ,L,Indigo,Winter,3.7,No,Free Shipping,No,No,37,PhonePe,Every 3 Months
2926,54.0,Male,Kurti,Clothing,6719,bengaluru,M,Maroon,Spring,2.8,No,Store Pickup,No,No,43,Net Banking,Every 3 Months
526,51.0,Female,Coat,Outerwear,2752,pune,M,Cyan,Spring,3.2,Yes,Next Day Air,Yes,Yes,41,Cash,Monthly
2928,45.0,Male,Ethnic Top,Clothing,1816,Jaipur  ,M,Black,Summer,2.7,No,Express,No,No,15,Net Banking,Bi-Weekly
2929,40.0,Female,Backpack,Accessories,5860,Kolkata,L,Yellow,Spring,3.6,No,Store Pickup,No,No,17,Google Pay,Weekly
2930,31.0,Male,T-Shirt,Clothing,4042,bhopal,XL,White,Winter,4.5,No,Next Day Air,No,No,42,Cash,Fortnightly
2931,38.0,Male,Kurti,Clothing,3790,Mumbai,M,Orange,Spring,4.0,No,Free Shipping,No,No,14,UPI,Monthly
2932,36.0,Male,Watch,Accessories,2137,BENGALURU,M,Magenta,Fall,4.5,No,2-Day Shipping,No,No,49,Cash,Bi-Weekly
2933,65.0,Other,Wallet,Accessories,6546, Bengaluru ,L,Black,Spring,3.9,No,Express,No,No,3,UPI,Quarterly
2934,27.0,male,Sunglasses,Accessories,3939,Bhopal,M,Brown,Summer,3.8,No,Standard,No,No,28, UPI ,Monthly
2935,38.0,Male,Wallet,Accessories,1538, Surat ,M,Orange,Fall,4.7,No,Next Day Air,No,No,41,Paytm,Quarterly
2936,58.0,Male,Boots,Footwear,1919,Jaipur,XL,Gray,Spring,4.6,No,Standard,No,No,11, Net Banking ,Weekly
2937,31.0,female,Shirt,Clothing,2664,ahmedabad,M,White,Spring,3.6,No,Express,No,No,46, Credit Card ,Weekly
2938,28.0,F,Scarf,Accessories,3017,Chandigarh,M,White,Spring,4.3,No,2-Day Shipping,No,No,15,debit card,Weekly
2939,28.0,female,Scarf,Accessories,3799,INDORE,M,Violet,Fall,3.0,No,Standard,No,No,15,Google Pay,Monthly
2940,32.0,Female,Jeans,Clothing,3521,Hyderabad,M,Beige,Winter,4.3,No,Express,No,No,34,net banking,Weekly
2941,61.0,Male,Watch,Accessories,6340,delhi,L,Beige,Summer,4.8,No,Next Day Air,No,No,13,Cash,Monthly
2942,38.0,Male,Kurti,Clothing,6499,Pune,L,Purple,Spring,,No,Free Shipping,No,No,27,google pay,Monthly
2943,54.0,Male,,Clothing,4611, Mumbai ,M,Brown,Summer,2.6,No,Free Shipping,No,No,37,credit card,Weekly
2944,29.0,Male,Kurta,Clothing,3241,Chennai,M,Orange,Spring,3.4,No,Standard,No,No,37,Paytm,Monthly
2945,50.0,Female,Slippers,Footwear,7058, Pune ,XL,Cyan,Summer,3.9,No,Free Shipping,No,No,4,Paytm,Every 3 Months
2946,32.0,Other,Sunglasses,Accessories,3753,Hyderabad,M,Charcoal,Summer,,No,Free Shipping,No,No,1,Credit Card,Every 3 Months
2947,38.0,male,Trousers,Clothing,5700,CHENNAI,L,Purple,Spring,2.8,No,Free Shipping,No,No,29,Cash,Quarterly
2948,52.0,Female,Wallet,Accessories,4840,delhi,L,Peach,Spring,4.4,No,Standard,No,No,50, Credit Card ,Annually
2949,61.0,Female,Shirt,Clothing,6420,Delhi  ,M,Violet,Winter,3.1,No,Standard,No,No,38,PhonePe,Bi-Weekly
2950,25.0,Male,Sunglasses,Accessories,6915,SURAT,M,Peach,Spring,3.8,No,Store Pickup,No,No,15,Paytm,Annually
2951,22.0,Male,Shirt,Clothing,6980,varanasi,S,Maroon,Winter,4.1,No,2-Day Shipping,No,No,44, Cash ,Every 3 Months
2952,47.0,Male,Watch,Accessories,7327,Agra,L,Maroon,Fall,4.6,No,Free Shipping,No,No,14,UPI,Weekly
2953,50.0,Other,Cap,Accessories,1825,Lucknow,M,Peach,Spring,4.9,No,Next Day Air,No,No,5,Net Banking,Monthly
2954,45.0,F,Trousers,Clothing,6339, Vadodara ,M,Silver,Summer,4.8,No,Next Day Air,No,No,11,GPay,Annually
2955,33.0,Male,Jacket,Clothing,1962,Bengaluru,M,Indigo,Winter,3.9,No,Express,No,No,15,Paytm,Annually
2956,42.0,Male,Slippers,Footwear,5118,Chandigarh  ,M,Silver,Winter,2.6,No,Free Shipping,No,No,46,Credit Card,Annually
2957,52.0,Female,Ethnic Top,Clothing,6783,surat,M,Olive,Fall,3.7,No,Standard,No,No,30,UPI,Monthly
2958,69.0,Male,Wallet,Accessories,5355,Chandigarh,S,Gray,Fall,4.7,No,Standard,No,No,2,NET BANKING,Annually
2959,55.0,Male,Saree,Clothing,7553,Nagpur,M,Black,Summer,4.5,No,Standard,No,No,28,Net Banking,Monthly
2960,38.0,Female,Shawl,Accessories,2079,Nagpur,L,Maroon,Summer,4.7,No,Free Shipping,No,No,9,NET BANKING,Quarterly
2961,57.0,M,Coat,Outerwear,3439,kolkata,S,Olive,Spring,3.6,No,Standard,No,No,47,phonepe,Weekly
2962,33.0,male,Jeans,Clothing,3288,Chennai,S,Gold,Fall,2.8,No,Free Shipping,No,No,21, Debit Card ,Bi-Weekly
2963,57.0,Other,Lehenga,Clothing,2988,AHMEDABAD,L,Pink,Fall,4.0,No,Express,No,No,42,PhonePe,Every 3 Months
2964,52.0,Male,Mojaris,Footwear,7082,MUMBAI,M,Brown,Spring,3.6,No,Free Shipping,No,No,28,UPI,Weekly
2965,44.0,female,Coat,Outerwear,1778,INDORE,S,White,Fall,3.8,No,2-Day Shipping,No,No,13,Net Banking,Fortnightly
2966,48.0,Male,Handbag,Accessories,3399,Varanasi,M,Blue,Summer,4.4,No,Standard,No,No,25,Cash,Fortnightly
2967,52.0,Male,Loafers,Footwear,3508,Bhopal,L,Orange,Fall,2.8,No,Store Pickup,No,No,38,cash,Every 3 Months
2968,34.0,Male,Mojaris,Footwear,2735,Kolkata,L,Silver,Summer,3.4,No,Free Shipping,No,No,40,upi,Annually
2969,26.0,M,T-Shirt,Clothing,3627,Delhi  ,S,Gray,Fall,4.9,No,Express,No,No,25,Cash,Every 3 Months
2970,36.0,Other,Watch,Accessories,4637, Hyderabad ,S,Blue,Fall,4.3,No,Next Day Air,No,No,20,,Every 3 Months
2971,24.0,Female,Backpack,Accessories,5662,nagpur,M,White,Winter,3.4,No,Free Shipping,No,No,44,Cash,Bi-Weekly
2972,30.0,Other,Cap,Accessories,7321,patna,L,Yellow,Fall,3.9,No,Next Day Air,No,No,9,debit card,Every 3 Months
2973,31.0,Other,Jacket,Outerwear,3067, Vadodara ,S,Indigo,Fall,4.2,No,Free Shipping,No,No,11,CREDIT CARD,Every 3 Months
2974,25.0,male,Sneakers,Footwear,4714,Chennai,M,Blue,Summer,2.7,No,Store Pickup,No,No,3,GOOGLE PAY,Fortnightly
2975,57.0,F,Sneakers,Footwear,7397,Bengaluru  ,XL,Peach,Summer,4.1,No,Store Pickup,No,No,34, Cash ,Weekly
2976,61.0,female,Shawl,Accessories,5078,CHANDIGARH,XL,Lavender,Winter,4.5,No,2-Day Shipping,No,No,48,debit card,Every 3 Months
2977,30.0,Female,Coat,Outerwear,7160,PATNA,M,Silver,Summer,2.8,No,Express,No,No,28,Debit Card,Fortnightly
2978,38.0,Female,Ethnic Top,Clothing,3457,HYDERABAD,L,Gold,Winter,3.4,No,Standard,No,No,20,Google Pay,Annually
2979,53.0,Female,Jeans,Clothing,4350, Kochi ,S,Cyan,Spring,3.9,No,Free Shipping,No,No,49,PhonePe,Fortnightly
2980,31.0,M,Kurti,Clothing,6637,Chandigarh,L,Olive,Fall,2.6,No,Next Day Air,No,No,14,upi,Weekly
957,29.0,Male,Kurti,Clothing,7301,Bhopal,XL,Cyan,Spring,2.9,Yes,2-Day Shipping,Yes,Yes,42,paytm,Quarterly
2982,21.0,Male,Kurta,Clothing,2583,Agra,L,Pink,Winter,4.9,No,Standard,No,No,37,Cash,Annually
2983,33.0,M,Ethnic Top,Clothing,3492,Vadodara  ,M,Orange,Summer,3.6,No,Store Pickup,No,No,4,Cash,Weekly
2984,60.0,Female,Trousers,Clothing,3448, Kolkata ,M,Charcoal,Winter,2.8,No,2-Day Shipping,No,No,1,Credit Card,Quarterly
2985,45.0,M,Handbag,Accessories,2542,SURAT,L,Red,Spring,4.3,No,2-Day Shipping,No,No,36,Paytm,Bi-Weekly
2986,46.0,Male,Shawl,Accessories,2779,Lucknow,S,Teal,Summer,3.0,No,Express,No,No,21,Cash,Bi-Weekly
2987,62.0,Male,Backpack,Accessories,6528,Chennai,S,Silver,Summer,3.3,No,2-Day Shipping,No,No,16,cash,Monthly
2988,63.0,Female,Ethnic Top,Clothing,2762,chennai,L,Black,Winter,2.5,No,Store Pickup,No,No,42,CREDIT CARD,Monthly
2989,,male,Jeans,Clothing,4090,Lucknow  ,S,Pink,Spring,5.0,No,2-Day Shipping,No,No,31,Paytm,Monthly
2990,46.0,Female,Backpack,Accessories,1592,Chennai  ,XL,Teal,Summer,4.3,No,2-Day Shipping,No,No,6,Net Banking,Weekly
2991,69.0,male,Trousers,Clothing,6692,Bengaluru,M,Teal,Fall,4.2,No,Free Shipping,No,No,24, Net Banking ,Monthly
2992,66.0,Male,Jeans,Clothing,5350,Kolkata,L,Green,Summer,3.9,No,Standard,No,No,7,,Bi-Weekly
2993,41.0,Male,Kurta,Clothing,4769,Hyderabad,M,Charcoal,Spring,3.9,No,Store Pickup,No,No,25,UPI,Weekly
2994,32.0,F,Jacket,Outerwear,1460,Vadodara  ,L,Indigo,Spring,4.2,No,Free Shipping,No,No,18,UPI,Bi-Weekly
2995,69.0,Male,Kurti,Clothing,7432,JAIPUR,S,White,Winter,3.5,No,Store Pickup,No,No,14,net banking,Quarterly
2996,29.0,Female,Shirt,Clothing,7177,NAGPUR,M,Orange,Summer,2.5,No,Standard,No,No,42, Debit Card ,Bi-Weekly
2997,70.0,Female,Cap,Accessories,6967,patna,M,White,Spring,2.9,No,Express,No,No,6,UPI,Every 3 Months
2998,41.0,Other,Jeans,Clothing,3051,SURAT,S,Yellow,Spring,2.7,No,Next Day Air,No,No,14,Google Pay,Every 3 Months
2999,31.0,Female,Ethnic Top,Clothing,3789,Varanasi,M,Red,Summer,4.7,No,Express,No,No,30,Google Pay,Quarterly
3000,31.0,Male,Watch,Accessories,3622,Nagpur,S,Charcoal,Winter,3.8,No,Standard,No,No,10,Net Banking,Monthly
3001,57.0,,Sneakers,Footwear,5428,PATNA,M,Lavender,Winter,3.7,No,Express,No,No,7,Paytm,Weekly
3002,29.0,Female,Coat,Outerwear,2175,Indore,L,Charcoal,Summer,4.7,No,Express,No,No,28,PhonePe,Quarterly
3003,70.0,Female,Scarf,Accessories,2081,hyderabad,M,Maroon,Fall,3.6,No,Next Day Air,No,No,19,DEBIT CARD,Quarterly
3004,51.0,Female,Jacket,Clothing,4024, Chennai ,M,Brown,Fall,2.8,No,Express,No,No,13,PhonePe,Every 3 Months
3005,45.0,female,Saree,Clothing,5813,chennai,M,Lavender,Winter,3.7,No,Store Pickup,No,No,23,Paytm,Fortnightly
3006,18.0,Female,Shirt,Clothing,4799, Jaipur ,XL,Brown,Spring,3.5,No,Express,No,No,5,Google Pay,Weekly
3007,37.0,Male,Jeans,Clothing,7337,nagpur,M,Olive,Summer,3.7,No,Store Pickup,No,No,17,Credit Card,Bi-Weekly
3008,23.0,Female,Shawl,Accessories,4436,Patna  ,L,Lavender,Winter,3.0,No,Next Day Air,No,No,31,Cash,Weekly
3009,39.0,Female,Sandals,Footwear,6496, Mumbai ,M,Gold,Winter,4.9,No,Free Shipping,No,No,19,Net Banking,Weekly
3010,62.0,Other,Backpack,Accessories,5440,Patna,M,Silver,Winter,4.6,No,Free Shipping,No,No,8,debit card,Fortnightly
3011,70.0,Male,,Accessories,3324,AGRA,M,Violet,Winter,3.3,No,Free Shipping,No,No,15,paytm,Annually
3012,20.0,Female,,Accessories,5412,BENGALURU,S,Brown,Summer,3.0,No,Next Day Air,No,No,18,PHONEPE,Every 3 Months
3013,42.0,female,Backpack,Accessories,5017,LUCKNOW,M,Teal,Fall,3.5,No,Standard,No,No,16,paytm,Annually
3014,41.0,,Saree,Clothing,3992,Mumbai,L,Peach,Summer,4.2,No,Store Pickup,No,No,13,Paytm,Monthly
3015,24.0,Female,Ethnic Top,Clothing,4895,PATNA,M,Maroon,Spring,4.5,No,Express,No,No,38, UPI ,Every 3 Months
3016,37.0,male,Handbag,Accessories,1645,Agra,XL,Lavender,Spring,2.8,No,Express,No,No,27,Net Banking,Bi-Weekly
3017,30.0,F,Ethnic Top,Clothing,2070,Nagpur  ,L,Lavender,Summer,4.9,No,Store Pickup,No,No,31,Google Pay,Quarterly
3018,58.0,Male,Wallet,Accessories,5434,Kochi  ,S,Purple,Summer,3.3,No,Next Day Air,No,No,24,Debit Card,Bi-Weekly
3019,43.0,Male,Sneakers,Footwear,3223,Bhopal,M,Green,Summer,3.0,No,Free Shipping,No,No,21,UPI,Bi-Weekly
3020,19.0,M,Jacket,Outerwear,3119,bhopal,M,Yellow,Winter,3.9,No,2-Day Shipping,No,No,15, Google Pay ,Annually
3021,23.0,Female,Kurta,Clothing,6163,chandigarh,S,Charcoal,Fall,2.8,No,Store Pickup,No,No,48,Net Banking,Every 3 Months
3022,,Male,Watch,Accessories,5674, Pune ,S,Blue,Summer,4.5,No,2-Day Shipping,No,No,47,paytm,Quarterly
3023,58.0,Female,Boots,Footwear,2001,Hyderabad,M,Lavender,Fall,4.0,No,Free Shipping,No,No,23,Google Pay,Weekly
3024,50.0,Female,Scarf,Accessories,2201,agra,M,Brown,Summer,2.9,No,Express,No,No,4, PhonePe ,Quarterly
3025,67.0,Female,Shirt,Clothing,6084,DELHI,S,White,Spring,4.0,No,Free Shipping,No,No,47,Net Banking,Every 3 Months
3026,40.0,Male,Sandals,Footwear,4691,Bengaluru,XL,Green,Summer,3.4,No,Store Pickup,No,No,7,debit card,Monthly
3027,55.0,F,Trousers,Clothing,5222,PATNA,L,Magenta,Fall,2.5,No,Free Shipping,No,No,6,net banking,Annually
3028,52.0,Female,Trousers,Clothing,2112,Surat,XL,Peach,Winter,2.8,No,2-Day Shipping,No,No,47,Net Banking,Quarterly
3029,62.0,Male,Lehenga,Clothing,7500,Mumbai,L,Charcoal,Summer,3.0,No,Free Shipping,No,No,7,UPI,Every 3 Months
3030,64.0,male,Shirt,Clothing,6166,chandigarh,M,Gold,Summer,3.1,No,Free Shipping,No,No,1, Debit Card ,Quarterly
3031,43.0,Male,Slippers,Footwear,1975,HYDERABAD,XL,Purple,Spring,2.6,No,2-Day Shipping,No,No,23,Paytm,Weekly
3032,61.0,F,Jeans,Clothing,5557,AGRA,L,Teal,Summer,4.9,No,2-Day Shipping,No,No,30, PhonePe ,Monthly
3033,26.0,Male,Sunglasses,Accessories,4223,Nagpur,XL,Green,Summer,3.5,No,Next Day Air,No,No,24,GPay,Quarterly
3034,22.0,Male,Shirt,Clothing,4010,Bengaluru,L,Orange,Spring,2.6,No,Store Pickup,No,No,9,Cash,Weekly
3035,51.0,Female,Mojaris,Footwear,2861,Vadodara,L,Peach,Spring,3.5,No,2-Day Shipping,No,No,25,Google Pay,Quarterly
3036,69.0,female,Belt,Accessories,4855,Ahmedabad,M,Gold,Spring,4.5,No,Free Shipping,No,No,18,PhonePe,Bi-Weekly
3037,50.0,female,Jacket,Clothing,4161,Agra,S,Violet,Spring,4.3,No,Next Day Air,No,No,7,CASH,Fortnightly
3038,51.0,Female,,Accessories,3479,chennai,L,Charcoal,Summer,4.8,No,Next Day Air,No,No,2,GOOGLE PAY,Annually
3039,56.0,Male,Wallet,Accessories,2802,pune,M,Brown,Summer,4.2,No,Free Shipping,No,No,36,UPI,Annually
3040,59.0,Female,T-Shirt,Clothing,3571,Ahmedabad,L,Blue,Spring,3.2,No,Next Day Air,No,No,31,CREDIT CARD,Bi-Weekly
3041,18.0,Other,Handbag,Accessories,2295,chennai,M,Gold,Fall,4.1,No,Express,No,No,10,Google Pay,Fortnightly
3042,48.0,female,Wallet,Accessories,6030,NAGPUR,M,Orange,Winter,4.0,No,Express,No,No,27,Paytm,Monthly
3043,53.0,Female,Coat,Outerwear,2197,Chennai,L,Turquoise,Winter,2.9,No,Next Day Air,No,No,14,Google Pay,Every 3 Months
3044,45.0,Male,Wallet,Accessories,7422, Hyderabad ,S,Peach,Fall,2.6,No,Store Pickup,No,No,17,Debit Card,Monthly
3045,21.0,female,Sandals,Footwear,5209,Agra,M,Magenta,Winter,2.7,No,Free Shipping,No,No,10,Paytm,Quarterly
3046,42.0,Male,T-Shirt,Clothing,2753,Mumbai,L,Black,Winter,4.6,No,2-Day Shipping,No,No,4,Google Pay,Bi-Weekly
3047,60.0,Male,Slippers,Footwear,3538,CHANDIGARH,M,White,Spring,3.2,No,Store Pickup,No,No,25,Google Pay,Every 3 Months
3048,21.0,female,Sandals,Footwear,5481,Patna,M,Violet,Fall,4.1,No,2-Day Shipping,No,No,3,Net Banking,Bi-Weekly
3049,69.0,Female,Backpack,Accessories,7117,surat,M,Olive,Summer,3.9,No,Standard,No,No,47,Paytm,Fortnightly
3050,40.0,Female,Scarf,Accessories,4571, Bhopal ,L,Red,Summer,3.0,No,Next Day Air,No,No,41,UPI,Bi-Weekly
3051,31.0,Male,Coat,Outerwear,5818, Chandigarh ,S,Green,Spring,3.6,No,Standard,No,No,28,Cash,Every 3 Months
3052,44.0,Female,Cap,Accessories,4931,PUNE,L,Gold,Summer,4.6,No,Express,No,No,49,Cash,Every 3 Months
3053,48.0,Male,Sandals,Footwear,2990,,XL,Olive,Spring,4.5,No,Store Pickup,No,No,7,Credit Card,Fortnightly
3054,32.0,M,Sneakers,Footwear,6733,NAGPUR,L,Brown,Winter,3.2,No,Next Day Air,No,No,22,Credit Card,Monthly
3055,42.0,Male,Shoes,Footwear,5322, Varanasi ,S,Magenta,Summer,4.9,No,2-Day Shipping,No,No,34,Cash,Monthly
3056,27.0,Male,Sneakers,Footwear,1617, Jaipur ,M,Violet,Fall,5.0,No,Standard,No,No,5,UPI,Bi-Weekly
3057,69.0,Female,Cap,Accessories,4621,Kochi,M,Beige,Spring,3.8,No,Standard,No,No,15,Google Pay,Bi-Weekly
3058,67.0,M,Belt,Accessories,1629,Bhopal,M,Blue,Spring,3.4,No,Next Day Air,No,No,26,Credit Card,Weekly
3059,41.0,Male,,Accessories,5407,kolkata,S,Orange,Winter,3.8,No,Store Pickup,No,No,3,UPI,Fortnightly
3060,46.0,Male,Kurta,Clothing,5203, Nagpur ,L,Maroon,Spring,3.2,No,Express,No,No,42,UPI,Quarterly
3061,47.0,Female,Coat,Outerwear,5860, Agra ,S,Charcoal,Summer,4.7,No,Store Pickup,No,No,1,Credit Card,Monthly
3062,33.0,Female,Ethnic Top,Clothing,4593,agra,L,Olive,Fall,4.5,No,Express,No,No,20,CASH,Every 3 Months
3063,51.0,Male,Belt,Accessories,7120,Indore,L,Green,Fall,3.3,No,Standard,No,No,39,Paytm,Monthly
3064,26.0,F,Shawl,Accessories,3231,Bhopal,L,Brown,Winter,3.9,No,Store Pickup,No,No,24,PhonePe,Fortnightly
3065,22.0,Male,Handbag,Accessories,5533,bhopal,S,Cyan,Winter,3.6,No,Express,No,No,49,Cash,Quarterly
3066,49.0,Female,Jacket,Outerwear,4294, Varanasi ,M,Beige,Fall,2.8,No,Store Pickup,No,No,7,Paytm,Bi-Weekly
3067,58.0,Male,Shirt,Clothing,3416,KOLKATA,L,Teal,Summer,4.3,No,Free Shipping,No,No,13,CASH,Every 3 Months
3068,70.0,Male,Sunglasses,Accessories,1469,Hyderabad,S,Gray,Spring,3.5,No,Free Shipping,No,No,2,Google Pay,Weekly
3069,32.0,Female,Shoes,Footwear,3114,KOLKATA,M,Indigo,Winter,4.2,No,Express,No,No,4,Paytm,Weekly
3070,62.0,Female,Saree,Clothing,5343,Chandigarh,L,Magenta,Spring,4.6,No,Express,No,No,17,debit card,Quarterly
3071,52.0,M,Shoes,Footwear,1964,Delhi,XL,Red,Fall,2.6,No,Free Shipping,No,No,43,PhonePe,Bi-Weekly
3072,23.0,Female,Lehenga,Clothing,3035, Surat ,L,Turquoise,Spring,3.4,No,Next Day Air,No,No,6,Cash,Monthly
3073,26.0,Female,Cap,Accessories,7251,Chandigarh,L,Peach,Spring,3.1,No,Standard,No,No,46,net banking,Quarterly
3074,58.0,F,Kurta,Clothing,4900,Agra,L,White,Winter,,No,Free Shipping,No,No,7,PhonePe,Bi-Weekly
3075,26.0,male,Shoes,Footwear,4130,Vadodara,L,Maroon,Winter,4.2,No,Next Day Air,No,No,34,UPI,Fortnightly
3076,54.0,M,Kurta,Clothing,6694,nagpur,XL,Beige,Winter,3.6,No,Standard,No,No,21,debit card,Every 3 Months
3077,66.0,Female,Handbag,Accessories,3306, Agra ,M,Blue,Summer,3.6,No,Express,No,No,13,Google Pay,Bi-Weekly
3078,60.0,Male,Lehenga,Clothing,6482,Kochi,S,Red,Spring,3.0,No,Store Pickup,No,No,33,UPI,Bi-Weekly
3079,32.0,male,Scarf,Accessories,7309,Vadodara,M,Blue,Spring,2.5,No,2-Day Shipping,No,No,24, Paytm ,Bi-Weekly
3080,48.0,M,,Accessories,2393,Agra,M,Maroon,Fall,4.0,No,Store Pickup,No,No,4,Paytm,Annually
3081,69.0,Female,Shirt,Clothing,3136,Surat,L,Yellow,Spring,,No,Next Day Air,No,No,5,credit card,Bi-Weekly
3082,64.0,Male,Mojaris,Footwear,3105,Surat,L,Pink,Winter,,No,Next Day Air,No,No,11,UPI,Weekly
3083,56.0,F,Kurti,Clothing,7577,Hyderabad,M,Maroon,Spring,4.0,No,Next Day Air,No,No,20,debit card,Annually
3084,22.0,Male,T-Shirt,Clothing,1649,PUNE,S,Purple,Summer,3.5,No,Store Pickup,No,No,28, UPI ,Quarterly
3085,46.0,Male,Wallet,Accessories,2684,Patna  ,S,Indigo,Spring,3.2,No,Store Pickup,No,No,43,UPI,Monthly
3086,,Male,Jacket,Clothing,3687,Bengaluru,L,Gray,Winter,2.8,No,Store Pickup,No,No,10,UPI,Every 3 Months
3087,47.0,Male,Shawl,Accessories,5325,Indore,M,Lavender,Summer,3.5,No,Next Day Air,No,No,26, PhonePe ,Every 3 Months
3088,62.0,Female,Ethnic Top,Clothing,6150,Jaipur,M,Charcoal,Spring,3.1,No,Free Shipping,No,No,29,Credit Card,Monthly
3089,34.0,F,Kurti,Clothing,4686,ahmedabad,M,Teal,Spring,3.3,No,Store Pickup,No,No,35,Cash,Quarterly
3090,50.0,male,Mojaris,Footwear,1442,Varanasi,L,Blue,Fall,4.6,No,Free Shipping,No,No,23,Google Pay,Bi-Weekly
3091,29.0,Male,T-Shirt,Clothing,2583,Patna,M,Peach,Summer,4.9,No,Store Pickup,No,No,15,Google Pay,Quarterly
3092,68.0,Female,Shirt,Clothing,5916,NAGPUR,L,Orange,Winter,3.4,No,2-Day Shipping,No,No,46,Net Banking,Annually
3093,52.0,Female,Scarf,Accessories,4068,Nagpur  ,L,Silver,Fall,3.5,No,Next Day Air,No,No,14,Google Pay,Bi-Weekly
3094,29.0,Female,Kurti,Clothing,4581,nagpur,L,Red,Summer,4.8,No,Store Pickup,No,No,17,Net Banking,Every 3 Months
3095,22.0,F,Loafers,Footwear,4450, Delhi ,M,Gray,Summer,2.7,No,Store Pickup,No,No,9, PhonePe ,Weekly
3096,62.0,Male,Backpack,Accessories,3970,AHMEDABAD,S,Beige,Fall,3.4,No,Standard,No,No,13,credit card,Fortnightly
3097,69.0,Female,Ethnic Top,Clothing,4772, Agra ,L,White,Winter,3.5,No,Next Day Air,No,No,20,Debit Card,Monthly
3098,48.0,Male,Sandals,Footwear,2440,Kolkata  ,M,Silver,Fall,3.7,No,Free Shipping,No,No,39,Credit Card,Quarterly
3099,66.0,Male,Saree,Clothing,4661,Bengaluru,L,Cyan,Summer,3.3,No,Next Day Air,No,No,50,Net Banking,Quarterly
3100,42.0,Female,Kurta,Clothing,7412,Chennai,S,Maroon,Fall,2.9,No,Free Shipping,No,No,21,PhonePe,Bi-Weekly
3101,50.0,Female,Backpack,Accessories,6286,Patna,L,Purple,Winter,3.9,No,Express,No,No,3,debit card,Weekly
3102,32.0,Female,Scarf,Accessories,6202,surat,S,Brown,Summer,2.7,No,Express,No,No,9,upi,Fortnightly
3103,51.0,Male,Jacket,Outerwear,6373,KOCHI,M,Green,Summer,4.3,No,Standard,No,No,29,Paytm,Bi-Weekly
3104,27.0,male,Shirt,Clothing,2752,Indore,S,Peach,Winter,3.0,No,2-Day Shipping,No,No,42,UPI,Weekly
3105,43.0,Male,Lehenga,Clothing,4025,vadodara,S,Turquoise,Summer,5.0,No,2-Day Shipping,No,No,41,GPay,Fortnightly
3106,48.0,Female,Jeans,Clothing,2520,Chandigarh,M,Olive,Fall,2.7,No,Express,No,No,17,UPI,Monthly
3107,62.0,Male,Sneakers,Footwear,4093,Bengaluru,M,Yellow,Winter,4.7,No,Next Day Air,No,No,20,phonepe,Annually
3108,65.0,Female,Trousers,Clothing,2389,Lucknow  ,L,Gray,Winter,4.6,No,Standard,No,No,18,Google Pay,Bi-Weekly
3109,50.0,Male,Ethnic Top,Clothing,5291,Lucknow,M,Purple,Fall,3.2,No,2-Day Shipping,No,No,7,Paytm,Monthly
3110,60.0,Female,Jacket,Outerwear,6719,INDORE,M,Gray,Winter,4.3,No,Free Shipping,No,No,47,Debit Card,Fortnightly
3111,19.0,Female,Watch,Accessories,3355, Bhopal ,L,Lavender,Fall,4.6,No,Next Day Air,No,No,2,net banking,Bi-Weekly
3112,21.0,male,Wallet,Accessories,6111,Mumbai,XL,Indigo,Spring,4.9,No,Free Shipping,No,No,25,NET BANKING,Quarterly
3113,19.0,Male,Kurti,Clothing,7380, Jaipur ,S,Green,Fall,3.8,No,Express,No,No,26,DEBIT CARD,Annually
3114,46.0,Female,Shirt,Clothing,7020,Bengaluru,L,Green,Summer,2.6,No,Express,No,No,2,Net Banking,Weekly
3115,21.0,Male,Handbag,Accessories,4080,SURAT,M,Olive,Spring,4.7,No,Store Pickup,No,No,45,GOOGLE PAY,Bi-Weekly
3116,26.0,Female,Cap,Accessories,3924,Bengaluru  ,M,Charcoal,Fall,4.1,No,Free Shipping,No,No,9,cash,Bi-Weekly
3117,,Female,Coat,Outerwear,5146,Agra,L,Gray,Spring,3.7,No,Store Pickup,No,No,1,Cash,Weekly
3118,43.0,Male,Saree,Clothing,3945,Vadodara,M,Olive,Fall,3.0,No,Free Shipping,No,No,4,UPI,Bi-Weekly
3119,61.0,Female,Jacket,Clothing,7084,ahmedabad,L,Blue,Summer,4.7,No,Standard,No,No,31,Cash,Quarterly
3120,63.0,Other,Sandals,Footwear,6045, Nagpur ,XL,Silver,Winter,4.7,No,2-Day Shipping,No,No,21,Net Banking,Every 3 Months
3121,46.0,Female,Jeans,Clothing,5723,Ahmedabad,M,Magenta,Fall,4.0,No,Store Pickup,No,No,32,Credit Card,Fortnightly
3122,63.0,,Trousers,Clothing,2913,pune,L,Black,Fall,2.6,No,Standard,No,No,16,Credit Card,Weekly
3123,23.0,Female,Jacket,Clothing,3323,Pune,M,Pink,Fall,3.0,No,Express,No,No,34,Debit Card,Fortnightly
3124,57.0,male,Backpack,Accessories,5852,Bengaluru,XL,Red,Fall,3.3,No,Next Day Air,No,No,40, Credit Card ,Bi-Weekly
3125,57.0,Male,Wallet,Accessories,3898,Delhi,M,Peach,Summer,3.4,No,Standard,No,No,4,Google Pay,Every 3 Months
3126,33.0,Male,Coat,Outerwear,1943,Hyderabad,L,Lavender,Spring,4.0,No,Standard,No,No,3,Credit Card,Quarterly
3127,57.0,Female,Sunglasses,Accessories,5671,chennai,L,Lavender,Winter,2.6,No,Store Pickup,No,No,28,Phone Pay,Bi-Weekly
3128,55.0,Female,Scarf,Accessories,7114,Delhi,M,Beige,Winter,3.4,No,Free Shipping,No,No,43,Debit Card,Every 3 Months
3129,65.0,female,Jacket,Outerwear,2509,Surat,S,Indigo,Fall,4.4,No,Standard,No,No,20,Paytm,Annually
3130,60.0,Male,Sneakers,Footwear,1325, Chennai ,S,Cyan,Summer,4.7,No,Express,No,No,40,credit card,Every 3 Months
3131,52.0,Female,Ethnic Top,Clothing,1649,Patna,M,Yellow,Summer,4.5,No,Store Pickup,No,No,34,PhonePe,Every 3 Months
3132,34.0,Female,Jacket,Outerwear,4580,Ahmedabad  ,M,Peach,Fall,2.9,No,Store Pickup,No,No,11,PhonePe,Every 3 Months
3133,33.0,M,Kurti,Clothing,7100,AHMEDABAD,M,Yellow,Summer,4.2,No,Express,No,No,26,Google Pay,Quarterly
3134,58.0,Male,Ethnic Top,Clothing,4933, Chennai ,M,Orange,Spring,4.1,No,Next Day Air,No,No,29,DEBIT CARD,Bi-Weekly
3135,35.0,Male,Shoes,Footwear,5013,Jaipur,L,Gray,Spring,4.4,No,Store Pickup,No,No,47,Google Pay,Weekly
3136,68.0,Male,Sandals,Footwear,6312, Delhi ,L,Yellow,Spring,4.7,No,Free Shipping,No,No,48,paytm,Fortnightly
3137,58.0,Male,T-Shirt,Clothing,2503,Hyderabad,M,Gray,Fall,3.1,No,Next Day Air,No,No,29, Paytm ,Bi-Weekly
3138,34.0,Female,Coat,Outerwear,3282,Bengaluru,M,Turquoise,Spring,2.7,No,2-Day Shipping,No,No,14, Net Banking ,Monthly
3139,47.0,Male,T-Shirt,Clothing,7287, Mumbai ,L,Gray,Fall,4.6,No,Next Day Air,No,No,40,upi,Every 3 Months
3140,35.0,F,Shawl,Accessories,6416,AHMEDABAD,M,Olive,Winter,4.4,No,Next Day Air,No,No,4,Paytm,Weekly
3141,34.0,female,Handbag,Accessories,3153,Jaipur,XL,Peach,Summer,4.6,No,Free Shipping,No,No,37,Debit Card,Weekly
3142,36.0,Female,Wallet,Accessories,2217, Mumbai ,S,Peach,Winter,4.9,No,Express,No,No,47,Cash,Bi-Weekly
3143,23.0,F,Shoes,Footwear,1493,Kochi,L,Magenta,Winter,4.0,No,2-Day Shipping,No,No,1,Cash,Quarterly
3144,68.0,Male,Jacket,Clothing,1592, Kochi ,M,Purple,Summer,2.9,No,Store Pickup,No,No,26,Debit Card,Quarterly
3145,23.0,F,Loafers,Footwear,5130,Hyderabad  ,L,Beige,Spring,2.6,No,Free Shipping,No,No,12,Net Banking,Quarterly
3146,57.0,Other,Belt,Accessories,2219,Kolkata,XL,Purple,Spring,4.6,No,Standard,No,No,16,Net Banking,Fortnightly
3147,21.0,F,Jacket,Clothing,6376, Chandigarh ,S,Yellow,Winter,4.9,No,Free Shipping,No,No,19,Google Pay,Annually
3148,45.0,Female,Ethnic Top,Clothing,7582, Bengaluru ,M,Pink,Winter,4.3,No,Express,No,No,21,PhonePe,Weekly
3149,37.0,Female,Trousers,Clothing,2486, Ahmedabad ,L,Purple,Fall,4.3,No,Free Shipping,No,No,15,UPI,Weekly
3150,18.0,Female,Shawl,Accessories,2845, Bengaluru ,M,Lavender,Winter,4.6,No,Free Shipping,No,No,9,Cash,Annually
3151,55.0,Male,Kurti,Clothing,1761,Kochi  ,M,Peach,Spring,2.6,No,Express,No,No,7,Net Banking,Bi-Weekly
3152,52.0,Male,T-Shirt,Clothing,4698,Patna,L,Orange,Fall,3.1,No,2-Day Shipping,No,No,47,Cash,Quarterly
3153,49.0,Female,Wallet,Accessories,6844, Patna ,M,Red,Fall,3.1,No,Store Pickup,No,No,17,Paytm,Monthly
3154,56.0,Male,Ethnic Top,Clothing,6798,Mumbai  ,L,Red,Fall,3.1,No,Next Day Air,No,No,46,PhonePe,Fortnightly
3155,27.0,Female,Watch,Accessories,3977,Patna,M,Gold,Winter,4.4,No,Standard,No,No,32,GPay,Quarterly
3156,22.0,Male,Handbag,Accessories,6741,agra,M,Brown,Fall,4.3,No,Free Shipping,No,No,34,Net Banking,Annually
3157,18.0,Female,Ethnic Top,Clothing,0,kolkata,M,Black,Winter,3.1,No,2-Day Shipping,No,No,18,Credit Card,Monthly
3158,21.0,Male,Belt,Accessories,2365,Indore,L,Red,Fall,3.1,No,Store Pickup,No,No,5,UPI,Fortnightly
3159,30.0,Male,Sunglasses,Accessories,5934,Mumbai,M,Gray,Winter,4.9,No,2-Day Shipping,No,No,44,DEBIT CARD,Monthly
3160,62.0,,Handbag,Accessories,6800,Ahmedabad,L,Pink,Winter,2.9,No,Store Pickup,No,No,4,PHONEPE,Quarterly
3161,28.0,male,Watch,Accessories,6518,Nagpur,XL,Turquoise,Fall,3.8,No,Next Day Air,No,No,37,Google Pay,Fortnightly
3162,66.0,Male,Jeans,Clothing,5715,MUMBAI,S,Charcoal,Winter,4.2,No,2-Day Shipping,No,No,43,Google Pay,Monthly
3163,66.0,male,Mojaris,Footwear,6282,,L,Blue,Winter,3.9,No,Standard,No,No,28,upi,Quarterly
3164,49.0,Male,Jacket,Clothing,5052,Indore  ,XL,Turquoise,Summer,2.8,No,Express,No,No,36, UPI ,Monthly
3165,40.0,Male,Saree,Clothing,2464,Kolkata  ,L,Silver,Winter,2.6,No,Standard,No,No,16,Net Banking,Annually
3166,49.0,Male,Jacket,Outerwear,6989, Mumbai ,M,Lavender,Spring,3.0,No,Store Pickup,No,No,38,Paytm,Every 3 Months
3167,19.0,F,Kurti,Clothing,6008,MUMBAI,M,Gold,Winter,2.7,No,Next Day Air,No,No,37,Paytm,Fortnightly
3168,24.0,M,Ethnic Top,Clothing,5814,patna,M,Blue,Fall,2.8,No,2-Day Shipping,No,No,9,Debit Card,Bi-Weekly
3169,31.0,F,Trousers,Clothing,1941,Surat,M,Orange,Spring,2.9,No,2-Day Shipping,No,No,14,Debit Card,Fortnightly
3170,35.0,Male,Kurti,Clothing,4595, Mumbai ,M,White,Fall,3.8,No,Free Shipping,No,No,3,NET BANKING,Weekly
3171,65.0,Male,Handbag,Accessories,3194,Pune  ,XL,Charcoal,Spring,4.4,No,Express,No,No,10,UPI,Fortnightly
3172,68.0,Male,Backpack,Accessories,1901,BENGALURU,M,Maroon,Spring,3.1,No,Express,No,No,26,upi,Bi-Weekly
3173,57.0,Female,Saree,Clothing,3989,AHMEDABAD,M,Olive,Fall,3.7,No,Standard,No,No,30,PhonePe,Bi-Weekly
3174,69.0,Male,T-Shirt,Clothing,3517,Kochi,L,Teal,Summer,4.9,No,Next Day Air,No,No,32, Paytm ,Fortnightly
3175,45.0,Female,T-Shirt,Clothing,3850,Pune  ,L,Orange,Winter,3.8,No,Store Pickup,No,No,35,Google Pay,Monthly
3176,35.0,M,Saree,Clothing,3156,Pune  ,M,Maroon,Fall,3.4,No,Store Pickup,No,No,26,Cash,Every 3 Months
3177,36.0,M,Boots,Footwear,2829,delhi,XL,Turquoise,Spring,4.6,No,2-Day Shipping,No,No,39,Cash,Monthly
3178,55.0,Female,Scarf,Accessories,4052,Nagpur,L,Beige,Fall,3.2,No,Standard,No,No,31,cash,Monthly
3179,66.0,Male,Mojaris,Footwear,2726,jaipur,L,Beige,Spring,,No,Free Shipping,No,No,28, Net Banking ,Annually
3180,57.0,Male,Kurta,Clothing,6540,patna,M,Olive,Spring,4.3,No,Free Shipping,No,No,12,Paytm,Bi-Weekly
3181,18.0,Female,Wallet,Accessories,6742,Agra  ,L,Turquoise,Fall,3.8,No,Standard,No,No,46,paytm,Weekly
3182,31.0,Female,Jacket,Outerwear,3982,agra,M,Charcoal,Summer,4.4,No,Free Shipping,No,No,27,upi,Every 3 Months
3183,50.0,Female,Handbag,Accessories,7170,,L,Green,Fall,3.6,No,Free Shipping,No,No,4,Cash,Annually
3184,50.0,F,Slippers,Footwear,4369,Lucknow,M,Green,Winter,3.5,No,Standard,No,No,14,UPI,Every 3 Months
3185,61.0,Female,Trousers,Clothing,4001,Lucknow,L,Green,Spring,,No,2-Day Shipping,No,No,30, Paytm ,Quarterly
3186,52.0,Female,Trousers,Clothing,5317,Hyderabad,L,Gold,Fall,4.7,No,Express,No,No,6,Credit Card,Annually
3187,38.0,M,Sunglasses,Accessories,7077, Ahmedabad ,S,Cyan,Winter,4.8,No,Store Pickup,No,No,43,Credit Card,Annually
3188,67.0,Female,Ethnic Top,Clothing,5513,VARANASI,L,Indigo,Winter,3.2,No,Free Shipping,No,No,28,Debit Card,Weekly
3189,42.0,Female,Lehenga,Clothing,4613,varanasi,M,Lavender,Winter,3.5,No,Standard,No,No,39, Paytm ,Monthly
3190,25.0,,Boots,Footwear,6701,Vadodara,M,Beige,Summer,4.2,No,Store Pickup,No,No,30,Cash,Bi-Weekly
3191,41.0,Male,Ethnic Top,Clothing,5767,Kochi,S,Purple,Fall,3.4,No,Free Shipping,No,No,5,Net Banking,Fortnightly
3192,62.0,Male,Ethnic Top,Clothing,4904,Vadodara,XL,Maroon,Winter,4.7,No,Store Pickup,No,No,42,Credit Card,Every 3 Months
3193,19.0,Female,Jacket,Clothing,5851,KOCHI,S,Maroon,Fall,3.0,No,Free Shipping,No,No,20,Net Banking,Fortnightly
3194,63.0,Male,Sunglasses,Accessories,7467,Varanasi  ,L,Teal,Winter,4.0,No,Express,No,No,35,Net Banking,Fortnightly
3195,43.0,Other,,Footwear,3720,SURAT,L,Gold,Summer,4.6,No,Standard,No,No,10,Debit Card,Bi-Weekly
3196,,Male,Wallet,Accessories,4301,Hyderabad,S,Red,Spring,4.9,No,Next Day Air,No,No,36,Debit Card,Quarterly
3197,24.0,Female,,Accessories,4352,Patna,L,Maroon,Winter,2.8,No,Express,No,No,21,Paytm,Fortnightly
3198,27.0,M,T-Shirt,Clothing,5248,Ahmedabad,M,Teal,Spring,3.2,No,Free Shipping,No,No,29, Debit Card ,Every 3 Months
3199,61.0,Female,Watch,Accessories,6995,Vadodara  ,L,Peach,Winter,2.8,No,Free Shipping,No,No,39,upi,Weekly
3200,59.0,Female,Handbag,Accessories,3076,Bhopal  ,XL,Pink,Winter,4.2,No,Express,No,No,16,UPI,Monthly
3201,67.0,Female,Saree,Clothing,1909,Kochi,L,Black,Spring,4.8,No,Free Shipping,No,No,32,UPI,Monthly
3202,46.0,Female,,Clothing,3043,Mumbai,S,Indigo,Fall,2.8,No,2-Day Shipping,No,No,34,Google Pay,Monthly
3203,65.0,Female,Watch,Accessories,2726,VADODARA,L,Green,Fall,4.5,No,Standard,No,No,38,Net Banking,Annually
3204,63.0,Male,Coat,Outerwear,2334,Mumbai  ,L,Teal,Spring,4.1,No,Express,No,No,14,UPI,Annually
3205,57.0,Male,Jacket,Outerwear,6810,chandigarh,XL,Lavender,Fall,4.3,No,Free Shipping,No,No,23,cash,Bi-Weekly
3206,40.0,,Trousers,Clothing,1715,Jaipur  ,XL,Magenta,Fall,4.4,No,2-Day Shipping,No,No,50,UPI,Every 3 Months
3207,36.0,Male,Mojaris,Footwear,3887,Bhopal  ,M,Brown,Winter,3.0,No,Free Shipping,No,No,49,Paytm,Monthly
3208,67.0,Male,Kurti,Clothing,2031,Nagpur,XL,Beige,Summer,2.7,No,Next Day Air,No,No,14,Credit Card,Annually
3209,61.0,F,Watch,Accessories,2300, Surat ,L,Indigo,Winter,3.3,No,2-Day Shipping,No,No,42,CASH,Weekly
3210,64.0,Male,Boots,Footwear,2508,nagpur,L,Peach,Fall,4.3,No,Standard,No,No,39,Credit Card,Annually
3211,30.0,Male,Jacket,Clothing,4974,Vadodara  ,M,Magenta,Summer,2.9,No,Express,No,No,43,upi,Bi-Weekly
3212,53.0,Female,Kurta,Clothing,4836,Kolkata,L,Turquoise,Winter,4.9,No,Standard,No,No,12,NET BANKING,Monthly
3213,27.0,Male,Slippers,Footwear,1569,Nagpur,M,Indigo,Winter,3.6,No,2-Day Shipping,No,No,21,UPI,Weekly
3214,27.0,Male,Belt,Accessories,4069, Vadodara ,M,Brown,Winter,3.3,No,Standard,No,No,33,UPI,Monthly
3215,53.0,Male,T-Shirt,Clothing,6000,Ahmedabad,M,Yellow,Spring,3.1,No,Free Shipping,No,No,6,DEBIT CARD,Annually
3216,34.0,Female,Coat,Outerwear,6648,Jaipur,M,Magenta,Summer,2.7,No,Free Shipping,No,No,10,PAYTM,Every 3 Months
3217,39.0,Female,Trousers,Clothing,6341,kolkata,S,Olive,Winter,3.4,No,Next Day Air,No,No,18,Paytm,Weekly
3218,44.0,Female,Belt,Accessories,4447,CHENNAI,M,Silver,Fall,3.4,No,Express,No,No,46,Net Banking,Weekly
3219,37.0,Male,Trousers,Clothing,2500,Bhopal,M,Teal,Fall,3.9,No,Express,No,No,49, Paytm ,Monthly
3220,57.0,Female,Coat,Outerwear,3125,Chandigarh,L,White,Summer,3.5,No,2-Day Shipping,No,No,39,Credit Card,Weekly
3221,38.0,Female,Sunglasses,Accessories,1976,Delhi,M,Blue,Fall,4.1,No,Free Shipping,No,No,16, Cash ,Monthly
3222,21.0,Other,Lehenga,Clothing,5651,Chandigarh,M,Yellow,Winter,3.2,No,Standard,No,No,28,Cash,Annually
3223,45.0,F,Cap,Accessories,6464,Agra,S,Maroon,Fall,4.6,No,Store Pickup,No,No,22,Google Pay,Quarterly
3224,68.0,Other,Shirt,Clothing,4739,Jaipur  ,S,Gray,Spring,3.9,No,Standard,No,No,36,Credit Card,Bi-Weekly
3225,37.0,Male,Shirt,Clothing,6125,MUMBAI,L,Indigo,Winter,2.7,No,Free Shipping,No,No,18,paytm,Monthly
3226,53.0,Male,T-Shirt,Clothing,7218,bhopal,M,Pink,Fall,3.0,No,Store Pickup,No,No,31,Net Banking,Weekly
3227,57.0,Male,Slippers,Footwear,5245,Hyderabad  ,XL,Beige,Spring,3.3,No,Next Day Air,No,No,38,PhonePe,Fortnightly
3228,28.0,F,Belt,Accessories,5083,Hyderabad,XL,White,Fall,2.7,No,Free Shipping,No,No,42, Google Pay ,Quarterly
3229,37.0,Female,Cap,Accessories,7240,Vadodara,M,Yellow,Spring,4.6,No,2-Day Shipping,No,No,27, UPI ,Annually
3230,54.0,Female,Shirt,Clothing,5071,Surat,M,Teal,Fall,2.7,No,Express,No,No,24,Debit Card,Monthly
3231,49.0,Male,Sandals,Footwear,3567,agra,M,Olive,Summer,2.5,No,Next Day Air,No,No,38,Credit Card,Annually
3232,62.0,Male,Loafers,Footwear,7342,Patna,M,Maroon,Winter,4.4,No,Free Shipping,No,No,9,debit card,Annually
3233,45.0,Other,Kurti,Clothing,2452,AGRA,M,White,Spring,4.0,No,Next Day Air,No,No,19,Google Pay,Monthly
3234,45.0,Male,Backpack,Accessories,5461, Nagpur ,M,Lavender,Fall,3.8,No,Express,No,No,11,NET BANKING,Bi-Weekly
3235,49.0,male,Belt,Accessories,7320,Kolkata,M,Black,Winter,2.5,No,2-Day Shipping,No,No,16,cash,Quarterly
3236,27.0,Female,Wallet,Accessories,5203,Indore,M,Green,Summer,4.0,No,Free Shipping,No,No,18,Net Banking,Monthly
3237,63.0,Male,Sunglasses,Accessories,6443,Bhopal,L,Olive,Fall,4.1,No,Next Day Air,No,No,8, PhonePe ,Monthly
3238,61.0,Female,Ethnic Top,Clothing,4136,agra,M,Gray,Summer,2.8,No,Express,No,No,4,Google Pay,Weekly
3239,25.0,Male,Slippers,Footwear,6399,Chennai  ,XL,Teal,Fall,3.4,No,2-Day Shipping,No,No,37,Credit Card,Quarterly
3240,33.0,F,Scarf,Accessories,2335, Nagpur ,M,Charcoal,Fall,2.7,No,2-Day Shipping,No,No,30,Paytm,Monthly
3241,56.0,Male,Loafers,Footwear,2629, Delhi ,M,Violet,Fall,3.8,No,2-Day Shipping,No,No,37,UPI,Monthly
3242,50.0,Male,Scarf,Accessories,4257,Lucknow,M,Lavender,Summer,4.4,No,Store Pickup,No,No,30,Paytm,Quarterly
3243,45.0,F,Lehenga,Clothing,5652,Surat,S,Beige,Fall,2.8,No,Express,No,No,17,Paytm,Weekly
3244,45.0,Female,Trousers,Clothing,7482,Chandigarh,L,Black,Summer,5.0,No,Store Pickup,No,No,11,Net Banking,Every 3 Months
3245,65.0,Male,Ethnic Top,Clothing,6127,patna,M,Black,Fall,4.7,No,Express,No,No,42, Credit Card ,Annually
3246,63.0,Male,Lehenga,Clothing,5721,Chennai,M,Purple,Fall,3.2,No,Next Day Air,No,No,20,Paytm,Weekly
3247,70.0,Male,Mojaris,Footwear,7518,DELHI,M,Magenta,Summer,2.9,No,Store Pickup,No,No,37,Net Banking,Monthly
3248,53.0,F,Shawl,Accessories,6791,Bhopal,M,Teal,Summer,3.7,No,Express,No,No,12, Paytm ,Fortnightly
3249,22.0,Female,Saree,Clothing,5884, Chandigarh ,S,Teal,Summer,4.2,No,Free Shipping,No,No,41,,Quarterly
3250,26.0,Male,Shawl,Accessories,6190,,M,Pink,Summer,3.4,No,Express,No,No,32, Net Banking ,Quarterly
3251,23.0,Male,Coat,Outerwear,6754,,M,Teal,Spring,2.9,No,2-Day Shipping,No,No,15,credit card,Weekly
3252,25.0,Female,Coat,Outerwear,1566,Surat,M,Gold,Winter,3.7,No,Standard,No,No,39,PHONEPE,Quarterly
3253,69.0,Male,Slippers,Footwear,1512,JAIPUR,L,Brown,Spring,2.7,No,Store Pickup,No,No,48,Paytm,Fortnightly
3254,36.0,F,Scarf,Accessories,4667, Varanasi ,M,Brown,Fall,3.2,No,2-Day Shipping,No,No,8,Google Pay,Fortnightly
3255,21.0,Male,Ethnic Top,Clothing,2470,Agra,S,Magenta,Winter,4.9,No,Store Pickup,No,No,11, Cash ,Every 3 Months
3256,57.0,Female,Saree,Clothing,3047, Agra ,M,Black,Fall,2.8,No,Next Day Air,No,No,36,UPI,Monthly
3257,60.0,Male,Wallet,Accessories,1804,bhopal,L,Teal,Winter,4.7,No,Free Shipping,No,No,50,debit card,Every 3 Months
3258,44.0,Male,Saree,Clothing,7358, Chennai ,M,Brown,Fall,3.3,No,Express,No,No,39,UPI,Every 3 Months
3259,31.0,,Sandals,Footwear,3641, Lucknow ,M,Magenta,Spring,4.3,No,Express,No,No,11,Credit Card,Bi-Weekly
3260,57.0,female,Watch,Accessories,6992,Nagpur,XL,Indigo,Fall,3.7,No,2-Day Shipping,No,No,5,Net Banking,Every 3 Months
3261,,female,,Accessories,2632,Chennai,M,Violet,Summer,4.5,No,2-Day Shipping,No,No,7,DEBIT CARD,Annually
3262,48.0,Female,Sunglasses,Accessories,3887,Indore  ,L,Cyan,Winter,3.4,No,Store Pickup,No,No,50, Credit Card ,Weekly
3263,42.0,Female,Kurti,Clothing,2732,Pune,M,Violet,Spring,2.7,No,Standard,No,No,21,Cash,Every 3 Months
3264,,Male,Jacket,Clothing,5037,Jaipur  ,S,Black,Fall,4.4,No,Express,No,No,31,NET BANKING,Fortnightly
3265,28.0,male,Kurta,Clothing,3723,BENGALURU,S,Charcoal,Winter,4.0,No,Express,No,No,39, Cash ,Bi-Weekly
3266,40.0,Other,Watch,Accessories,7396,surat,M,White,Winter,3.2,No,Express,No,No,28,PhonePe,Fortnightly
3267,49.0,Male,Coat,Outerwear,5520, Indore ,S,Gray,Winter,4.2,No,Next Day Air,No,No,33,Paytm,Weekly
3268,37.0,Male,Trousers,Clothing,3328,vadodara,L,Pink,Winter,3.0,No,Store Pickup,No,No,42,Credit Card,Quarterly
3269,22.0,Male,T-Shirt,Clothing,7257,Kochi,M,Cyan,Fall,2.8,No,Free Shipping,No,No,5,Cash,Every 3 Months
3270,,Male,Saree,Clothing,4541,Bengaluru,M,Blue,Winter,4.9,No,Express,No,No,25,CREDIT CARD,Monthly
3271,59.0,Male,T-Shirt,Clothing,1978,bhopal,M,Indigo,Winter,4.7,No,Express,No,No,48,UPI,Annually
3272,35.0,female,Saree,Clothing,4209,Jaipur,XL,Magenta,Spring,4.4,No,Standard,No,No,30,PAYTM,Weekly
3273,58.0,F,,Footwear,7251,Pune,M,Lavender,Winter,3.1,No,Next Day Air,No,No,34,PhonePe,Quarterly
3274,58.0,F,Backpack,Accessories,3534,Jaipur,S,Orange,Summer,2.6,No,Free Shipping,No,No,34,Cash,Every 3 Months
3275,46.0,Other,Jacket,Clothing,1359,Patna,M,Cyan,Spring,3.9,No,Store Pickup,No,No,14,Net Banking,Fortnightly
3276,43.0,F,Saree,Clothing,6601,Vadodara  ,XL,Green,Summer,2.6,No,2-Day Shipping,No,No,2,Credit Card,Weekly
3277,39.0,Male,Shawl,Accessories,7474,Chennai,M,White,Summer,4.0,No,Store Pickup,No,No,41,Credit Card,Every 3 Months
3278,59.0,Male,,Clothing,6611,Patna,M,Blue,Spring,4.9,No,Store Pickup,No,No,3,net banking,Monthly
3279,59.0,Female,Kurta,Clothing,5118,Hyderabad,M,Black,Summer,3.3,No,2-Day Shipping,No,No,18,Credit Card,Weekly
3280,59.0,Male,Handbag,Accessories,3919,MUMBAI,S,Red,Fall,3.0,No,Express,No,No,1,UPI,Fortnightly
3281,45.0,Male,Belt,Accessories,4095,INDORE,L,Red,Winter,2.7,No,Next Day Air,No,No,5,Cash,Monthly
3282,27.0,Other,Ethnic Top,Clothing,5126,Jaipur  ,L,Gold,Winter,3.1,No,Free Shipping,No,No,41,CREDIT CARD,Annually
3283,24.0,Male,T-Shirt,Clothing,6951,jaipur,M,Red,Fall,4.8,No,Next Day Air,No,No,5,credit card,Monthly
3284,47.0,Male,Jacket,Outerwear,1986,KOLKATA,L,Purple,Spring,2.9,No,Express,No,No,10, UPI ,Every 3 Months
3285,70.0,Male,Backpack,Accessories,5819,Chandigarh,L,White,Spring,4.5,No,2-Day Shipping,No,No,20,credit card,Annually
3286,58.0,Male,Cap,Accessories,2485,DELHI,XL,Magenta,Fall,4.6,No,Free Shipping,No,No,11,Net Banking,Weekly
3287,45.0,F,Jacket,Outerwear,5053,Hyderabad,L,Pink,Winter,5.0,No,Express,No,No,4,paytm,Fortnightly
3288,24.0,Female,Ethnic Top,Clothing,4649,Patna  ,L,Black,Spring,4.3,No,2-Day Shipping,No,No,38,PAYTM,Weekly
3289,67.0,F,Cap,Accessories,4632,Patna,XL,White,Spring,4.9,No,Next Day Air,No,No,19,UPI,Bi-Weekly
3290,31.0,Male,Scarf,Accessories,3871,Patna  ,M,Maroon,Summer,4.0,No,2-Day Shipping,No,No,16,Paytm,Every 3 Months
3291,52.0,Male,Coat,Outerwear,6318,MUMBAI,L,Black,Spring,3.1,No,Free Shipping,No,No,2,,Monthly
3292,29.0,F,Sunglasses,Accessories,3860,Jaipur,L,Olive,Fall,2.6,No,2-Day Shipping,No,No,11,Debit Card,Monthly
3293,62.0,male,Backpack,Accessories,1686,Ahmedabad,L,Gray,Spring,4.9,No,Standard,No,No,18,debit card,Fortnightly
3294,,F,Coat,Outerwear,6666,Pune,M,Gold,Spring,3.5,No,2-Day Shipping,No,No,47,phonepe,Fortnightly
3295,62.0,Other,T-Shirt,Clothing,4575, Hyderabad ,S,Magenta,Spring,4.5,No,Store Pickup,No,No,15,credit card,Bi-Weekly
3296,70.0,Female,Trousers,Clothing,2702, Vadodara ,S,Lavender,Summer,2.8,No,Next Day Air,No,No,15,Phone Pay,Weekly
3297,20.0,Female,Kurta,Clothing,1592,Bengaluru,M,Green,Spring,4.2,No,Next Day Air,No,No,47,paytm,Quarterly
3298,67.0,M,Cap,Accessories,6122,kolkata,M,Violet,Fall,4.1,No,Free Shipping,No,No,47,UPI,Monthly
3299,65.0,Male,Jacket,Outerwear,5605,Bhopal,M,Brown,Fall,3.5,No,Express,No,No,6,DEBIT CARD,Every 3 Months
3300,45.0,Female,Lehenga,Clothing,2324, Bhopal ,L,Teal,Spring,4.0,No,2-Day Shipping,No,No,18,UPI,Monthly
3301,26.0,male,Scarf,Accessories,5969,AHMEDABAD,M,Charcoal,Spring,4.0,No,Express,No,No,40,PhonePe,Bi-Weekly
3302,36.0,Other,Saree,Clothing,4196, Delhi ,XL,Charcoal,Summer,2.5,No,Free Shipping,No,No,31,Net Banking,Fortnightly
3303,,Male,Jeans,Clothing,6210,hyderabad,XL,Beige,Winter,4.2,No,Standard,No,No,31,Paytm,Bi-Weekly
3304,20.0,male,Wallet,Accessories,4516,Chandigarh,S,Turquoise,Summer,3.4,No,Next Day Air,No,No,4,Cash,Fortnightly
3305,30.0,Male,,Accessories,6029,Bengaluru,XL,Orange,Fall,4.8,No,Next Day Air,No,No,36,Credit Card,Every 3 Months
3306,34.0,male,Shirt,Clothing,2998,patna,L,Cyan,Summer,4.9,No,Standard,No,No,31,Cash,Bi-Weekly
3307,63.0,Female,Jacket,Outerwear,3017,Nagpur,L,Orange,Summer,3.6,No,Store Pickup,No,No,6,Paytm,Fortnightly
3308,18.0,Female,Backpack,Accessories,2661,LUCKNOW,S,Green,Winter,4.0,No,Store Pickup,No,No,1,Debit Card,Monthly
3309,55.0,Female,Ethnic Top,Clothing,5250,Bhopal  ,M,Pink,Fall,2.6,No,Express,No,No,29,Net Banking,Monthly
3310,48.0,Female,Belt,Accessories,3599,SURAT,M,Blue,Summer,3.1,No,Store Pickup,No,No,19,Paytm,Monthly
3311,45.0,Male,Jacket,Outerwear,2030,Lucknow,M,Pink,Winter,3.6,No,Free Shipping,No,No,12, UPI ,Fortnightly
3312,29.0,male,Backpack,Accessories,3739,Kochi,L,Blue,Summer,4.0,No,Express,No,No,18, Google Pay ,Annually
3313,55.0,Male,Loafers,Footwear,5697,Patna,L,Black,Summer,3.9,No,Next Day Air,No,No,45,Net Banking,Quarterly
3314,55.0,Female,Cap,Accessories,2237,Chennai,XL,Black,Fall,3.9,No,Express,No,No,45,DEBIT CARD,Monthly
3315,55.0,Female,Lehenga,Clothing,7204,Kolkata,M,Violet,Spring,3.3,No,Standard,No,No,8,CASH,Quarterly
3316,48.0,Male,Handbag,Accessories,4992,Mumbai,S,Gold,Summer,2.9,No,Standard,No,No,4, Credit Card ,Every 3 Months
3317,42.0,male,Kurti,Clothing,3216,Nagpur,M,Olive,Summer,3.1,No,Free Shipping,No,No,5,Debit Card,Fortnightly
3318,21.0,Female,Belt,Accessories,5203,Hyderabad,XL,Pink,Summer,4.7,No,Standard,No,No,30,Debit Card,Quarterly
3319,45.0,Female,Jacket,Outerwear,3356,Kochi  ,M,Olive,Summer,3.9,No,Free Shipping,No,No,15,Credit Card,Monthly
3320,23.0,Female,Saree,Clothing,2452,LUCKNOW,M,Indigo,Summer,4.3,No,Next Day Air,No,No,17,Cash,Every 3 Months
3321,66.0,Male,Jacket,Clothing,3164,Bengaluru  ,XL,Silver,Fall,4.2,No,2-Day Shipping,No,No,45,Debit Card,Every 3 Months
3322,32.0,M,Coat,Outerwear,7664,BENGALURU,S,Charcoal,Winter,4.3,No,Next Day Air,No,No,3,upi,Annually
3323,52.0,Female,Saree,Clothing,7008,Surat,XL,Orange,Winter,4.6,No,Next Day Air,No,No,43,paytm,Weekly
3324,54.0,Female,Shawl,Accessories,5784,Kolkata  ,M,Yellow,Winter,3.8,No,Free Shipping,No,No,4,UPI,Monthly
3325,37.0,Female,Ethnic Top,Clothing,2588,Nagpur,S,Red,Fall,3.3,No,Standard,No,No,41, Paytm ,Weekly
3326,29.0,Female,Sneakers,Footwear,7098,BHOPAL,M,Maroon,Fall,3.7,No,2-Day Shipping,No,No,16,GOOGLE PAY,Monthly
3327,47.0,Female,Wallet,Accessories,6952,varanasi,M,Magenta,Summer,4.3,No,Standard,No,No,10,Debit Card,Annually
3328,47.0,Other,Jeans,Clothing,4661,Chandigarh  ,M,Black,Spring,4.1,No,Express,No,No,2,Google Pay,Quarterly
3329,42.0,Male,Boots,Footwear,2697,Hyderabad,M,Violet,Spring,3.2,No,Free Shipping,No,No,11,Phone Pay,Bi-Weekly
3330,34.0,Male,Wallet,Accessories,4078, Kolkata ,M,Gray,Winter,3.8,No,Express,No,No,1,Cash,Bi-Weekly
3331,38.0,Female,Sandals,Footwear,7019, Delhi ,M,Black,Spring,3.2,No,2-Day Shipping,No,No,41,Paytm,Quarterly
3332,55.0,Male,Shawl,Accessories,4152,Varanasi,M,Pink,Summer,3.5,No,Free Shipping,No,No,39,UPI,Quarterly
3333,27.0,Male,Ethnic Top,Clothing,1742,Indore,M,Silver,Summer,3.1,No,2-Day Shipping,No,No,1,Net Banking,Bi-Weekly
3334,55.0,F,Jacket,Clothing,2823,surat,M,Violet,Spring,4.2,No,Express,No,No,3, UPI ,Monthly
3335,66.0,female,Jeans,Clothing,1831, Nagpur ,M,Beige,Summer,3.4,No,Free Shipping,No,No,21,Debit Card,Annually
3336,44.0,Male,Sunglasses,Accessories,6985,ahmedabad,XL,Cyan,Winter,3.5,No,Express,No,No,48,UPI,Quarterly
3337,39.0,Male,T-Shirt,Clothing,3571,Bhopal,M,Brown,Fall,4.0,No,Free Shipping,No,No,24,PhonePe,Annually
3338,23.0,Female,Jacket,Outerwear,1527,,L,Blue,Winter,4.4,No,2-Day Shipping,No,No,45,Credit Card,Bi-Weekly
3339,29.0,Female,Jacket,Clothing,7042, Surat ,L,White,Winter,2.9,No,2-Day Shipping,No,No,46,UPI,Monthly
3340,20.0,Female,Watch,Accessories,7297,JAIPUR,M,Cyan,Fall,3.6,No,Store Pickup,No,No,35,Debit Card,Fortnightly
3341,42.0,Male,Jacket,Clothing,2860,mumbai,XL,Maroon,Fall,4.4,No,Free Shipping,No,No,47,google pay,Fortnightly
3342,55.0,Male,Jacket,Outerwear,3667,Chennai,XL,Olive,Summer,,No,Standard,No,No,35,Cash,Monthly
3343,66.0,Female,Jacket,Outerwear,6028,kolkata,M,Violet,Spring,3.8,No,Free Shipping,No,No,45,UPI,Weekly
3344,24.0,,Kurta,Clothing,2333,PUNE,XL,Green,Winter,3.6,No,2-Day Shipping,No,No,6,UPI,Bi-Weekly
3345,62.0,Female,Backpack,Accessories,3433,Delhi  ,XL,Magenta,Fall,4.3,No,Free Shipping,No,No,20,UPI,Annually
889,49.0,Male,Sunglasses,Accessories,5674, Kolkata ,S,Gold,Spring,,Yes,Express,Yes,Yes,44,debit card,Annually
3347,30.0,Male,Jacket,Clothing,7542,VARANASI,M,Black,Summer,3.4,No,Express,No,No,30,cash,Quarterly
3348,22.0,male,Mojaris,Footwear,5169,Bhopal,XL,Cyan,Summer,4.4,No,Standard,No,No,28,Credit Card,Bi-Weekly
3349,28.0,Female,T-Shirt,Clothing,5464,Indore,L,Gray,Winter,2.8,No,Standard,No,No,15,,Every 3 Months
3350,35.0,Female,Cap,Accessories,5737,Indore,M,Red,Fall,2.8,No,Store Pickup,No,No,29, Credit Card ,Quarterly
3351,45.0,M,Wallet,Accessories,2343,Chandigarh,S,Olive,Fall,4.9,No,2-Day Shipping,No,No,15,Credit Card,Bi-Weekly
3352,43.0,Male,Lehenga,Clothing,3807,Hyderabad,L,Cyan,Spring,4.2,No,2-Day Shipping,No,No,18,Cash,Fortnightly
3353,55.0,Female,Wallet,Accessories,7256,PATNA,M,Teal,Summer,2.9,No,Next Day Air,No,No,7,Cash,Bi-Weekly
3354,31.0,Male,Kurti,Clothing,4838,Pune,L,Teal,Fall,4.6,No,Free Shipping,No,No,19,PhonePe,Every 3 Months
3355,42.0,Other,Ethnic Top,Clothing,3221,Hyderabad,M,Orange,Fall,2.8,No,Next Day Air,No,No,15,Google Pay,Weekly
3356,40.0,female,Jacket,Clothing,2159,Surat,M,Peach,Spring,2.6,No,Store Pickup,No,No,3,UPI,Bi-Weekly
3357,39.0,Male,T-Shirt,Clothing,3627,Agra  ,M,Silver,Summer,3.5,No,Store Pickup,No,No,13,UPI,Bi-Weekly
3358,41.0,,Jeans,Clothing,5004,jaipur,M,Pink,Winter,3.5,No,Free Shipping,No,No,37, UPI ,Monthly
3359,56.0,F,Jeans,Clothing,4234,Chandigarh,M,Magenta,Fall,3.4,No,2-Day Shipping,No,No,26,Credit Card,Annually
3360,43.0,male,Shawl,Accessories,5633,Ahmedabad,L,Red,Fall,3.9,No,Next Day Air,No,No,29,Net Banking,Monthly
3361,22.0,Male,Jacket,Outerwear,6251,Delhi,M,Maroon,Spring,3.3,No,2-Day Shipping,No,No,47,Cash,Every 3 Months
3362,47.0,female,Sneakers,Footwear,1875,ahmedabad,M,Silver,Spring,4.1,No,Free Shipping,No,No,47,Paytm,Bi-Weekly
3363,50.0,Female,Backpack,Accessories,4508,patna,M,Gray,Summer,3.0,No,Next Day Air,No,No,48,Net Banking,Fortnightly
3364,58.0,Female,Lehenga,Clothing,1679,hyderabad,M,Turquoise,Winter,3.0,No,Next Day Air,No,No,46,Google Pay,Bi-Weekly
3365,50.0,Male,Wallet,Accessories,2522,Ahmedabad,M,Peach,Fall,3.2,No,Standard,No,No,7,Debit Card,Monthly
3366,43.0,Male,Jeans,Clothing,4289,bengaluru,L,Teal,Fall,3.9,No,Express,No,No,45,UPI,Every 3 Months
3367,38.0,Male,Wallet,Accessories,4992,JAIPUR,M,Red,Spring,3.6,No,2-Day Shipping,No,No,47,Paytm,Quarterly
3368,44.0,M,Trousers,Clothing,3575,Mumbai,M,Blue,Summer,3.1,No,Store Pickup,No,No,6,Paytm,Fortnightly
3369,30.0,Female,Mojaris,Footwear,1997,MUMBAI,M,Blue,Spring,4.8,No,Express,No,No,29,cash,Every 3 Months
3370,47.0,Male,T-Shirt,Clothing,999999,Patna,M,Indigo,Winter,3.8,No,2-Day Shipping,No,No,42,Paytm,Monthly
3371,30.0,Female,Wallet,Accessories,2198, Surat ,M,Charcoal,Summer,2.8,No,Store Pickup,No,No,46,Google Pay,Fortnightly
3372,49.0,Male,Saree,Clothing,7575,Bhopal,S,Turquoise,Winter,4.0,No,Next Day Air,No,No,28,Paytm,Annually
3373,56.0,Male,Lehenga,Clothing,1817,Hyderabad,M,Maroon,Winter,4.6,No,Free Shipping,No,No,14,DEBIT CARD,Every 3 Months
3374,70.0,F,Boots,Footwear,3991,Ahmedabad,M,Purple,Spring,3.5,No,Store Pickup,No,No,12,UPI,Every 3 Months
3375,22.0,Male,Saree,Clothing,3722,Jaipur,S,Lavender,Spring,3.7,No,2-Day Shipping,No,No,41,Debit Card,Annually
3376,51.0,Male,Loafers,Footwear,7261,CHENNAI,XL,Yellow,Fall,4.9,No,Express,No,No,8,UPI,Annually
3377,22.0,Male,Watch,Accessories,3455,VARANASI,M,Green,Winter,4.1,No,Store Pickup,No,No,24,phonepe,Quarterly
3378,37.0,M,Shirt,Clothing,2330,vadodara,M,Yellow,Winter,4.6,No,Next Day Air,No,No,18,Credit Card,Fortnightly
3379,49.0,M,T-Shirt,Clothing,5793,Chandigarh,L,Gold,Fall,4.5,No,Next Day Air,No,No,6,Paytm,Quarterly
3380,61.0,male,Shawl,Accessories,3734,Surat,L,Turquoise,Summer,5.0,No,Store Pickup,No,No,40,Debit Card,Weekly
3381,41.0,Female,Jeans,Clothing,4069,Jaipur  ,L,Blue,Summer,3.8,No,Standard,No,No,6,Credit Card,Every 3 Months
3382,57.0,Female,Scarf,Accessories,4816,Nagpur,L,Turquoise,Winter,4.7,No,Standard,No,No,27,CREDIT CARD,Quarterly
3383,34.0,Male,Jacket,Clothing,2806,bhopal,M,Maroon,Spring,2.8,No,Express,No,No,2,Credit Card,Weekly
3384,27.0,Male,Coat,Outerwear,3110,Pune,M,Pink,Fall,2.6,No,Next Day Air,No,No,39,Credit Card,Bi-Weekly
3385,39.0,F,Kurta,Clothing,1874,Lucknow,L,Maroon,Summer,3.8,No,Free Shipping,No,No,9,Credit Card,Quarterly
3386,62.0,Male,Shawl,Accessories,6251,lucknow,M,Olive,Winter,2.8,No,Standard,No,No,16,UPI,Every 3 Months
3387,34.0,Female,Ethnic Top,Clothing,4774,Patna  ,M,Lavender,Fall,2.6,No,2-Day Shipping,No,No,36,Google Pay,Quarterly
3388,53.0,Female,Jeans,Clothing,5659,AGRA,S,Pink,Spring,3.4,No,2-Day Shipping,No,No,2,Paytm,Bi-Weekly
3389,35.0,Male,Kurti,Clothing,4771,Chandigarh,M,Cyan,Spring,4.5,No,Store Pickup,No,No,21,Paytm,Weekly
3390,38.0,Female,Kurti,Clothing,4458,Patna  ,L,Maroon,Fall,3.8,No,Free Shipping,No,No,39,upi,Annually
3391,32.0,Female,Jeans,Clothing,5404,AHMEDABAD,S,Red,Summer,3.0,No,Next Day Air,No,No,38,Debit Card,Annually
3392,47.0,female,T-Shirt,Clothing,4362, Ahmedabad ,M,Silver,Fall,3.7,No,2-Day Shipping,No,No,6,upi,Every 3 Months
3393,53.0,Male,Scarf,Accessories,5461, Hyderabad ,XL,Blue,Winter,4.4,No,Free Shipping,No,No,6,cash,Bi-Weekly
3394,60.0,F,Kurta,Clothing,6573,Surat  ,M,Gold,Fall,3.1,No,Next Day Air,No,No,50,net banking,Monthly
3395,31.0,Female,Boots,Footwear,7440,Chandigarh,S,Yellow,Spring,4.2,No,Store Pickup,No,No,9, Credit Card ,Annually
3396,44.0,male,Jeans,Clothing,3363,CHANDIGARH,M,Silver,Winter,,No,Free Shipping,No,No,15,Google Pay,Every 3 Months
3397,29.0,Female,T-Shirt,Clothing,2900,Delhi,XL,Black,Winter,5.0,No,Next Day Air,No,No,5,Paytm,Quarterly
3398,19.0,Male,Trousers,Clothing,2817,Nagpur,L,Yellow,Summer,2.7,No,Standard,No,No,13,,Bi-Weekly
3399,54.0,Male,Ethnic Top,Clothing,4408, Surat ,L,Pink,Winter,3.8,No,Standard,No,No,44,PhonePe,Fortnightly
3400,40.0,Female,Trousers,Clothing,4114,VARANASI,XL,Yellow,Winter,3.3,No,Standard,No,No,36,UPI,Annually
3401,39.0,F,Scarf,Accessories,3979,Kolkata,M,Lavender,Fall,4.8,No,Free Shipping,No,No,18,PhonePe,Fortnightly
3402,44.0,Female,Watch,Accessories,5320,Surat,L,Peach,Winter,3.4,No,Standard,No,No,39, Paytm ,Weekly
2710,35.0,Male,Jeans,Clothing,4128,kolkata,S,Cyan,Winter,2.9,No,Standard,No,No,9,Net Banking,Bi-Weekly
3404,30.0,Male,Loafers,Footwear,4879, Kochi ,M,Olive,Summer,3.9,No,Standard,No,No,1, Paytm ,Bi-Weekly
3405,69.0,Male,Backpack,Accessories,2661,vadodara,L,Olive,Fall,3.9,No,2-Day Shipping,No,No,34, UPI ,Annually
3406,28.0,Female,Lehenga,Clothing,6506,Nagpur,M,White,Summer,4.2,No,Store Pickup,No,No,47,Debit Card,Bi-Weekly
3407,57.0,Male,Trousers,Clothing,5871,vadodara,M,Red,Spring,4.0,No,Store Pickup,No,No,24,Paytm,Quarterly
3408,46.0,female,Ethnic Top,Clothing,3517, Chennai ,S,Purple,Spring,2.6,No,Store Pickup,No,No,20, Cash ,Quarterly
3409,48.0,male,Trousers,Clothing,5210,Varanasi,L,Purple,Summer,4.4,No,Standard,No,No,11,Phone Pay,Annually
3410,24.0,M,Trousers,Clothing,6844,Varanasi,M,Teal,Summer,3.2,No,Next Day Air,No,No,3,GPay,Every 3 Months
3411,50.0,Male,Mojaris,Footwear,5755, Jaipur ,L,Teal,Summer,4.3,No,Free Shipping,No,No,38,Debit Card,Bi-Weekly
3412,29.0,Male,Shoes,Footwear,4395, Chandigarh ,L,Gray,Winter,4.9,No,2-Day Shipping,No,No,45,CASH,Weekly
3413,61.0,Female,Sandals,Footwear,6243,Delhi,M,Magenta,Fall,3.8,No,Store Pickup,No,No,31,Debit Card,Quarterly
3414,34.0,Female,Sunglasses,Accessories,6846,VADODARA,XL,Black,Winter,2.5,No,Express,No,No,16,UPI,Bi-Weekly
3415,27.0,Female,Shoes,Footwear,7211,KOLKATA,M,Maroon,Spring,4.9,No,Next Day Air,No,No,3,phonepe,Quarterly
3416,38.0,Male,Jacket,Clothing,5158,Mumbai,M,Gold,Fall,3.0,No,2-Day Shipping,No,No,15,Paytm,Annually
3417,25.0,male,Boots,Footwear,3777,SURAT,M,Purple,Spring,,No,Store Pickup,No,No,11,PhonePe,Every 3 Months
3418,54.0,M,Coat,Outerwear,2508,Kochi,M,Blue,Summer,2.9,No,2-Day Shipping,No,No,22,Debit Card,Fortnightly
3419,53.0,Male,Jacket,Outerwear,2205,Chennai,M,Beige,Summer,2.8,No,Free Shipping,No,No,35,UPI,Annually
3420,23.0,Male,Sunglasses,Accessories,1900,kolkata,L,Indigo,Winter,3.1,No,Store Pickup,No,No,5,Net Banking,Bi-Weekly
3421,19.0,Male,Cap,Accessories,4475, Kolkata ,M,Purple,Winter,3.4,No,Express,No,No,35, PhonePe ,Bi-Weekly
3422,57.0,Male,Shoes,Footwear,2244,Vadodara,M,Maroon,Summer,2.9,No,Free Shipping,No,No,27,cash,Weekly
3423,19.0,Male,Coat,Outerwear,6731,Kochi,L,Beige,Winter,3.2,No,Next Day Air,No,No,9,Paytm,Monthly
3424,33.0,Male,Sneakers,Footwear,5258,Lucknow,M,Brown,Spring,3.8,No,Next Day Air,No,No,21,,Bi-Weekly
3425,33.0,Female,Watch,Accessories,4875,Kochi,L,Green,Summer,3.6,No,2-Day Shipping,No,No,23,DEBIT CARD,Monthly
3426,38.0,Male,Cap,Accessories,4244,PATNA,M,Blue,Summer,4.3,No,Next Day Air,No,No,3,Google Pay,Bi-Weekly
3427,47.0,M,Kurta,Clothing,2776,Bengaluru,XL,Magenta,Fall,4.8,No,2-Day Shipping,No,No,31,Google Pay,Annually
3428,39.0,F,Ethnic Top,Clothing,3029, Kolkata ,XL,Turquoise,Winter,2.5,No,Store Pickup,No,No,44,DEBIT CARD,Annually
3429,32.0,M,Shawl,Accessories,5129,Ahmedabad  ,M,Gray,Fall,2.5,No,Next Day Air,No,No,20,Net Banking,Monthly
3430,27.0,Female,Jacket,Clothing,7276,BHOPAL,S,Purple,Winter,4.6,No,Express,No,No,34,Credit Card,Weekly
3431,67.0,Male,Kurta,Clothing,5510,patna,M,Lavender,Winter,4.2,No,Next Day Air,No,No,17,UPI,Every 3 Months
3432,46.0,female,Backpack,Accessories,3714,Chandigarh,S,Green,Summer,4.2,No,Express,No,No,20,PhonePe,Annually
3433,36.0,Male,Sneakers,Footwear,3469,Bhopal  ,M,Gray,Summer,4.8,No,2-Day Shipping,No,No,46,phonepe,Every 3 Months
3434,62.0,Other,Jeans,Clothing,6787, Delhi ,M,Yellow,Spring,4.5,No,Free Shipping,No,No,28,Credit Card,Annually
3435,31.0,Male,Lehenga,Clothing,5541, Nagpur ,S,Orange,Summer,3.3,No,2-Day Shipping,No,No,6,Cash,Fortnightly
3436,68.0,Female,T-Shirt,Clothing,6659,Indore,M,Beige,Summer,2.7,No,2-Day Shipping,No,No,50,Credit Card,Bi-Weekly
3437,57.0,Male,Scarf,Accessories,6071,Chandigarh,L,Peach,Winter,2.8,No,2-Day Shipping,No,No,41,paytm,Monthly
3438,22.0,,Jacket,Outerwear,4663,patna,S,Green,Winter,,No,2-Day Shipping,No,No,50,Paytm,Annually
3439,26.0,Other,Kurta,Clothing,5270,VADODARA,M,Violet,Fall,3.0,No,Store Pickup,No,No,33,Google Pay,Monthly
3440,,Male,Scarf,Accessories,6933,chandigarh,M,Gray,Summer,4.5,No,Express,No,No,25, UPI ,Quarterly
3441,45.0,female,Handbag,Accessories,4649,Bhopal,L,Magenta,Fall,4.3,No,2-Day Shipping,No,No,2,Net Banking,Weekly
3442,64.0,Other,Shirt,Clothing,7109,,XL,Charcoal,Fall,4.1,No,Standard,No,No,15,UPI,Annually
3443,28.0,male,Ethnic Top,Clothing,5686,Jaipur  ,M,Violet,Spring,4.3,No,Next Day Air,No,No,12,cash,Weekly
3444,47.0,Female,Jacket,Clothing,1876,Indore,L,Silver,Summer,5.0,No,Free Shipping,No,No,28,Credit Card,Bi-Weekly
3445,53.0,Male,Shirt,Clothing,4538, Hyderabad ,S,Green,Summer,3.8,No,2-Day Shipping,No,No,12, Google Pay ,Bi-Weekly
3446,42.0,Male,Scarf,Accessories,4496,Bengaluru,M,Magenta,Fall,4.9,No,Standard,No,No,3,google pay,Annually
3447,51.0,Female,Sneakers,Footwear,4156,Indore  ,S,Purple,Spring,5.0,No,2-Day Shipping,No,No,20,PAYTM,Weekly
3448,62.0,F,Mojaris,Footwear,4465,BHOPAL,M,Blue,Fall,4.3,No,Express,No,No,3,phonepe,Bi-Weekly
3449,,Female,Coat,Outerwear,2023,CHANDIGARH,S,Yellow,Winter,4.1,No,Express,No,No,32,cash,Fortnightly
3450,48.0,Male,Kurta,Clothing,2853,Chennai  ,M,Brown,Spring,4.5,No,Standard,No,No,35,UPI,Monthly
3451,20.0,Male,Lehenga,Clothing,5760,Vadodara,M,Pink,Spring,3.6,No,Store Pickup,No,No,31,CASH,Monthly
3452,32.0,Male,Shirt,Clothing,5398, Agra ,XL,Silver,Fall,3.0,No,Free Shipping,No,No,13,Google Pay,Annually
3453,26.0,male,Jacket,Outerwear,1329,Kolkata,M,Indigo,Spring,3.7,No,Next Day Air,No,No,3,Paytm,Fortnightly
3454,31.0,F,T-Shirt,Clothing,4414,Vadodara,L,Pink,Winter,4.3,No,Standard,No,No,48,Paytm,Bi-Weekly
3455,55.0,Male,Belt,Accessories,5214,kolkata,S,Lavender,Fall,4.6,No,Store Pickup,No,No,15,Paytm,Bi-Weekly
3702,46.0,Male,Shoes,Footwear,4884,Agra,M,Charcoal,Spring,4.5,No,Store Pickup,No,No,36, Debit Card ,Annually
3457,42.0,male,Shirt,Clothing,3812,BHOPAL,M,Red,Fall,4.6,No,Express,No,No,21,PhonePe,Monthly
3458,64.0,Female,Cap,Accessories,6407,Agra,M,Gray,Summer,3.0,No,Express,No,No,29,google pay,Fortnightly
3459,68.0,Female,Backpack,Accessories,2601,mumbai,L,Violet,Spring,3.4,No,Standard,No,No,24,Credit Card,Quarterly
3460,68.0,Female,Lehenga,Clothing,2791, Nagpur ,L,Green,Fall,3.8,No,Express,No,No,21,Credit Card,Annually
3461,41.0,Male,Shawl,Accessories,6009,Chandigarh  ,M,Gold,Spring,3.1,No,Express,No,No,5,paytm,Bi-Weekly
3462,51.0,Female,Loafers,Footwear,1896,Chandigarh,S,Maroon,Spring,4.4,No,Standard,No,No,47,Paytm,Quarterly
3463,44.0,F,Kurta,Clothing,5489,INDORE,L,Olive,Spring,4.5,No,Standard,No,No,34,PhonePe,Every 3 Months
3464,27.0,Male,Watch,Accessories,2045, Mumbai ,M,Yellow,Fall,2.8,No,2-Day Shipping,No,No,45, Paytm ,Fortnightly
3465,36.0,Male,Coat,Outerwear,4239,Mumbai  ,S,Peach,Winter,2.7,No,Next Day Air,No,No,12,Debit Card,Annually
3466,19.0,M,Backpack,Accessories,4033,Ahmedabad  ,M,Gold,Spring,3.4,No,Standard,No,No,31,Google Pay,Weekly
3467,49.0,Other,Kurta,Clothing,3215,Patna,S,Purple,Summer,4.6,No,Standard,No,No,43,Net Banking,Annually
3468,18.0,Female,Belt,Accessories,3294,lucknow,M,Charcoal,Fall,5.0,No,Next Day Air,No,No,5,Net Banking,Annually
3469,36.0,Male,Scarf,Accessories,6602,Ahmedabad,S,Indigo,Winter,3.5,No,Standard,No,No,36,Paytm,Quarterly
3470,36.0,male,Lehenga,Clothing,6385,Hyderabad,L,Magenta,Fall,3.3,No,Store Pickup,No,No,12, Net Banking ,Annually
3471,19.0,Female,Coat,Outerwear,4985,Surat,S,Olive,Summer,4.5,No,Free Shipping,No,No,31,Paytm,Bi-Weekly
3472,43.0,Female,Sneakers,Footwear,4925,Delhi,S,Blue,Spring,3.1,No,Store Pickup,No,No,31, Google Pay ,Bi-Weekly
3473,31.0,Female,Jeans,Clothing,3082, Chandigarh ,S,White,Summer,4.0,No,Free Shipping,No,No,15,UPI,Weekly
3474,63.0,Male,Ethnic Top,Clothing,3124,PUNE,M,Cyan,Spring,2.5,No,Express,No,No,11,debit card,Weekly
3475,41.0,Male,Kurta,Clothing,6269,Nagpur,M,Cyan,Winter,4.4,No,Store Pickup,No,No,18,debit card,Monthly
3476,48.0,Male,Boots,Footwear,6413,Varanasi  ,M,Orange,Spring,4.4,No,Express,No,No,9,Net Banking,Quarterly
3477,68.0,Male,Shoes,Footwear,7274,Vadodara,XL,Orange,Summer,3.2,No,Free Shipping,No,No,11,Credit Card,Weekly
3478,53.0,M,Wallet,Accessories,6246, Bhopal ,S,Teal,Spring,3.8,No,Store Pickup,No,No,38, Paytm ,Bi-Weekly
3479,,F,Scarf,Accessories,4143,Jaipur,M,Magenta,Fall,4.6,No,Store Pickup,No,No,42,Google Pay,Quarterly
3480,46.0,Male,Lehenga,Clothing,4390,Chennai,S,Orange,Summer,4.9,No,Standard,No,No,41,Credit Card,Monthly
3481,21.0,Male,Sandals,Footwear,6107,LUCKNOW,L,Peach,Winter,,No,Free Shipping,No,No,45,CASH,Monthly
3482,52.0,Male,Lehenga,Clothing,4840, Hyderabad ,S,Maroon,Summer,3.4,No,Store Pickup,No,No,41,NET BANKING,Bi-Weekly
3483,66.0,Female,Backpack,Accessories,4708,Chennai,M,Gold,Winter,3.9,No,Next Day Air,No,No,35,Cash,Weekly
3484,19.0,F,Ethnic Top,Clothing,2931,Lucknow,L,White,Winter,3.9,No,Express,No,No,21,PhonePe,Every 3 Months
3485,44.0,female,Jeans,Clothing,5480,Chandigarh  ,L,Gray,Fall,4.2,No,Free Shipping,No,No,13,Cash,Bi-Weekly
3486,50.0,Male,T-Shirt,Clothing,1479,Lucknow,XL,Brown,Winter,3.4,No,Standard,No,No,23,,Fortnightly
3487,51.0,Male,T-Shirt,Clothing,6606,ahmedabad,L,Charcoal,Winter,4.9,No,Standard,No,No,6,UPI,Weekly
3488,25.0,Male,Mojaris,Footwear,1647, Mumbai ,L,Beige,Fall,2.9,No,Store Pickup,No,No,39,PAYTM,Annually
3489,62.0,Male,Jacket,Clothing,2072,Ahmedabad,XL,Teal,Spring,4.9,No,Store Pickup,No,No,7,UPI,Quarterly
3490,48.0,Female,Trousers,Clothing,2022,Indore,L,Black,Summer,4.6,No,2-Day Shipping,No,No,32,Paytm,Every 3 Months
3491,62.0,female,Sneakers,Footwear,6060,Chennai,M,Violet,Spring,3.6,No,Store Pickup,No,No,43,Paytm,Quarterly
3492,22.0,Female,Jacket,Clothing,2225,Bengaluru,M,Orange,Winter,4.3,No,Express,No,No,15,paytm,Monthly
3493,48.0,Female,Wallet,Accessories,5010,BHOPAL,M,Turquoise,Fall,4.6,No,Standard,No,No,48,UPI,Annually
3494,48.0,Female,Lehenga,Clothing,6298,Patna,XL,Black,Winter,4.7,No,Store Pickup,No,No,35,Debit Card,Weekly
3495,62.0,M,Shawl,Accessories,2687, Patna ,M,Silver,Winter,3.5,No,Free Shipping,No,No,41,phonepe,Quarterly
3496,24.0,Female,Ethnic Top,Clothing,2631,lucknow,XL,Gray,Spring,2.8,No,Free Shipping,No,No,14,Debit Card,Weekly
3497,39.0,Male,Shoes,Footwear,2889,hyderabad,M,Pink,Summer,4.0,No,Free Shipping,No,No,22,GOOGLE PAY,Monthly
3498,35.0,Other,Sunglasses,Accessories,3717, Jaipur ,M,Red,Spring,4.3,No,Store Pickup,No,No,16,Google Pay,Every 3 Months
3499,47.0,Male,Boots,Footwear,2545,mumbai,M,Lavender,Summer,3.8,No,Standard,No,No,2,Cash,Bi-Weekly
3500,22.0,Male,Kurta,Clothing,2022, Agra ,L,Indigo,Fall,3.0,No,Next Day Air,No,No,13,debit card,Every 3 Months
3501,38.0,F,Kurti,Clothing,3409,DELHI,S,Silver,Fall,4.6,No,Next Day Air,No,No,38,PhonePe,Fortnightly
3502,53.0,Male,Mojaris,Footwear,6557,pune,M,Silver,Fall,,No,Standard,No,No,43,Cash,Weekly
3503,31.0,Male,Cap,Accessories,4485,Nagpur,M,Green,Fall,4.7,No,Next Day Air,No,No,26,PhonePe,Quarterly
3504,31.0,Male,Trousers,Clothing,7003, Bengaluru ,M,Pink,Spring,3.9,No,Free Shipping,No,No,39,Paytm,Weekly
3505,65.0,Male,Scarf,Accessories,2918, Varanasi ,S,Violet,Fall,4.0,No,Next Day Air,No,No,50,Paytm,Monthly
3506,48.0,,Cap,Accessories,3005,Varanasi,L,Red,Winter,3.7,No,2-Day Shipping,No,No,40,Google Pay,Every 3 Months
3507,18.0,F,Kurti,Clothing,4116,Bengaluru,L,Olive,Winter,3.7,No,2-Day Shipping,No,No,12,Paytm,Fortnightly
3508,46.0,M,Handbag,Accessories,4929,Bengaluru,S,Purple,Spring,4.2,No,Store Pickup,No,No,33,Cash,Every 3 Months
3509,52.0,M,Lehenga,Clothing,4077, Nagpur ,M,Gray,Fall,4.7,No,Standard,No,No,49,Paytm,Weekly
3510,50.0,Female,Ethnic Top,Clothing,1563,Pune,L,Brown,Winter,4.3,No,Next Day Air,No,No,43,PhonePe,Bi-Weekly
3511,49.0,Male,Shoes,Footwear,7236,kochi,S,Orange,Fall,4.9,No,2-Day Shipping,No,No,14,UPI,Monthly
3512,69.0,male,Cap,Accessories,6271,NAGPUR,M,Blue,Summer,3.9,No,2-Day Shipping,No,No,21,NET BANKING,Every 3 Months
3513,36.0,Male,Jacket,Clothing,3423, Vadodara ,M,White,Fall,3.4,No,Free Shipping,No,No,31, Debit Card ,Quarterly
3514,30.0,Female,Kurta,Clothing,5604,Patna,XL,Charcoal,Spring,4.2,No,Store Pickup,No,No,29,Credit Card,Fortnightly
3515,25.0,Other,Sandals,Footwear,3826,varanasi,XL,Gray,Winter,4.7,No,Express,No,No,32,Credit Card,Monthly
3516,19.0,Male,Kurti,Clothing,6134,VARANASI,XL,Charcoal,Winter,4.0,No,Next Day Air,No,No,16,Paytm,Bi-Weekly
3517,34.0,Male,Boots,Footwear,4068,VADODARA,S,White,Summer,4.0,No,Free Shipping,No,No,38, Paytm ,Bi-Weekly
3518,29.0,Male,Kurti,Clothing,5300,Hyderabad,M,Orange,Winter,3.1,No,Next Day Air,No,No,34,debit card,Every 3 Months
3519,50.0,Female,Kurta,Clothing,7304,Delhi,M,Black,Spring,4.2,No,Standard,No,No,30,Credit Card,Quarterly
3520,31.0,Male,Trousers,Clothing,4816,vadodara,M,White,Winter,3.7,No,Next Day Air,No,No,14,PhonePe,Fortnightly
3521,41.0,Male,Belt,Accessories,5353,Delhi,S,Brown,Spring,3.1,No,Express,No,No,33,net banking,Monthly
3522,52.0,Male,Loafers,Footwear,3585,Patna  ,M,Pink,Winter,3.7,No,Store Pickup,No,No,35,Credit Card,Weekly
3523,27.0,Male,Trousers,Clothing,6333,Varanasi,M,Yellow,Spring,3.2,No,Store Pickup,No,No,13,Credit Card,Quarterly
3524,49.0,Female,Wallet,Accessories,4373,varanasi,M,Cyan,Summer,2.8,No,Standard,No,No,30, Cash ,Fortnightly
3525,69.0,F,Kurti,Clothing,5376,Lucknow,L,Silver,Summer,2.9,No,Free Shipping,No,No,30,Credit Card,Monthly
3526,45.0,Male,Backpack,Accessories,2721, Chandigarh ,L,Olive,Winter,3.5,No,Standard,No,No,47,Paytm,Annually
3527,20.0,Male,Ethnic Top,Clothing,7472,Jaipur,M,Olive,Spring,3.8,No,Express,No,No,1,Cash,Every 3 Months
3528,25.0,M,Jacket,Clothing,7175,JAIPUR,S,Charcoal,Spring,4.7,No,Free Shipping,No,No,1,paytm,Weekly
3529,38.0,Female,Wallet,Accessories,5014, Chennai ,L,Gray,Summer,4.5,No,Free Shipping,No,No,33, Debit Card ,Annually
3530,55.0,F,T-Shirt,Clothing,1395, Delhi ,S,Maroon,Winter,3.9,No,Next Day Air,No,No,43, Credit Card ,Weekly
3531,62.0,Male,Shawl,Accessories,3558,Nagpur  ,L,Black,Spring,3.4,No,Express,No,No,37, Net Banking ,Weekly
3532,54.0,F,Slippers,Footwear,3981,MUMBAI,XL,Violet,Winter,4.6,No,2-Day Shipping,No,No,23,Paytm,Quarterly
3533,61.0,F,T-Shirt,Clothing,5221,Patna,L,Indigo,Fall,4.6,No,Standard,No,No,12, Debit Card ,Annually
3534,50.0,Female,Sneakers,Footwear,7545,jaipur,L,Yellow,Fall,4.7,No,Standard,No,No,30,Credit Card,Fortnightly
3535,,Male,Mojaris,Footwear,6302,Hyderabad,M,Gray,Fall,3.2,No,Express,No,No,7,Net Banking,Weekly
3536,68.0,male,Kurta,Clothing,3641,Chennai,M,Red,Summer,5.0,No,Express,No,No,20,PhonePe,Monthly
3537,55.0,Male,Wallet,Accessories,1637,Chandigarh,L,Peach,Spring,4.5,No,Express,No,No,10,Paytm,Monthly
3538,57.0,Other,Shawl,Accessories,6806,Agra,M,Gray,Spring,3.5,No,Standard,No,No,40,Net Banking,Every 3 Months
3539,56.0,Female,Shoes,Footwear,4592,Bengaluru,S,White,Spring,4.5,No,Store Pickup,No,No,21,,Monthly
3540,29.0,Female,Cap,Accessories,4127, Bhopal ,S,Green,Spring,3.2,No,Express,No,No,17, Net Banking ,Bi-Weekly
3541,24.0,Other,Shirt,Clothing,7217,Agra,M,Magenta,Spring,4.6,No,Free Shipping,No,No,5,upi,Weekly
3542,59.0,Male,Jacket,Clothing,5043,agra,M,Olive,Winter,4.0,No,Next Day Air,No,No,22,net banking,Annually
3543,62.0,M,Coat,Outerwear,1995,Patna,S,Olive,Spring,4.2,No,Express,No,No,5, Debit Card ,Weekly
3544,58.0,F,Cap,Accessories,6419,Pune,M,Blue,Winter,4.1,No,Standard,No,No,18,paytm,Every 3 Months
3545,64.0,Male,Ethnic Top,Clothing,3925, Surat ,XL,Charcoal,Fall,3.6,No,2-Day Shipping,No,No,42,PhonePe,Every 3 Months
3546,48.0,Male,Mojaris,Footwear,2197, Pune ,M,Yellow,Spring,3.7,No,2-Day Shipping,No,No,22,PhonePe,Annually
3547,60.0,Female,Wallet,Accessories,5904,Ahmedabad  ,M,Violet,Summer,3.6,No,Free Shipping,No,No,37,paytm,Bi-Weekly
3548,52.0,Male,Handbag,Accessories,2305,Chennai,L,Magenta,Summer,3.8,No,Standard,No,No,23,Net Banking,Annually
3549,63.0,Male,T-Shirt,Clothing,2809,Kochi,M,Red,Fall,3.0,No,Standard,No,No,47,google pay,Fortnightly
3550,44.0,Male,Kurta,Clothing,2668,Hyderabad  ,M,Cyan,Summer,3.4,No,2-Day Shipping,No,No,11,Debit Card,Fortnightly
3551,63.0,Female,Mojaris,Footwear,5686,Lucknow,S,Orange,Winter,4.8,No,Standard,No,No,32,Credit Card,Weekly
3552,66.0,Female,Belt,Accessories,2132,Varanasi,L,Black,Spring,2.6,No,Store Pickup,No,No,20,Credit Card,Weekly
3553,22.0,Female,Watch,Accessories,4776,SURAT,M,Blue,Winter,2.9,No,Next Day Air,No,No,3,phonepe,Quarterly
3554,62.0,Male,Mojaris,Footwear,7532,vadodara,M,Charcoal,Spring,4.9,No,Free Shipping,No,No,32, Net Banking ,Weekly
3555,39.0,Female,Shirt,Clothing,4070,Varanasi,M,Indigo,Spring,5.0,No,Free Shipping,No,No,5,paytm,Fortnightly
3556,25.0,Female,,Clothing,1615,Patna,L,Silver,Spring,4.6,No,Next Day Air,No,No,45,Google Pay,Quarterly
3557,70.0,Female,Kurta,Clothing,6741,Ahmedabad,M,Brown,Fall,4.2,No,Express,No,No,43,Debit Card,Bi-Weekly
3558,52.0,Female,Jacket,Outerwear,2021, Jaipur ,M,Peach,Summer,4.9,No,Next Day Air,No,No,1,UPI,Every 3 Months
3559,68.0,Male,Shawl,Accessories,7171,INDORE,L,Magenta,Summer,4.8,No,Standard,No,No,9,Credit Card,Quarterly
3560,18.0,Male,Jeans,Clothing,1679, Agra ,M,Beige,Fall,3.0,No,Next Day Air,No,No,13,Cash,Every 3 Months
3561,18.0,Male,Ethnic Top,Clothing,7081,indore,XL,Violet,Fall,3.5,No,Express,No,No,5,Debit Card,Annually
3562,63.0,Female,Mojaris,Footwear,2361,pune,L,Black,Spring,3.4,No,Standard,No,No,39,Net Banking,Fortnightly
3563,47.0,Female,Sandals,Footwear,2718,Kochi,M,Cyan,Winter,3.4,No,Free Shipping,No,No,7,debit card,Weekly
3564,43.0,Female,Shirt,Clothing,6667,KOCHI,M,Green,Summer,4.9,No,Standard,No,No,8,Google Pay,Every 3 Months
3565,60.0,Male,Wallet,Accessories,2730,Hyderabad,S,Brown,Summer,4.4,No,Free Shipping,No,No,40, Debit Card ,Annually
3566,49.0,Male,Watch,Accessories,3769, Surat ,S,Gray,Spring,4.2,No,Store Pickup,No,No,35,credit card,Monthly
3567,28.0,Male,Trousers,Clothing,6514,Bengaluru,S,Orange,Spring,3.1,No,Next Day Air,No,No,14,paytm,Monthly
3568,32.0,female,Watch,Accessories,4262,CHENNAI,S,Silver,Summer,,No,Next Day Air,No,No,26,Net Banking,Monthly
3569,29.0,M,Shoes,Footwear,5430, Delhi ,M,Purple,Spring,4.8,No,Next Day Air,No,No,14,Credit Card,Quarterly
3570,35.0,Female,Boots,Footwear,6991,BENGALURU,M,Olive,Fall,3.3,No,Express,No,No,9, UPI ,Fortnightly
3571,23.0,Male,Lehenga,Clothing,7281,Surat,XL,Teal,Winter,4.7,No,Standard,No,No,32,Paytm,Annually
3572,70.0,Male,Jeans,Clothing,1935,Ahmedabad,M,White,Summer,3.2,No,Standard,No,No,15,PhonePe,Every 3 Months
3573,23.0,female,Trousers,Clothing,2202,Hyderabad  ,M,Black,Spring,5.0,No,Standard,No,No,25,Google Pay,Monthly
3574,43.0,Male,Ethnic Top,Clothing,4936,mumbai,L,Maroon,Fall,4.9,No,Free Shipping,No,No,27,Net Banking,Monthly
3575,29.0,Male,Kurti,Clothing,5092,Lucknow,M,Cyan,Fall,4.9,No,Express,No,No,39,Credit Card,Quarterly
3576,61.0,Male,Coat,Outerwear,7271, Hyderabad ,M,Violet,Fall,3.7,No,Express,No,No,49,Paytm,Bi-Weekly
3577,29.0,Male,Slippers,Footwear,1884,bengaluru,L,Yellow,Spring,3.0,No,Express,No,No,12, Debit Card ,Bi-Weekly
3578,66.0,Female,Cap,Accessories,2552,Mumbai,S,Yellow,Winter,2.6,No,Standard,No,No,13, Paytm ,Weekly
3579,46.0,Female,Slippers,Footwear,1634,Nagpur,L,Olive,Winter,2.6,No,Standard,No,No,22,Credit Card,Quarterly
3580,34.0,Other,Shawl,Accessories,4978,VARANASI,L,Olive,Fall,4.8,No,Standard,No,No,19,phonepe,Every 3 Months
3581,51.0,Female,Jeans,Clothing,6413,patna,M,Magenta,Summer,3.2,No,2-Day Shipping,No,No,3, Credit Card ,Bi-Weekly
3582,26.0,Male,Kurta,Clothing,7145,Chennai,M,Orange,Fall,4.9,No,Next Day Air,No,No,50,PhonePe,Weekly
3583,23.0,Female,Saree,Clothing,3226,jaipur,S,Beige,Summer,3.4,No,2-Day Shipping,No,No,15,debit card,Annually
3584,52.0,F,Jacket,Clothing,5691,KOLKATA,L,Brown,Summer,2.7,No,Store Pickup,No,No,44,credit card,Every 3 Months
3585,39.0,Female,Sandals,Footwear,3769,Chennai,L,Indigo,Fall,4.8,No,Express,No,No,48,Paytm,Monthly
3586,39.0,Male,Backpack,Accessories,3260,Lucknow,XL,Gray,Winter,4.1,No,Standard,No,No,4,UPI,Bi-Weekly
3587,33.0,Male,Ethnic Top,Clothing,1969,Ahmedabad  ,M,Yellow,Winter,4.6,No,Store Pickup,No,No,12,UPI,Bi-Weekly
3588,33.0,Male,Kurti,Clothing,6659,Pune,S,Violet,Summer,4.4,No,Standard,No,No,33,Debit Card,Annually
3589,23.0,F,Watch,Accessories,4056,Pune,M,Magenta,Spring,3.5,No,2-Day Shipping,No,No,40,Cash,Annually
3590,31.0,Male,Handbag,Accessories,5330,KOLKATA,M,Blue,Spring,4.8,No,Next Day Air,No,No,38,Cash,Every 3 Months
3591,27.0,Male,T-Shirt,Clothing,6413,Varanasi,M,Gray,Fall,2.9,No,2-Day Shipping,No,No,19,PAYTM,Every 3 Months
3592,,Female,Jacket,Outerwear,6611, Bengaluru ,M,Gold,Winter,3.2,No,2-Day Shipping,No,No,38,upi,Quarterly
3593,61.0,Male,Slippers,Footwear,6080,agra,L,Lavender,Spring,4.4,No,2-Day Shipping,No,No,18,Debit Card,Fortnightly
3594,63.0,Male,Sneakers,Footwear,6017,Surat,M,Black,Spring,4.6,No,Next Day Air,No,No,24,PhonePe,Monthly
3595,19.0,Male,Sunglasses,Accessories,6500, Hyderabad ,L,Charcoal,Summer,2.6,No,2-Day Shipping,No,No,29,Paytm,Quarterly
3596,21.0,Male,T-Shirt,Clothing,3045,BHOPAL,M,Violet,Spring,3.1,No,Store Pickup,No,No,14,Cash,Annually
3597,28.0,M,Trousers,Clothing,6124,KOLKATA,M,Charcoal,Spring,4.3,No,Standard,No,No,44,NET BANKING,Fortnightly
3598,29.0,Male,Shawl,Accessories,5253, Agra ,M,Maroon,Summer,3.1,No,Standard,No,No,18,PhonePe,Quarterly
3599,23.0,Other,T-Shirt,Clothing,5556,Hyderabad,XL,Purple,Spring,4.6,No,Store Pickup,No,No,19,Paytm,Bi-Weekly
3600,37.0,M,Watch,Accessories,2530,Surat,S,Peach,Spring,4.6,No,Express,No,No,4,Phone Pay,Weekly
3601,67.0,Female,Lehenga,Clothing,6120,Jaipur,XL,Olive,Spring,2.7,No,Free Shipping,No,No,25,PhonePe,Bi-Weekly
3602,34.0,Male,T-Shirt,Clothing,3468,chennai,M,Indigo,Summer,3.0,No,Next Day Air,No,No,3,UPI,Monthly
3603,58.0,Female,Trousers,Clothing,2550,patna,S,Magenta,Summer,3.3,No,Store Pickup,No,No,40,Net Banking,Quarterly
3604,45.0,M,Jeans,Clothing,3992,vadodara,M,Gold,Spring,2.7,No,Free Shipping,No,No,5,Paytm,Weekly
3605,63.0,Male,Shirt,Clothing,6467,chennai,M,Orange,Fall,3.3,No,Standard,No,No,17,credit card,Annually
3606,68.0,Female,Ethnic Top,Clothing,2978,indore,M,Gold,Fall,4.3,No,Store Pickup,No,No,36,upi,Every 3 Months
3607,41.0,M,Mojaris,Footwear,6932,Agra,XL,Purple,Fall,4.8,No,Express,No,No,41,phonepe,Annually
3608,50.0,Male,Backpack,Accessories,6829,Kochi,L,Charcoal,Fall,3.3,No,Standard,No,No,20, PhonePe ,Bi-Weekly
3609,24.0,Female,Watch,Accessories,4256,Indore,M,Cyan,Fall,4.3,No,Next Day Air,No,No,2,Cash,Every 3 Months
3610,21.0,F,Lehenga,Clothing,3070,surat,M,Cyan,Summer,3.0,No,2-Day Shipping,No,No,31,Credit Card,Monthly
3611,18.0,Male,Jacket,Outerwear,6405,Hyderabad,XL,Green,Fall,4.8,No,2-Day Shipping,No,No,23,Cash,Fortnightly
3612,63.0,Male,Trousers,Clothing,6002, Pune ,M,Silver,Spring,2.9,No,Standard,No,No,30,Credit Card,Annually
3613,47.0,Female,Mojaris,Footwear,2303,INDORE,M,Teal,Summer,3.6,No,Standard,No,No,26,PhonePe,Every 3 Months
3614,58.0,female,Scarf,Accessories,2011,Ahmedabad,M,Magenta,Fall,3.5,No,Store Pickup,No,No,40,CREDIT CARD,Annually
3615,46.0,Male,Backpack,Accessories,2038,Nagpur,L,Maroon,Spring,,No,2-Day Shipping,No,No,19,Net Banking,Annually
3616,35.0,Male,Kurta,Clothing,2274,indore,M,Gold,Winter,4.4,No,Free Shipping,No,No,4,Google Pay,Monthly
3617,42.0,Male,Lehenga,Clothing,1788, Lucknow ,L,Purple,Winter,3.3,No,Store Pickup,No,No,33,Cash,Fortnightly
3618,48.0,M,Wallet,Accessories,3574,lucknow,M,Lavender,Fall,4.3,No,Express,No,No,29,Cash,Monthly
3619,28.0,Male,Wallet,Accessories,5122,Mumbai,M,Maroon,Fall,4.0,No,2-Day Shipping,No,No,47,upi,Bi-Weekly
3620,44.0,Male,Belt,Accessories,5635,Jaipur  ,S,Magenta,Winter,4.9,No,2-Day Shipping,No,No,50,Net Banking,Weekly
3621,60.0,male,Boots,Footwear,5974,Nagpur,M,Turquoise,Summer,2.9,No,Express,No,No,28,Paytm,Fortnightly
3622,38.0,Male,Sandals,Footwear,2493,CHANDIGARH,XL,Silver,Summer,4.0,No,2-Day Shipping,No,No,5,Cash,Fortnightly
3623,46.0,Female,Shirt,Clothing,3215, Lucknow ,M,Purple,Fall,4.3,No,Store Pickup,No,No,12,Credit Card,Annually
3624,39.0,M,Scarf,Accessories,6626,Nagpur  ,M,Violet,Winter,2.7,No,2-Day Shipping,No,No,4,Credit Card,Weekly
3625,22.0,Male,Belt,Accessories,5973,Hyderabad  ,XL,Peach,Fall,5.0,No,Store Pickup,No,No,22,google pay,Bi-Weekly
3626,44.0,Male,Sunglasses,Accessories,7476, Indore ,L,Green,Winter,4.4,No,Express,No,No,32,PAYTM,Weekly
3627,69.0,female,Ethnic Top,Clothing,7209,Varanasi,L,Teal,Fall,3.5,No,Express,No,No,32, Google Pay ,Quarterly
3628,39.0,Female,Cap,Accessories,4216,Surat,M,Silver,Winter,3.3,No,Next Day Air,No,No,48,paytm,Every 3 Months
3629,53.0,Female,Ethnic Top,Clothing,6465,Chennai,L,Purple,Summer,3.8,No,Free Shipping,No,No,35,Cash,Monthly
3630,52.0,Other,Ethnic Top,Clothing,3422,Kolkata,L,Lavender,Summer,4.5,No,Standard,No,No,44,,Fortnightly
3631,65.0,Female,Scarf,Accessories,5327,Nagpur,M,Lavender,Winter,4.8,No,Store Pickup,No,No,29,UPI,Weekly
3632,48.0,Male,Wallet,Accessories,3655,Delhi,M,Peach,Fall,2.9,No,Store Pickup,No,No,26,Credit Card,Monthly
3633,27.0,Male,Loafers,Footwear,5370,Agra,L,Green,Spring,3.2,No,Express,No,No,3,UPI,Quarterly
3634,39.0,Female,Wallet,Accessories,3800, Hyderabad ,M,Orange,Spring,2.8,No,Free Shipping,No,No,1,Paytm,Bi-Weekly
3635,59.0,Female,Shirt,Clothing,1488, Nagpur ,M,Pink,Winter,3.3,No,Standard,No,No,17,Credit Card,Annually
3636,52.0,Female,Sneakers,Footwear,2367, Jaipur ,L,Cyan,Fall,3.3,No,Free Shipping,No,No,17,Cash,Fortnightly
3880,26.0,Male,Jeans,Clothing,4581, Lucknow ,L,Maroon,Winter,4.1,No,Free Shipping,No,No,6,Cash,Quarterly
3638,32.0,Female,Loafers,Footwear,5116,ahmedabad,L,Yellow,Winter,3.6,No,Express,No,No,32,cash,Fortnightly
3639,40.0,Male,Wallet,Accessories,1403,Surat,M,Olive,Spring,4.6,No,Express,No,No,50,Cash,Bi-Weekly
3640,26.0,Male,Coat,Outerwear,3432, Pune ,M,Brown,Summer,3.6,No,2-Day Shipping,No,No,39,PhonePe,Annually
3641,,Male,Sunglasses,Accessories,2328,KOLKATA,L,Pink,Spring,4.0,No,Next Day Air,No,No,17,Google Pay,Monthly
3642,51.0,Female,Jacket,Outerwear,3182,Delhi  ,M,Cyan,Fall,2.7,No,Free Shipping,No,No,39,PhonePe,Every 3 Months
3643,47.0,Other,Kurti,Clothing,5406,SURAT,L,Maroon,Summer,4.4,No,Store Pickup,No,No,5,NET BANKING,Annually
3644,53.0,Female,Wallet,Accessories,7395,PUNE,XL,Magenta,Fall,3.2,No,Standard,No,No,47,net banking,Annually
3645,35.0,Male,Jacket,Clothing,2242,nagpur,M,Violet,Winter,2.6,No,Next Day Air,No,No,18,Google Pay,Weekly
3646,38.0,Male,Handbag,Accessories,6659,Mumbai  ,L,Silver,Summer,3.4,No,Free Shipping,No,No,31,Paytm,Every 3 Months
3647,69.0,Male,Backpack,Accessories,5109, Jaipur ,M,Maroon,Spring,5.0,No,2-Day Shipping,No,No,39,UPI,Fortnightly
3648,47.0,Other,Jeans,Clothing,3411,Jaipur,M,Gray,Winter,2.9,No,Store Pickup,No,No,12, Net Banking ,Weekly
3649,31.0,Female,Kurta,Clothing,5180,Patna,M,White,Winter,5.0,No,Free Shipping,No,No,45,PHONEPE,Bi-Weekly
3650,68.0,Male,Trousers,Clothing,4393, Kolkata ,M,Brown,Fall,4.4,No,Standard,No,No,33, Paytm ,Fortnightly
3651,51.0,Male,Kurti,Clothing,4348, Kolkata ,M,Silver,Summer,3.5,No,2-Day Shipping,No,No,3, UPI ,Annually
3652,20.0,male,Belt,Accessories,2314, Varanasi ,M,Yellow,Spring,3.8,No,Express,No,No,5,UPI,Every 3 Months
3653,27.0,Male,Cap,Accessories,2129,Varanasi,S,Magenta,Fall,3.8,No,Store Pickup,No,No,23,Credit Card,Monthly
3654,67.0,Male,Coat,Outerwear,1436,BENGALURU,M,Blue,Spring,3.9,No,Next Day Air,No,No,39, Cash ,Fortnightly
3655,21.0,male,Sunglasses,Accessories,7316,NAGPUR,M,Green,Winter,3.3,No,Next Day Air,No,No,10,credit card,Annually
3656,20.0,Female,T-Shirt,Clothing,2145,Nagpur,M,Yellow,Fall,2.9,No,Next Day Air,No,No,4,Cash,Bi-Weekly
3657,35.0,Male,Jacket,Outerwear,5023,Bhopal  ,XL,Cyan,Spring,3.7,No,2-Day Shipping,No,No,18,Credit Card,Monthly
3658,58.0,Male,Slippers,Footwear,6020,INDORE,L,Gold,Winter,3.7,No,Express,No,No,1,PhonePe,Every 3 Months
3659,28.0,Female,Trousers,Clothing,5206,surat,M,Magenta,Fall,4.6,No,Standard,No,No,18,PhonePe,Fortnightly
3660,27.0,Male,Slippers,Footwear,5774,Patna,S,Gray,Fall,4.9,No,Store Pickup,No,No,46,Cash,Annually
3661,19.0,Male,Boots,Footwear,5685,Delhi,L,Indigo,Winter,3.1,No,2-Day Shipping,No,No,13, Net Banking ,Fortnightly
3662,63.0,M,Slippers,Footwear,2791,Nagpur,S,White,Winter,3.5,No,Next Day Air,No,No,5,,Fortnightly
3663,69.0,male,Jacket,Clothing,5937,Bengaluru  ,M,Indigo,Spring,4.9,No,Next Day Air,No,No,11,PhonePe,Weekly
3664,,F,Shawl,Accessories,4466,Surat  ,M,Green,Summer,4.4,No,Express,No,No,49,UPI,Weekly
3665,63.0,M,Jacket,Outerwear,5112,Hyderabad,M,Turquoise,Fall,4.4,No,Store Pickup,No,No,1,Paytm,Fortnightly
3666,28.0,Female,Saree,Clothing,5755,Hyderabad,M,Peach,Fall,3.4,No,Next Day Air,No,No,11,Google Pay,Quarterly
3667,67.0,Female,Sunglasses,Accessories,3803,vadodara,M,Olive,Winter,3.0,No,2-Day Shipping,No,No,47,UPI,Every 3 Months
3668,51.0,male,T-Shirt,Clothing,3275,Nagpur,L,Cyan,Fall,2.6,No,Next Day Air,No,No,20,upi,Monthly
3669,59.0,M,Trousers,Clothing,5475,agra,XL,Magenta,Summer,3.2,No,Store Pickup,No,No,18,Paytm,Annually
3670,25.0,Male,,Clothing,3786,chandigarh,S,Silver,Fall,4.6,No,Store Pickup,No,No,43,Cash,Quarterly
3671,31.0,Other,Boots,Footwear,999999,Varanasi,S,White,Winter,3.8,No,Free Shipping,No,No,4,Credit Card,Every 3 Months
3672,62.0,Female,Cap,Accessories,4840, Bengaluru ,L,Pink,Summer,4.8,No,2-Day Shipping,No,No,20,Debit Card,Quarterly
3673,51.0,F,Sneakers,Footwear,6122,Ahmedabad,S,Pink,Fall,4.5,No,Free Shipping,No,No,7,Net Banking,Monthly
3674,32.0,Male,Trousers,Clothing,2113,KOCHI,M,Pink,Summer,4.2,No,2-Day Shipping,No,No,31,cash,Fortnightly
3675,35.0,Male,Shawl,Accessories,5033,Delhi  ,M,Blue,Winter,2.7,No,2-Day Shipping,No,No,41,Credit Card,Fortnightly
3676,70.0,Male,Belt,Accessories,6048,Kochi,M,White,Winter,4.5,No,Express,No,No,3, Credit Card ,Monthly
3677,19.0,Female,Handbag,Accessories,6975,Mumbai,S,Teal,Spring,4.9,No,Free Shipping,No,No,16,Net Banking,Monthly
3678,32.0,Female,Cap,Accessories,2418,hyderabad,M,Gray,Fall,2.8,No,Standard,No,No,43,cash,Annually
3679,56.0,female,T-Shirt,Clothing,3178, Agra ,S,Beige,Fall,3.5,No,Standard,No,No,29,CASH,Fortnightly
3680,53.0,Male,Coat,Outerwear,6712,Kolkata,M,Violet,Summer,2.5,No,Store Pickup,No,No,5,NET BANKING,Bi-Weekly
3681,22.0,Female,Cap,Accessories,2650,delhi,S,Blue,Winter,2.9,No,Standard,No,No,30,UPI,Quarterly
3682,26.0,Male,Wallet,Accessories,5450,Nagpur,XL,Magenta,Fall,4.2,No,Next Day Air,No,No,33,UPI,Monthly
3683,42.0,Male,Kurta,Clothing,4510,Ahmedabad,M,Maroon,Fall,4.6,No,Store Pickup,No,No,46,PHONEPE,Bi-Weekly
3684,30.0,Male,Jacket,Clothing,5833,agra,M,Purple,Winter,3.0,No,Free Shipping,No,No,17,Phone Pay,Fortnightly
3685,29.0,Male,Shirt,Clothing,6340,DELHI,L,Charcoal,Spring,4.4,No,Free Shipping,No,No,47, Google Pay ,Bi-Weekly
3686,47.0,Female,Shirt,Clothing,3208,CHENNAI,L,Red,Summer,2.6,No,Standard,No,No,17,Google Pay,Bi-Weekly
3687,59.0,Female,Sneakers,Footwear,5240,Indore,M,Charcoal,Spring,4.8,No,Free Shipping,No,No,17,debit card,Bi-Weekly
3688,34.0,M,Jacket,Clothing,3180,kolkata,L,Lavender,Summer,2.9,No,Next Day Air,No,No,28,CASH,Every 3 Months
3689,52.0,Female,Wallet,Accessories,6762, Ahmedabad ,L,White,Spring,3.0,No,Next Day Air,No,No,8,PHONEPE,Monthly
3690,47.0,Male,Sunglasses,Accessories,2399, Patna ,L,Red,Fall,4.5,No,Standard,No,No,8,Cash,Quarterly
3691,24.0,Other,Saree,Clothing,1650,Indore,S,Violet,Fall,3.7,No,Store Pickup,No,No,4,UPI,Bi-Weekly
3692,63.0,female,Shoes,Footwear,1743,BENGALURU,XL,Orange,Summer,4.8,No,Next Day Air,No,No,24,paytm,Weekly
3693,59.0,M,Coat,Outerwear,2705,agra,L,Turquoise,Spring,4.8,No,Free Shipping,No,No,29, PhonePe ,Fortnightly
3694,66.0,Female,T-Shirt,Clothing,3558,Bhopal,M,Violet,Summer,4.7,No,2-Day Shipping,No,No,10,UPI,Weekly
3695,45.0,Male,Jacket,Clothing,3217,Indore,M,Blue,Winter,2.6,No,Express,No,No,11,cash,Bi-Weekly
3696,38.0,M,Trousers,Clothing,2504,Chandigarh,M,White,Fall,4.6,No,Standard,No,No,18,Net Banking,Fortnightly
3697,63.0,Female,Ethnic Top,Clothing,3744,LUCKNOW,L,Turquoise,Fall,3.4,No,Next Day Air,No,No,26,PhonePe,Annually
3698,55.0,Female,Shirt,Clothing,5059, Varanasi ,L,Pink,Winter,3.0,No,Standard,No,No,39,Credit Card,Weekly
3699,25.0,Female,Jacket,Clothing,3869,Hyderabad,XL,Maroon,Spring,4.0,No,2-Day Shipping,No,No,4, PhonePe ,Annually
3700,51.0,female,Cap,Accessories,4293,bhopal,M,Olive,Fall,2.6,No,Store Pickup,No,No,24,Cash,Weekly
3701,28.0,Male,Watch,Accessories,6148,Mumbai,XL,Charcoal,Summer,3.4,No,Store Pickup,No,No,2, Cash ,Every 3 Months
22,31.0,M,T-Shirt,Clothing,4777,Indore,M,Charcoal,Winter,4.1,Yes,Store Pickup,Yes,Yes,22,DEBIT CARD,Quarterly
3703,58.0,Female,Slippers,Footwear,4703,CHENNAI,M,Indigo,Spring,2.7,No,Store Pickup,No,No,36,Cash,Weekly
3704,30.0,,Slippers,Footwear,6072,Ahmedabad,S,Teal,Fall,2.9,No,Standard,No,No,23,CREDIT CARD,Every 3 Months
3705,68.0,Female,Watch,Accessories,4643,Pune,L,Black,Winter,,No,Store Pickup,No,No,36,UPI,Quarterly
3706,28.0,Male,Kurta,Clothing,4677,KOCHI,L,Teal,Summer,3.2,No,Free Shipping,No,No,2,Credit Card,Annually
3707,26.0,female,Mojaris,Footwear,4182,Bengaluru  ,M,Green,Spring,4.0,No,Store Pickup,No,No,17,phonepe,Bi-Weekly
3708,35.0,M,Watch,Accessories,5740, Vadodara ,M,Gold,Fall,3.4,No,2-Day Shipping,No,No,19,Net Banking,Weekly
3709,40.0,Female,Ethnic Top,Clothing,7093, Indore ,M,Red,Fall,4.9,No,Express,No,No,41,credit card,Monthly
3710,31.0,F,T-Shirt,Clothing,3382,agra,M,Silver,Fall,3.6,No,Free Shipping,No,No,27, Debit Card ,Quarterly
3711,60.0,F,Backpack,Accessories,2933,Agra,M,Yellow,Summer,3.6,No,2-Day Shipping,No,No,32,Paytm,Fortnightly
3712,69.0,Male,Backpack,Accessories,4750,Vadodara,XL,Peach,Fall,3.2,No,Free Shipping,No,No,33,Credit Card,Annually
3713,51.0,Other,Kurta,Clothing,5526,Varanasi  ,M,Turquoise,Spring,3.7,No,2-Day Shipping,No,No,24,cash,Quarterly
3714,49.0,Female,Sneakers,Footwear,6457,INDORE,M,Peach,Spring,2.6,No,Express,No,No,31,Debit Card,Every 3 Months
3715,18.0,Female,Watch,Accessories,2436,Ahmedabad,S,Peach,Winter,3.9,No,Express,No,No,35,Credit Card,Weekly
3716,63.0,Female,Sunglasses,Accessories,2732, Delhi ,S,Orange,Fall,3.4,No,Free Shipping,No,No,2,GOOGLE PAY,Monthly
3717,57.0,male,Kurta,Clothing,3806,Nagpur,M,Charcoal,Fall,3.4,No,Next Day Air,No,No,42,Paytm,Every 3 Months
3718,45.0,M,T-Shirt,Clothing,6479, Bhopal ,XL,White,Summer,4.2,No,Express,No,No,47,UPI,Every 3 Months
3719,36.0,M,T-Shirt,Clothing,3818,,L,Turquoise,Fall,2.9,No,Standard,No,No,44,Cash,Bi-Weekly
3720,20.0,,Saree,Clothing,6649,chennai,M,Red,Summer,4.1,No,Free Shipping,No,No,8,DEBIT CARD,Every 3 Months
3721,21.0,F,Watch,Accessories,4315,Bhopal,M,Peach,Fall,3.6,No,Free Shipping,No,No,13,Credit Card,Quarterly
3722,62.0,Male,Coat,Outerwear,4358,nagpur,L,Pink,Fall,4.0,No,Next Day Air,No,No,10,net banking,Annually
3723,23.0,Male,Jacket,Outerwear,2562,Kolkata,XL,Yellow,Fall,4.0,No,Standard,No,No,1,Paytm,Fortnightly
3724,26.0,Male,Boots,Footwear,2205,delhi,M,Beige,Spring,3.6,No,Free Shipping,No,No,1,UPI,Monthly
3725,30.0,Male,Handbag,Accessories,5438, Chennai ,L,Green,Winter,3.1,No,Express,No,No,18,Paytm,Annually
3726,18.0,Male,Kurta,Clothing,7575,Kochi  ,S,Turquoise,Winter,4.4,No,Next Day Air,No,No,2,DEBIT CARD,Annually
3727,47.0,Male,Sunglasses,Accessories,6563,Chennai,XL,Orange,Fall,4.3,No,Next Day Air,No,No,36,Google Pay,Every 3 Months
3728,41.0,M,Kurti,Clothing,6234,Delhi,M,Gold,Summer,3.5,No,Next Day Air,No,No,17,Debit Card,Bi-Weekly
3729,62.0,Male,Jacket,Outerwear,2181,vadodara,L,Red,Winter,3.0,No,Standard,No,No,1,Debit Card,Annually
3730,28.0,Female,Sneakers,Footwear,6134, Indore ,M,Teal,Spring,4.7,No,2-Day Shipping,No,No,50,Net Banking,Quarterly
3731,46.0,M,Kurti,Clothing,5778,JAIPUR,M,Teal,Summer,2.5,No,2-Day Shipping,No,No,3,UPI,Bi-Weekly
3732,54.0,Male,Handbag,Accessories,4658,Agra  ,M,Lavender,Spring,3.1,No,2-Day Shipping,No,No,45, Net Banking ,Quarterly
3733,36.0,Female,Loafers,Footwear,7067,Chennai  ,L,Pink,Spring,3.3,No,Free Shipping,No,No,28,net banking,Annually
3734,25.0,female,Shirt,Clothing,4491,Mumbai,M,Maroon,Fall,4.7,No,Next Day Air,No,No,6,UPI,Every 3 Months
3735,38.0,Female,Kurti,Clothing,6692,Surat,M,Beige,Spring,3.4,No,Next Day Air,No,No,33,Credit Card,Every 3 Months
3736,,Female,Loafers,Footwear,3439, Pune ,L,Orange,Spring,3.1,No,2-Day Shipping,No,No,29,,Annually
3737,42.0,Male,Lehenga,Clothing,4303,Hyderabad  ,M,Red,Spring,4.6,No,Store Pickup,No,No,2,DEBIT CARD,Every 3 Months
3738,19.0,Female,Belt,Accessories,1776,Delhi,S,Maroon,Winter,4.9,No,Free Shipping,No,No,43,UPI,Bi-Weekly
3739,34.0,Male,Jacket,Clothing,3548,Patna,M,Brown,Spring,2.7,No,Free Shipping,No,No,48,NET BANKING,Fortnightly
3740,38.0,Male,Wallet,Accessories,2428,VARANASI,M,Olive,Fall,4.2,No,Free Shipping,No,No,43,Debit Card,Weekly
3741,42.0,F,Jacket,Clothing,7111, Pune ,M,Silver,Summer,2.6,No,Store Pickup,No,No,26,Debit Card,Bi-Weekly
3742,58.0,Male,Kurta,Clothing,7365, Surat ,M,Purple,Spring,3.2,No,2-Day Shipping,No,No,26,net banking,Bi-Weekly
3743,56.0,Female,Kurti,Clothing,5805,kochi,M,Gray,Fall,4.4,No,Standard,No,No,50,UPI,Bi-Weekly
3744,62.0,Other,T-Shirt,Clothing,2090,agra,L,Cyan,Fall,3.6,No,Free Shipping,No,No,36,Google Pay,Quarterly
3745,24.0,Male,Lehenga,Clothing,3958,VARANASI,M,Gray,Summer,2.7,No,Next Day Air,No,No,26,Google Pay,Fortnightly
3746,60.0,Female,Kurti,Clothing,3153,Vadodara,L,Gold,Spring,4.3,No,Express,No,No,2,Debit Card,Monthly
3747,53.0,Other,Coat,Outerwear,7606,lucknow,XL,Cyan,Summer,2.6,No,Next Day Air,No,No,49,Google Pay,Monthly
3748,26.0,Male,Kurta,Clothing,4114,JAIPUR,L,Olive,Spring,4.3,No,Store Pickup,No,No,32, Debit Card ,Bi-Weekly
3749,34.0,female,Scarf,Accessories,1687,ahmedabad,M,Violet,Fall,3.9,No,2-Day Shipping,No,No,3,net banking,Annually
3750,24.0,Male,Kurta,Clothing,7227,Lucknow,L,Yellow,Winter,2.9,No,2-Day Shipping,No,No,38,Credit Card,Every 3 Months
3751,42.0,Female,T-Shirt,Clothing,6443,Nagpur,M,Gold,Fall,3.1,No,Free Shipping,No,No,5,upi,Monthly
3752,36.0,male,Cap,Accessories,7179,Mumbai  ,S,Silver,Fall,4.2,No,Free Shipping,No,No,8,Debit Card,Every 3 Months
3753,24.0,Male,Coat,Outerwear,6034, Kolkata ,L,Pink,Winter,4.1,No,2-Day Shipping,No,No,43,GOOGLE PAY,Weekly
3754,39.0,Female,Handbag,Accessories,1903,Chennai,S,Turquoise,Winter,4.2,No,Next Day Air,No,No,22,GPay,Fortnightly
3755,46.0,Female,Slippers,Footwear,3116,jaipur,M,Turquoise,Summer,4.4,No,Express,No,No,10,Paytm,Every 3 Months
3756,64.0,male,Shirt,Clothing,6955,chennai,M,Peach,Fall,3.4,No,Free Shipping,No,No,26,PAYTM,Monthly
3757,64.0,M,Jacket,Clothing,4988,vadodara,L,Teal,Spring,4.8,No,Express,No,No,42,Cash,Bi-Weekly
3758,61.0,Female,Lehenga,Clothing,3279,varanasi,L,Red,Fall,4.5,No,2-Day Shipping,No,No,33,Google Pay,Weekly
3759,61.0,Male,Shoes,Footwear,4226, Jaipur ,S,Black,Spring,2.7,No,Store Pickup,No,No,23,Cash,Quarterly
3760,44.0,Female,Mojaris,Footwear,4666,Nagpur,M,Pink,Spring,3.5,No,Store Pickup,No,No,30,Cash,Quarterly
3761,65.0,Male,Ethnic Top,Clothing,6063,Nagpur,M,Peach,Fall,3.1,No,Next Day Air,No,No,36, Cash ,Weekly
3762,60.0,Female,Backpack,Accessories,2217, Bhopal ,M,Green,Summer,2.8,No,Next Day Air,No,No,3, Credit Card ,Every 3 Months
3763,65.0,Other,Trousers,Clothing,7063,Pune,L,Green,Fall,2.9,No,Store Pickup,No,No,13,PhonePe,Annually
3764,27.0,male,T-Shirt,Clothing,1749,BENGALURU,XL,Red,Winter,4.5,No,Standard,No,No,38, Debit Card ,Every 3 Months
3765,36.0,Female,Jeans,Clothing,1390,lucknow,M,Maroon,Fall,3.5,No,Next Day Air,No,No,19,PAYTM,Monthly
3766,22.0,Female,Scarf,Accessories,3790,Mumbai,M,Green,Summer,4.3,No,Standard,No,No,14,Debit Card,Bi-Weekly
3767,62.0,Female,Shawl,Accessories,4344,Bengaluru,M,Black,Fall,4.9,No,Next Day Air,No,No,43,Paytm,Annually
3768,59.0,Male,Jeans,Clothing,3877,INDORE,XL,Black,Summer,3.1,No,Free Shipping,No,No,10,UPI,Fortnightly
3769,50.0,Female,Lehenga,Clothing,2484, Mumbai ,M,Yellow,Winter,4.0,No,Free Shipping,No,No,34,UPI,Quarterly
3770,51.0,Female,Handbag,Accessories,6590,Lucknow,L,Green,Summer,3.6,No,Standard,No,No,31,Google Pay,Annually
3771,23.0,F,Kurta,Clothing,2980,Kolkata,L,Black,Summer,4.0,No,Store Pickup,No,No,34,UPI,Weekly
3772,21.0,Female,Kurti,Clothing,6270,Chandigarh,M,Red,Winter,2.6,No,Express,No,No,28,Net Banking,Bi-Weekly
3773,44.0,Male,Saree,Clothing,1968, Pune ,L,Yellow,Fall,3.1,No,Next Day Air,No,No,35,UPI,Annually
3774,25.0,Female,Kurti,Clothing,4380,SURAT,M,Violet,Summer,3.5,No,Store Pickup,No,No,41,phonepe,Quarterly
3775,57.0,Male,Wallet,Accessories,6313, Kolkata ,S,Cyan,Winter,3.9,No,Standard,No,No,48,Cash,Fortnightly
3776,41.0,Male,Scarf,Accessories,4555,VARANASI,S,Pink,Spring,2.7,No,2-Day Shipping,No,No,45,Credit Card,Quarterly
3777,19.0,Male,Sandals,Footwear,1908,Jaipur,L,Olive,Spring,4.1,No,Standard,No,No,10,Google Pay,Fortnightly
3778,43.0,male,Kurti,Clothing,4710,Varanasi  ,M,Maroon,Fall,4.3,No,Express,No,No,9,PhonePe,Weekly
3779,25.0,Male,Slippers,Footwear,4431, Bhopal ,M,Cyan,Fall,2.9,No,Free Shipping,No,No,30, Net Banking ,Annually
3780,60.0,Male,Saree,Clothing,5748,Agra,XL,Lavender,Spring,4.0,No,Express,No,No,45, Google Pay ,Annually
3781,54.0,male,Boots,Footwear,4420,Varanasi  ,L,Yellow,Fall,4.1,No,Free Shipping,No,No,41,Credit Card,Quarterly
3782,52.0,F,Sneakers,Footwear,7356, Bengaluru ,M,Pink,Winter,3.7,No,Standard,No,No,40,GPay,Fortnightly
3783,40.0,Male,Jacket,Outerwear,3183,Surat,L,Orange,Spring,2.8,No,Free Shipping,No,No,42,Debit Card,Fortnightly
3784,39.0,Other,Scarf,Accessories,4779,Mumbai,XL,Orange,Summer,3.2,No,Free Shipping,No,No,17,debit card,Fortnightly
3785,54.0,Male,Kurta,Clothing,3889,Mumbai,M,Violet,Winter,4.5,No,Next Day Air,No,No,4,Debit Card,Annually
3786,64.0,Male,Shirt,Clothing,7150,BENGALURU,L,Lavender,Winter,3.8,No,Standard,No,No,6,UPI,Monthly
3787,31.0,Male,Boots,Footwear,3328,Kolkata,L,Yellow,Fall,3.6,No,2-Day Shipping,No,No,22, Credit Card ,Weekly
3788,37.0,Female,Kurta,Clothing,6124,Surat,M,Pink,Fall,3.6,No,2-Day Shipping,No,No,46,PhonePe,Every 3 Months
3789,43.0,Female,Cap,Accessories,4911,LUCKNOW,XL,Teal,Spring,3.2,No,Next Day Air,No,No,27,PhonePe,Monthly
3790,56.0,Female,Saree,Clothing,5447,jaipur,M,Magenta,Summer,3.8,No,Express,No,No,18,net banking,Every 3 Months
3791,27.0,,Backpack,Accessories,3190,Delhi,XL,Beige,Summer,4.4,No,Standard,No,No,31,Paytm,Weekly
3792,40.0,Male,Shawl,Accessories,3646,INDORE,M,Gray,Spring,3.7,No,Store Pickup,No,No,1,PhonePe,Weekly
3793,43.0,M,Cap,Accessories,4221,Kolkata,S,Turquoise,Summer,2.6,No,Express,No,No,2,CASH,Fortnightly
3794,62.0,male,Shawl,Accessories,1603,Jaipur  ,M,Pink,Fall,4.0,No,Standard,No,No,46,Debit Card,Annually
3795,44.0,F,,Accessories,6179, Hyderabad ,M,Violet,Summer,3.6,No,2-Day Shipping,No,No,27, Cash ,Weekly
3796,45.0,Male,Wallet,Accessories,6806,MUMBAI,M,Charcoal,Spring,2.5,No,Express,No,No,3, Net Banking ,Weekly
3797,40.0,Female,Ethnic Top,Clothing,6082,Hyderabad,M,Lavender,Fall,3.2,No,Free Shipping,No,No,47,Cash,Quarterly
3798,68.0,Male,Backpack,Accessories,3488, Delhi ,M,Gray,Summer,2.5,No,Next Day Air,No,No,20,Debit Card,Quarterly
3799,63.0,Male,Shawl,Accessories,5407,Agra  ,S,Brown,Winter,3.2,No,Next Day Air,No,No,23,Paytm,Annually
3800,60.0,Female,Jacket,Outerwear,2012,Lucknow,L,Violet,Winter,2.6,No,Store Pickup,No,No,13,upi,Monthly
3801,19.0,Female,Jacket,Clothing,1800,Surat,M,Turquoise,Fall,4.8,No,Next Day Air,No,No,12,Phone Pay,Bi-Weekly
3802,26.0,Female,T-Shirt,Clothing,6164,Agra,M,Peach,Spring,5.0,No,Store Pickup,No,No,36,credit card,Fortnightly
3803,70.0,Female,Backpack,Accessories,5464,Indore  ,S,Turquoise,Spring,3.2,No,2-Day Shipping,No,No,1,Paytm,Monthly
3804,48.0,Female,Watch,Accessories,4262, Hyderabad ,M,Violet,Spring,3.6,No,Standard,No,No,14,Phone Pay,Weekly
3805,37.0,female,Sunglasses,Accessories,5875,Mumbai,M,Olive,Fall,2.7,No,2-Day Shipping,No,No,45,UPI,Annually
3806,48.0,Female,Watch,Accessories,4452,Patna,M,Green,Fall,3.1,No,Standard,No,No,31, Cash ,Quarterly
3807,18.0,Male,Sneakers,Footwear,5299,delhi,M,Teal,Spring,3.0,No,Standard,No,No,41,Credit Card,Weekly
3808,38.0,Female,Jeans,Clothing,2876,NAGPUR,L,Peach,Spring,2.9,No,Next Day Air,No,No,36,Credit Card,Annually
3809,33.0,F,Kurta,Clothing,2165,Patna,M,Pink,Winter,4.7,No,Express,No,No,6,Net Banking,Bi-Weekly
3810,57.0,Male,Slippers,Footwear,2603, Hyderabad ,S,Maroon,Winter,3.7,No,Standard,No,No,28,,Annually
3811,46.0,Female,T-Shirt,Clothing,6028,Pune,L,Peach,Fall,3.9,No,Free Shipping,No,No,29,UPI,Monthly
3812,46.0,Female,Wallet,Accessories,2212,Nagpur  ,M,Maroon,Winter,4.0,No,Standard,No,No,14,PhonePe,Monthly
3813,50.0,M,Saree,Clothing,5767,jaipur,M,Pink,Spring,2.8,No,Next Day Air,No,No,7,Cash,Every 3 Months
3814,61.0,Male,Ethnic Top,Clothing,6841,Hyderabad,M,Orange,Summer,4.1,No,Express,No,No,31,google pay,Bi-Weekly
3815,45.0,Male,Kurti,Clothing,7162,AGRA,M,Orange,Winter,4.2,No,Free Shipping,No,No,26,Net Banking,Every 3 Months
3816,32.0,female,Backpack,Accessories,3298, Delhi ,M,Brown,Fall,4.3,No,Express,No,No,12, PhonePe ,Fortnightly
3817,29.0,Female,Coat,Outerwear,6265,Lucknow  ,S,Silver,Summer,4.3,No,Store Pickup,No,No,45,CASH,Fortnightly
3818,66.0,male,Wallet,Accessories,6933, Hyderabad ,M,Magenta,Fall,2.6,No,Express,No,No,40,Cash,Annually
3819,70.0,Male,Boots,Footwear,3170,Jaipur,XL,Indigo,Winter,3.8,No,Free Shipping,No,No,42,Paytm,Monthly
3820,36.0,Male,Kurta,Clothing,7580,Patna,S,Gold,Spring,2.9,No,Express,No,No,45,Paytm,Quarterly
3821,34.0,Female,Backpack,Accessories,4950,Kochi,M,Purple,Winter,5.0,No,Standard,No,No,34,Phone Pay,Quarterly
3822,20.0,Male,Loafers,Footwear,3638,LUCKNOW,M,Gold,Summer,4.6,No,Free Shipping,No,No,34,Net Banking,Every 3 Months
3823,70.0,Male,Backpack,Accessories,2943,kolkata,S,Gold,Spring,3.2,No,Free Shipping,No,No,17,Debit Card,Every 3 Months
3824,50.0,F,Trousers,Clothing,3250,Indore  ,M,Gold,Summer,3.0,No,Standard,No,No,27,Paytm,Weekly
3825,54.0,Male,T-Shirt,Clothing,1755,Kolkata,M,Olive,Summer,4.0,No,Free Shipping,No,No,31,Google Pay,Quarterly
3826,49.0,male,T-Shirt,Clothing,2644,Nagpur,L,Green,Fall,4.1,No,Express,No,No,47,Debit Card,Fortnightly
3827,50.0,Male,Jacket,Outerwear,2378,Lucknow,M,Gray,Summer,4.0,No,Express,No,No,25,Google Pay,Annually
3828,62.0,M,Shawl,Accessories,5569, Vadodara ,M,Red,Summer,4.1,No,Standard,No,No,47,credit card,Fortnightly
3829,42.0,M,Shirt,Clothing,6307, Vadodara ,M,Charcoal,Spring,3.4,No,Free Shipping,No,No,8,,Weekly
3830,69.0,,Jacket,Clothing,2585,Bengaluru  ,M,Indigo,Spring,2.9,No,Free Shipping,No,No,32,cash,Fortnightly
3831,22.0,Female,Shawl,Accessories,1931,varanasi,M,Indigo,Summer,3.0,No,2-Day Shipping,No,No,33,DEBIT CARD,Every 3 Months
3832,36.0,Female,Wallet,Accessories,6544,SURAT,L,Silver,Spring,4.0,No,Next Day Air,No,No,16,PHONEPE,Every 3 Months
3833,64.0,Female,Sneakers,Footwear,2767,Surat,XL,Purple,Winter,4.8,No,2-Day Shipping,No,No,27,,Weekly
3834,44.0,Male,Jacket,Outerwear,6942,hyderabad,L,Gray,Summer,,No,Free Shipping,No,No,17,Cash,Every 3 Months
3835,43.0,Male,Saree,Clothing,4475,jaipur,M,Magenta,Winter,4.1,No,2-Day Shipping,No,No,17,Credit Card,Quarterly
3836,58.0,male,Sandals,Footwear,4231,AGRA,L,Silver,Winter,2.6,No,Express,No,No,28,Google Pay,Bi-Weekly
3837,62.0,Female,,Clothing,6153,Nagpur,M,Violet,Spring,2.5,No,Free Shipping,No,No,38,CREDIT CARD,Fortnightly
3838,45.0,Female,Jeans,Clothing,7539,Chandigarh,M,Green,Spring,4.8,No,Free Shipping,No,No,33,UPI,Fortnightly
3839,47.0,Male,Shirt,Clothing,2040,Jaipur,L,Green,Summer,4.2,No,Express,No,No,24,Paytm,Every 3 Months
3840,66.0,Male,Loafers,Footwear,1986,Lucknow,M,Peach,Spring,3.9,No,Free Shipping,No,No,14,PhonePe,Quarterly
3841,30.0,Male,Saree,Clothing,3158, Vadodara ,M,Turquoise,Spring,3.7,No,Express,No,No,5,Google Pay,Fortnightly
3842,68.0,Male,Saree,Clothing,4239,,L,Pink,Fall,4.2,No,2-Day Shipping,No,No,8,CREDIT CARD,Monthly
3843,35.0,F,Jacket,Outerwear,6465,,L,Lavender,Winter,4.2,No,Next Day Air,No,No,42,PhonePe,Monthly
3844,64.0,M,Handbag,Accessories,5418,ahmedabad,L,Silver,Winter,4.0,No,Free Shipping,No,No,48, Paytm ,Every 3 Months
3845,30.0,female,Saree,Clothing,6723,Pune,S,Cyan,Fall,5.0,No,Next Day Air,No,No,40,Cash,Quarterly
3846,58.0,M,Lehenga,Clothing,3706,Nagpur,M,Green,Winter,4.9,No,Standard,No,No,46,PhonePe,Annually
3847,57.0,Female,Kurti,Clothing,4227, Surat ,L,Orange,Summer,4.0,No,Express,No,No,40,Paytm,Every 3 Months
3848,60.0,F,Kurti,Clothing,2414, Varanasi ,S,Blue,Fall,3.2,No,2-Day Shipping,No,No,31,Paytm,Fortnightly
3849,22.0,Female,Shawl,Accessories,4401,Surat  ,M,Magenta,Winter,3.0,No,Next Day Air,No,No,39,Paytm,Every 3 Months
3850,46.0,Male,Saree,Clothing,5256,DELHI,S,Cyan,Winter,2.6,No,Express,No,No,36,credit card,Fortnightly
3851,27.0,M,Wallet,Accessories,5649,kochi,L,Indigo,Summer,4.4,No,2-Day Shipping,No,No,25,Cash,Every 3 Months
3852,50.0,Male,Sunglasses,Accessories,6311,chennai,M,Pink,Summer,3.9,No,Free Shipping,No,No,24,Paytm,Annually
3853,65.0,Male,,Accessories,5895,chandigarh,M,Peach,Fall,4.0,No,2-Day Shipping,No,No,19, PhonePe ,Weekly
3854,61.0,female,Backpack,Accessories,5576,Indore,M,Lavender,Fall,4.0,No,Store Pickup,No,No,49, Cash ,Bi-Weekly
3855,57.0,Female,Ethnic Top,Clothing,1347,mumbai,M,Black,Spring,4.2,No,Free Shipping,No,No,4,upi,Annually
3856,40.0,M,Saree,Clothing,4629,ahmedabad,XL,Lavender,Summer,4.4,No,Next Day Air,No,No,36,Phone Pay,Quarterly
3857,39.0,male,Sneakers,Footwear,5731,Chandigarh  ,S,Brown,Summer,2.5,No,Free Shipping,No,No,8,Credit Card,Quarterly
3858,42.0,Male,Shawl,Accessories,1757,Vadodara,S,Yellow,Summer,3.1,No,Store Pickup,No,No,29, Paytm ,Every 3 Months
3859,30.0,Female,Trousers,Clothing,5783,bengaluru,M,Olive,Winter,3.5,No,Store Pickup,No,No,26,Net Banking,Quarterly
3860,65.0,Other,Lehenga,Clothing,6608,,S,Blue,Fall,3.0,No,2-Day Shipping,No,No,47,Cash,Bi-Weekly
3861,57.0,M,Belt,Accessories,4683, Chandigarh ,M,Turquoise,Summer,4.4,No,Next Day Air,No,No,44,upi,Annually
3862,64.0,Male,Jacket,Outerwear,4084,Indore,M,Yellow,Spring,4.9,No,Standard,No,No,49,Credit Card,Monthly
3863,56.0,Female,Shirt,Clothing,3503,Vadodara,L,Turquoise,Winter,2.8,No,Next Day Air,No,No,9,GPay,Monthly
3864,40.0,female,Wallet,Accessories,2728,Indore,M,Orange,Summer,3.3,No,Free Shipping,No,No,28,Google Pay,Fortnightly
3865,55.0,,Kurta,Clothing,7340,Lucknow,S,Blue,Winter,4.9,No,Express,No,No,1,net banking,Fortnightly
3866,25.0,Female,Lehenga,Clothing,3218,Vadodara,M,Olive,Spring,4.2,No,Store Pickup,No,No,28,net banking,Every 3 Months
3867,58.0,F,Scarf,Accessories,2246,Kolkata,M,Beige,Winter,3.3,No,2-Day Shipping,No,No,33, Google Pay ,Fortnightly
3868,46.0,Female,Jacket,Outerwear,1733,Agra  ,L,Lavender,Summer,2.7,No,Standard,No,No,28, UPI ,Monthly
3869,18.0,Female,Saree,Clothing,2065,HYDERABAD,XL,Magenta,Winter,3.3,No,2-Day Shipping,No,No,9,Cash,Annually
3870,26.0,Male,Coat,Outerwear,4652,Patna,L,Cyan,Spring,3.8,No,Free Shipping,No,No,28,phonepe,Annually
3871,61.0,Female,Boots,Footwear,3467, Kochi ,L,Lavender,Fall,3.2,No,Next Day Air,No,No,19,UPI,Every 3 Months
3872,55.0,Male,Kurti,Clothing,7422,bengaluru,M,Black,Fall,4.1,No,2-Day Shipping,No,No,20,net banking,Every 3 Months
3873,41.0,male,Jacket,Outerwear,6926,Lucknow,M,Green,Spring,4.3,No,Standard,No,No,3,Cash,Monthly
3874,42.0,M,Slippers,Footwear,3228,kolkata,L,Silver,Summer,4.0,No,Standard,No,No,22,UPI,Weekly
3875,70.0,,Kurta,Clothing,3893,Delhi,XL,Beige,Summer,3.9,No,2-Day Shipping,No,No,33,Cash,Bi-Weekly
3876,63.0,Male,Cap,Accessories,3780,Kochi,M,Pink,Winter,3.3,No,2-Day Shipping,No,No,21,UPI,Annually
3877,60.0,Male,Shoes,Footwear,6176, Ahmedabad ,S,Cyan,Fall,2.6,No,2-Day Shipping,No,No,7,Google Pay,Annually
3878,28.0,Female,Lehenga,Clothing,7356,Agra,M,Olive,Spring,4.2,No,Next Day Air,No,No,46,DEBIT CARD,Monthly
3879,60.0,Female,Handbag,Accessories,3262,kochi,M,Pink,Summer,3.4,No,2-Day Shipping,No,No,24,CASH,Annually
3880,26.0,Male,Jeans,Clothing,4581, Lucknow ,L,Maroon,Winter,4.1,No,Free Shipping,No,No,6,Cash,Quarterly
3881,42.0,Male,Trousers,Clothing,1589,Nagpur  ,M,Red,Winter,3.9,No,Free Shipping,No,No,40,Cash,Monthly
3882,56.0,Female,Shawl,Accessories,1732,,L,Silver,Spring,2.8,No,2-Day Shipping,No,No,17,PhonePe,Weekly
3883,35.0,Other,Shirt,Clothing,7178,Kolkata,L,Blue,Fall,2.6,No,Free Shipping,No,No,24,Debit Card,Fortnightly
3884,34.0,Female,Belt,Accessories,2829, Chandigarh ,XL,Purple,Fall,4.0,No,Next Day Air,No,No,22,Debit Card,Fortnightly
3885,47.0,Male,Sandals,Footwear,2131,Pune,M,Brown,Fall,4.9,No,Express,No,No,3,UPI,Weekly
3886,49.0,Female,Jacket,Clothing,4634,nagpur,L,Purple,Winter,3.2,No,Free Shipping,No,No,39,PhonePe,Quarterly
3887,37.0,Male,Watch,Accessories,6774,Delhi,S,Brown,Summer,3.9,No,Express,No,No,40,Debit Card,Quarterly
3888,40.0,female,Shirt,Clothing,2638, Chennai ,M,Charcoal,Spring,2.7,No,Express,No,No,1,Paytm,Quarterly
3889,45.0,Female,Sneakers,Footwear,5345,Jaipur,M,Violet,Spring,3.4,No,Standard,No,No,14,UPI,Bi-Weekly
3890,57.0,Female,Saree,Clothing,4749,VADODARA,S,Yellow,Spring,3.5,No,Express,No,No,49,upi,Annually
3891,35.0,Female,Kurta,Clothing,6203,mumbai,XL,Green,Winter,2.6,No,Standard,No,No,33,UPI,Annually
3892,36.0,Male,Kurta,Clothing,2127,Chandigarh  ,L,Peach,Winter,4.7,No,Free Shipping,No,No,6,paytm,Quarterly
3893,35.0,,Backpack,Accessories,6504,Kolkata,L,Indigo,Summer,3.5,No,Standard,No,No,5,Net Banking,Fortnightly
3894,21.0,Male,Cap,Accessories,4864,,L,White,Fall,3.3,No,Store Pickup,No,No,29,Paytm,Bi-Weekly
3895,66.0,Female,Jeans,Clothing,5953,Hyderabad,L,White,Spring,3.9,No,2-Day Shipping,No,No,44,Google Pay,Every 3 Months
3896,40.0,Male,Jeans,Clothing,1966,Vadodara  ,L,Turquoise,Summer,4.2,No,2-Day Shipping,No,No,32,Net Banking,Weekly
3897,52.0,Female,Scarf,Accessories,3695,Chandigarh  ,L,White,Spring,4.5,No,Store Pickup,No,No,41,CREDIT CARD,Bi-Weekly
3898,46.0,Female,Handbag,Accessories,2438,CHENNAI,L,Green,Spring,2.9,No,Standard,No,No,24,Phone Pay,Quarterly
3899,44.0,male,Shoes,Footwear,5949,Surat,S,Brown,Summer,3.8,No,Express,No,No,24,credit card,Weekly
3900,52.0,Male,Sunglasses,Accessories,6094,vadodara,M,Beige,Spring,3.1,No,Store Pickup,No,No,33,UPI,Quarterly
